theta,omega
2.3095757840,-1.1452320228
2.4474049613,-1.1332806939
3.0357645006,-0.8442063311
2.2867007267,-1.1649209118
3.1163836072,-0.5512933757
2.4927686086,-1.1266013937
3.0954618888,-0.8508585141
2.1765581063,-1.2898462732
2.9849405441,-0.6588642469
2.8920978357,-0.9811406417
3.0328926698,-0.8332850196
2.2610812890,-1.1812912264
3.0977892343,-0.5687550263
2.4211492084,-0.9350509743
3.0428267228,-0.8166834201
2.1738696642,-1.2596522048
2.9989092476,-0.6471601831
3.0962239874,-0.4287796716
2.6424477441,-0.7764639511
2.4363259493,-1.1290601029
3.0318961077,-0.8405996595
2.2825253521,-1.1666875968
3.1132937070,-0.5522701353
2.1301099663,-1.1420541363
3.0311441539,-0.6208937112
3.0070119455,-0.9256216611
2.8539719438,-0.7193588999
2.7095017766,-0.8341078695
2.4585736303,-1.0875776537
3.1063751534,-0.8495174302
2.2421833398,-1.2700153302
3.0379123017,-0.6173205008
2.4430627721,-1.1107598181
3.0445044818,-0.8486496870
2.2577986656,-1.1877918684
3.0848557809,-0.5753113260
2.3331835518,-0.9996396396
3.0375864708,-0.8390997606
2.2685273203,-1.1765253553
3.1047961273,-0.5644259702
3.0317006428,-0.8413869007
2.3034373614,-1.1473351917
2.4452136124,-1.1120654309
3.0449556500,-0.8490437746
2.2567883643,-1.1829435734
3.0947601720,-0.5695385681
3.1116309761,-0.8858097266
2.1624039586,-1.2879858256
2.9697705049,-0.6651251205
2.4878421315,-1.1629356212
3.0505287470,-0.8502511019
2.2330679184,-1.2021325693
3.0688620109,-0.5894776717
2.8372222264,-0.6257050440
2.3613813287,-1.1054338207
3.0981494346,-0.7600907550
3.0991395797,-0.8903697297
2.1790485096,-1.2575807988
2.9960066146,-0.6447657069
2.5961334202,-0.9684860767
2.4384935438,-1.1231862440
3.0352107989,-0.8433551531
2.2874396996,-1.1646097636
3.1169300737,-0.5511201609
3.0725906691,-0.8538652733
2.1715486068,-1.2601007404
2.9976114493,-0.6470496386
2.5808746517,-0.8201410583
2.8359130890,-0.7731220046
3.0071410421,-0.6013954799
2.5037565030,-1.1232479431
3.1262649820,-0.8462826659
2.5746468228,-1.1217201595
3.1307039411,-0.8460762108
2.7129950235,-1.0573565445
2.4423929328,-0.9220991367
2.4430839790,-1.1240986097
3.0383084863,-0.8441683210
2.2803755711,-1.1657865256
3.1189664040,-0.5523578858
2.5743586663,-1.0966872934
3.0371531957,-0.8127264103
2.1709089381,-1.2649955842
2.9873320937,-0.6504935894
3.0628010511,-0.7942237429
2.2553627896,-1.2649451785
3.0492931405,-0.6085000934
2.4751429331,-1.1295636628
3.0682794979,-0.8500866346
2.1751476649,-1.2626046609
2.9907503329,-0.6492515257
3.0509456172,-0.4630733919
2.9041323814,-0.5749327116
2.6377979572,-1.0955222710
2.9227760965,-0.5593412819
2.7128400376,-0.8725618756
2.4464329368,-1.1083591471
3.0490976399,-0.8498826054
2.2477433860,-1.1975569375
3.0723278259,-0.5863138764
2.9921185375,-0.9308526089
2.9455584948,-0.6491500216
2.3178128565,-1.2402063171
3.0980508349,-0.5654274368
3.0503865371,-0.7966351342
2.1950954294,-1.2858421146
2.9987011309,-0.6485685357
3.0397038149,-0.9116428581
2.5966700672,-0.9221089859
2.8004598230,-0.6524841662
2.6862327627,-0.8526006140
2.4533941185,-1.1018978582
3.0621740114,-0.8516007990
2.1951963718,-1.2362611956
3.0254945684,-0.6245606129
2.4566578079,-0.9116056517
3.0380372380,-0.8253863801
2.2145961460,-1.2217228990
3.0449799987,-0.6112758975
2.5138769858,-1.1177797007
2.8241423867,-0.9920197050
2.6397455218,-0.9278772681
2.5122857373,-0.8710205623
2.5450082817,-1.1079470059
3.0310766527,-0.8298854265
2.2561666380,-1.1909332715
3.0813843028,-0.5795231806
2.7798871519,-1.0137323273
2.5138700365,-1.0357638742
3.0428337983,-0.8106490958
2.1681408681,-1.2751346862
2.9792647190,-0.6597114155
2.7785672382,-1.0324210922
2.5898085477,-1.0912443389
3.0896540527,-0.8496474882
2.1774025769,-1.2897153449
2.9783438406,-0.6587943925
2.8115458209,-1.0165033661
2.7827550607,-0.8153038097
3.0659265862,-0.8507503525
2.1869983892,-1.2519685514
3.0034748340,-0.6404310766
2.8821309232,-0.9698881067
3.0408183437,-0.8182351751
2.1795257433,-1.2525705662
3.0064885387,-0.6404391704
2.5233671631,-1.1159234230
2.1911051673,-1.1019139352
3.0859090888,-0.5716485924
2.6485876527,-0.7706470843
2.8170026077,-0.7855292009
3.1027310719,-0.5334706250
2.8637139148,-0.9794103126
2.6034997976,-0.9584682055
2.8350884368,-0.6269420937
2.3850248386,-1.0879086391
3.0462282606,-0.8164381266
2.1673376487,-1.2677508696
2.9904432071,-0.6541667922
3.0834361311,-0.7723357985
2.6414282934,-1.0926134367
3.0577938316,-0.7996521050
2.1935902397,-1.2861495595
2.9977097822,-0.6489885680
2.4769028350,-0.8963650757
2.5876496874,-0.9760431926
3.0526403488,-0.9067518342
2.4894346229,-1.0049146079
3.0999854239,-0.7513921690
2.6986971470,-0.7319607801
3.0773223607,-0.8508858920
2.1564323941,-1.2778716465
2.9791289399,-0.6608462287
2.7182560017,-1.0539746800
2.8059243595,-1.0036543445
3.0476538105,-0.9113232919
2.5538637474,-0.9510534403
2.6358057836,-0.9356415667
3.1387954153,-0.8455646535
2.9618003956,-0.9532971786
3.1304538156,-0.5136555818
3.1043937510,-0.8493703407
2.2331812164,-1.2727448897
3.0310959516,-0.6213476080
2.7587191035,-1.0211302414
2.4359168080,-1.1281014780
3.0319769743,-0.8407753854
2.2828238748,-1.1664390101
3.1136329469,-0.5519991424
2.4523197820,-1.1068204455
3.0548388658,-0.8517116722
2.2337012821,-1.2048173598
3.0666840858,-0.5938536773
2.7426499082,-0.6987941987
3.0960417084,-0.5362950499
2.4813193537,-1.0706555486
2.8495291986,-0.7613678455
2.9132938308,-0.6782999797
2.2213717062,-1.2156268986
3.0528367052,-0.6046725857
3.0651412201,-0.8544981816
2.1965751769,-1.2359952290
3.0262368623,-0.6247092590
3.0410178350,-0.8072754022
2.1602419917,-1.2815241361
2.9786365413,-0.6642151215
2.5872949330,-1.1162697937
3.0380350751,-0.8241602616
2.2082082407,-1.2267196318
3.0383629205,-0.6159947672
2.0785427191,-1.1796081522
2.9716963144,-0.6633831140
2.5357462454,-1.1417479967
3.0432288201,-0.8172827903
2.1673622684,-1.2636583960
2.9933520228,-0.6497176493
3.0684231493,-0.7782235261
2.6237905967,-1.0996761390
2.6097882596,-1.0814417175
2.6479341323,-0.9264644235
2.3224445345,-1.0076393348
3.0341308725,-0.8214657412
2.1989048185,-1.2365799346
3.0204215198,-0.6243073663
3.0516268210,-0.8543148821
2.2588242605,-1.1839151996
3.0945535706,-0.5719921886
2.0436344401,-1.2004641035
2.9398351994,-0.6871849226
2.1629591788,-1.2778924300
2.9754694979,-0.6601465460
2.7127762140,-1.0593001484
2.3529297997,-0.9894238480
3.0422693772,-0.8478414158
2.2728894234,-1.1713122594
3.1111895377,-0.5579730321
2.4685529419,-1.0834513914
3.1164955216,-0.8459697866
2.4186956667,-1.1921752115
3.0959813581,-0.7641109776
2.3257548318,-1.0063357278
3.0346296231,-0.8241020285
2.2111260790,-1.2272570739
3.0328388350,-0.6158285372
2.4668692722,-1.1319143813
3.0521731566,-0.8506119016
2.2291424180,-1.2058998124
3.0640831199,-0.5936178251
2.1424334058,-1.1337648981
3.0433704905,-0.6113737512
3.1216813319,-0.8479620566
2.4618148160,-1.1735303168
3.0312133870,-0.8354478873
2.2664865566,-1.1801391784
3.0950373337,-0.5668841012
3.0440679592,-0.8499019053
2.2689463041,-1.1794186167
3.0965447399,-0.5668507360
3.0461772615,-0.8531179824
2.2739700920,-1.1701771906
3.1126274463,-0.5566272807
2.6268274517,-0.9388768895
2.9909206855,-0.5104441972
2.8135096370,-0.6428811131
2.5649412703,-0.9454954416
2.8200555137,-0.6406043023
2.5431250173,-0.9609317773
2.7179539819,-1.0585140347
2.5936303149,-0.9738193270
3.0632943797,-0.9068224572
2.4392222113,-1.0408191129
3.1226505143,-0.8437192464
2.6127682983,-1.1064706072
2.6307959340,-0.7802386895
2.5333862732,-1.0220230858
3.0381322823,-0.8501727194
2.3131314196,-1.1404441817
3.0613343416,-0.8531184299
2.2099814075,-1.2249192059
3.0405243718,-0.6141658071
3.0704230439,-0.9028318334
2.3650557549,-1.0970933138
3.0586340247,-0.7907243479
2.2882912836,-1.2521324721
3.0719399829,-0.5847486085
3.0679252811,-0.9018437532
2.3738040771,-1.0954706600
3.0628118422,-0.7948208493
2.2560088884,-1.2641807038
3.0505686498,-0.6065152353
2.7259299839,-0.8616217334
2.4451798832,-1.1175190052
3.0418328873,-0.8474404844
2.2767690747,-1.1688008162
3.1148817853,-0.5556434750
2.5771087650,-1.0958949759
3.0286343009,-0.8271952386
2.2418514433,-1.1996185593
3.0683857139,-0.5869683397
2.4952884222,-1.1241661650
3.1144785608,-0.8453003015
2.4200093169,-1.1955344044
3.1223315221,-0.7390804069
2.2350020587,-1.0689269779
3.1388764495,-0.5351156837
3.0470632863,-0.8012701740
2.1702989121,-1.2899905325
2.9738804219,-0.6616647209
2.6389117467,-1.0929124657
2.5656441743,-0.9968802073
2.4802696582,-0.8957589079
3.0665499701,-0.9023176263
2.3843394235,-1.0872071570
3.0443564176,-0.8174850592
2.1701045804,-1.2629738938
2.9949615279,-0.6497973662
3.0525874433,-0.8522690142
2.2283810893,-1.2110879979
3.0532197101,-0.5989711081
3.0939675382,-0.8516060587
2.1704225610,-1.2904282434
2.9807424700,-0.6621280765
2.6893500915,-1.0690408740
2.9300792510,-0.5567465530
3.0655376991,-0.4527244017
2.5132651005,-1.1177195707
2.8316913219,-0.9910741281
2.0978200187,-1.1633777921
2.9997248333,-0.6450719033
2.4360015649,-1.1224587245
3.0335316963,-0.8430619823
2.2844891945,-1.1650671894
3.1155106488,-0.5505135560
2.8497430447,-0.9863635581
2.6196610333,-0.9511497932
3.0319140813,-0.8452880907
2.3150060030,-1.1372512692
3.0370534653,-0.8249097555
2.2059183100,-1.2265125498
3.0376788222,-0.6148223056
2.7892070150,-0.6633761983
2.7910654746,-0.7667786365
3.1244024737,-0.5165978713
3.0359567623,-0.8198552696
2.2000257479,-1.2391523604
3.0187397053,-0.6282247783
3.0411375765,-0.8107975809
2.1670812176,-1.2737169077
2.9797370301,-0.6581871822
2.8547029010,-0.9988374308
2.9396666333,-0.5452304181
2.5862492888,-1.0914984939
3.0862867179,-0.8536074882
2.1584298640,-1.2848188769
2.9760264361,-0.6656696420
2.5162910859,-1.1486921992
3.1236288484,-0.8435860603
2.6387950917,-1.0945651765
2.1175007020,-1.1497591260
3.0200169745,-0.6270386222
3.0360042233,-0.9122721998
2.6177589279,-0.9051397415
2.6727285330,-0.9057460332
2.1428611470,-1.1325462766
3.0453590703,-0.6070427569
2.8402569271,-0.7706557884
2.9870079361,-0.6175298794
2.5276659814,-1.0236746408
3.0300487313,-0.8429714335
2.3070331720,-1.1422826953
3.0880354010,-0.8500327484
2.1724957912,-1.2893422137
2.9746785420,-0.6635946395
2.5805440466,-1.1218219242
3.1142860737,-0.8462883289
2.4123880896,-1.1984354327
3.0655105954,-0.8538072943
2.1877364260,-1.2424753721
3.0175899189,-0.6302998321
2.8522548680,-0.6162032596
2.2611289904,-1.1829925613
3.0963882368,-0.5710051558
2.6408149321,-0.7755473515
3.0757464264,-0.7758880270
2.8349633508,-1.0079010568
3.0266652928,-0.8339872914
2.2811725953,-1.1677963442
3.1117785347,-0.5534556596
2.4347103760,-1.1205384276
3.0331176931,-0.8435378408
2.2814557925,-1.1661735384
3.1189570107,-0.5534899988
3.1222181003,-0.8454902441
2.5664151894,-1.1280010073
2.2073029207,-1.0905708938
3.1020250512,-0.5605076385
3.0432481281,-0.8058771201
2.1613103947,-1.2850727296
2.9706042165,-0.6643478851
2.5168547274,-1.1494397616
3.1198579736,-0.8452525298
2.4933895017,-1.1574490279
3.0769160457,-0.8524275351
2.1656290531,-1.2699769292
2.9881708328,-0.6560737875
3.0933428466,-0.9054969424
2.2525703580,-1.1927449755
3.0783991523,-0.5809868509
3.0726201819,-0.9023016990
2.3508561907,-1.1084564358
3.1039697155,-0.7481755631
2.1066994219,-1.1603362637
2.9996534309,-0.6407202273
2.6173246983,-0.7936606287
3.0474505995,-0.9106649741
2.5466617648,-0.9559174012
3.0348239545,-0.8325824421
2.2482246113,-1.1973505510
3.0726990914,-0.5861588736
3.0257782078,-0.9189991756
2.7232366222,-0.8201027825
3.0310727073,-0.8429720022
2.3073453385,-1.1430551511
3.1239418995,-0.8455633769
2.5657036360,-1.1242841713
3.0330898640,-0.8455929521
2.2900443262,-1.1591681143
3.1285242497,-0.5459477166
2.8328223430,-0.9897451416
3.0667936696,-0.7875322520
2.3742012350,-1.2132228629
3.0404383210,-0.8190712191
2.1783102451,-1.2521944346
3.0062950431,-0.6395593319
2.4473751832,-1.1077883569
3.0503841582,-0.8501807979
2.2446657514,-1.2005010633
3.0685588464,-0.5895687702
3.0487994845,-0.4637654113
2.7875976123,-0.8130533351
3.0498863953,-0.8502569559
2.2415941041,-1.1962093635
3.0772427600,-0.5839003019
3.0111976488,-0.9253994161
2.8393989618,-0.7317729445
2.8427902045,-0.7325571261
2.8412548507,-0.7304187746
2.8268709416,-0.7445150979
2.9542152823,-0.6437149483
2.5033023423,-1.1571644947
3.0759739595,-0.8518556159
2.1630723455,-1.2710865404
2.9863539173,-0.6564513056
3.0393774161,-0.9232496076
2.6491165937,-0.8802918996
3.0623468665,-0.7897805420
2.3043627466,-1.2430907357
3.0954038089,-0.5694709763
2.7561725808,-0.8385343312
3.1173444348,-0.7361019789
2.6516239292,-0.7668603006
2.6710888351,-1.0590778197
3.0641439592,-0.7907065487
2.3045161905,-1.2440473530
3.0941655177,-0.5721213534
2.9516666831,-0.9443930780
3.1370922513,-0.5036360507
3.0423250588,-0.8493126608
2.2877749010,-1.1609264775
3.1260819213,-0.5477946788
2.6460836616,-0.9254978128
2.2012580401,-1.0961173102
3.0949998634,-0.5661930442
2.9266943797,-0.5580068497
2.6745280730,-0.9059772689
2.1162621089,-1.1516896457
3.0176809983,-0.6303803188
2.4630945877,-1.1325140694
3.0477259668,-0.8497912209
2.2461266756,-1.1916548037
3.0829977096,-0.5787105508
2.4515423641,-1.1328722125
3.0391177823,-0.8452406551
2.2804224944,-1.1656774331
3.1190854986,-0.5522030584
3.0445244780,-0.8099964228
2.1553099502,-1.2796731821
2.9775842183,-0.6618227063
2.6613325204,-1.0795825915
2.5160305410,-0.8673590189
2.9789926023,-0.5169855975
3.0815862725,-0.8508545833
2.1623707580,-1.2860683395
2.9705597144,-0.6649708378
2.4987740396,-1.1582450650
3.0693703105,-0.8513493524
2.1709529422,-1.2592318077
2.9980160913,-0.6458265763
3.0340932067,-0.8316052631
2.2519280328,-1.1895033962
3.0870136888,-0.5777860570
3.1084859140,-0.7486077240
2.4462196383,-1.1085286341
3.0487763460,-0.8498087815
2.2485882841,-1.1967742982
3.0733410816,-0.5854565700
3.0721435895,-0.9029566138
2.3601393175,-1.1016824144
3.0755141661,-0.7748979552
2.8801813891,-0.9879171463
3.0766358220,-0.7708467232
3.0643693293,-0.9165409099
2.4662072825,-1.0174160830
3.0643313213,-0.9025371262
2.3951159916,-1.0782114322
3.0356693653,-0.8351808375
2.2524783100,-1.1877979071
3.0887739999,-0.5753410815
3.0985350387,-0.7548729890
2.4374734787,-1.1261239633
3.0336892477,-0.8419067575
2.2856155062,-1.1654424964
3.1155212777,-0.5516465639
3.0456988377,-0.8024087763
2.1657986461,-1.2895177171
2.9712997077,-0.6635323450
2.5489333964,-1.1343134734
2.4582223931,-1.0973770655
3.0733652829,-0.8518600122
2.1671612700,-1.2655444781
2.9918899982,-0.6518553574
3.0755404488,-0.7783633048
2.7134838870,-1.0568805371
2.8749812518,-0.9725173631
3.1271485255,-0.8468282985
2.6000847038,-1.1091774056
3.0345246722,-0.8229111614
2.2162483282,-1.2249703071
3.0366957426,-0.6145233099
2.7653755096,-0.6807588775
2.9601147231,-0.6426308673
2.5808205394,-1.1186900629
3.0811156655,-0.7743891617
2.9804787993,-0.9454073304
3.0367232043,-0.5831596707
3.0577131776,-0.8541277038
2.2204238198,-1.2139284416
3.0538354122,-0.6021810209
3.0932209092,-0.8509252829
2.1710490379,-1.2905869060
2.9821171704,-0.6581540175
2.8958495247,-0.9833543835
3.0351459408,-0.8494177509
2.3127157086,-1.1439697306
2.4399750166,-1.1234839079
3.0361923258,-0.8436301046
2.2772573292,-1.1661225585
3.1176039132,-0.5514807079
2.4483556222,-1.1022804157
3.0583129756,-0.8499917063
2.2016035908,-1.2354771985
3.0223364706,-0.6238547968
2.7227452431,-1.0353363451
2.4404046827,-1.1148435649
3.0396974149,-0.8470375229
2.2741813812,-1.1742320035
3.1032496793,-0.5608089444
3.0470208298,-0.8017490424
2.1694241770,-1.2898193802
2.9732854761,-0.6624628879
2.6042008671,-1.1091377333
3.0444223255,-0.8532442753
2.2932325433,-1.1564018376
3.1322391999,-0.5428701384
2.9863494488,-0.5109779666
3.0944492010,-0.8491778443
2.1969441454,-1.2858139694
2.9928771343,-0.6476540131
2.7494531942,-0.6932788361
3.0555085467,-0.5655681921
3.0548011002,-0.9066299152
2.4797533654,-1.0130580368
3.0562345269,-0.7987609148
2.1925934899,-1.2859999694
2.9977584631,-0.6473546563
2.3684059570,-0.9763529378
3.0696224732,-0.8513514073
2.1704723486,-1.2598059689
2.9973972685,-0.6463513954
3.0619645347,-0.7908889991
2.2874196390,-1.2505284491
3.0796818552,-0.5821826046
3.0703733363,-0.9044918465
2.3846124531,-1.0834817167
3.0347886921,-0.8255370533
2.2180188391,-1.2219271221
3.0399600832,-0.6108210722
2.6157914012,-1.0775389435
3.0504620615,-0.8010012841
2.1792084385,-1.2892802760
2.9791685893,-0.6596388882
2.7845099531,-1.0295276061
2.4746519460,-1.0783411149
3.1382276617,-0.8429660349
3.0643490079,-0.9137778381
2.4438545337,-1.0389396017
3.1323609630,-0.8434770952
2.8491980699,-0.9969034417
2.6645078676,-0.7565174094
3.1105445575,-0.7492000567
3.1114599340,-0.8465918709
2.3683519911,-1.2181248418
3.0642368812,-0.9009357558
2.3768569585,-1.0908317516
3.0476073620,-0.8085354950
2.1661937074,-1.2844743364
2.9730782100,-0.6650273930
2.5196948028,-1.1501169374
3.1181993411,-0.8475429552
2.4006163762,-1.2020965110
3.0463128296,-0.4649949097
3.1199393865,-0.4096621986
3.0951739943,-0.8524418323
2.1719427270,-1.2903942065
2.9818765509,-0.6608279799
2.7573985340,-1.0382293958
2.4013412080,-0.9539292433
3.0298030341,-0.8339079823
2.2674687271,-1.1738381623
3.1069750542,-0.5595997829
3.0285811226,-0.8431680808
2.3203118902,-1.1379506060
3.0325281741,-0.8437628146
2.2980590152,-1.1551016246
3.1296738123,-0.5403245379
2.7855879667,-1.0094750850
3.0336676136,-0.8384904590
2.2713170425,-1.1770615830
3.0995931981,-0.5640852439
3.0668851319,-0.8521965861
2.1811206894,-1.2554142555
2.9985042272,-0.6427218933
2.8171825785,-0.6392029430
2.5250880860,-0.9761076093
3.0514123229,-0.8054192163
2.1613948226,-1.2894621614
2.9757329246,-0.6653917137
2.5227237583,-1.1452675130
2.9813382400,-0.9342012333
3.0012822478,-0.6062364973
3.0698012991,-0.9049355668
2.3919882815,-1.0779726397
3.0323789917,-0.8351724389
2.2650838050,-1.1823666435
3.0924557489,-0.5698355285
2.7507889153,-0.6927269677
3.0523423313,-0.5685352215
2.6869117812,-0.8932008591
2.9972875827,-0.9245233779
2.8774455857,-0.7032737919
2.5068923031,-0.9863942694
3.0380834761,-0.8506537790
2.3060911009,-1.1499155082
3.1373656544,-0.5354739030
2.9604665630,-0.9385941490
3.0852465628,-0.5460829465
3.1314280154,-0.8450227019
2.7822754969,-1.0255889058
2.6133654677,-0.7958249137
3.0567931251,-0.8527277837
2.2185243963,-1.2210696312
3.0408662902,-0.6098345891
2.5022196408,-1.0510177958
3.0588991461,-0.9083027215
2.4741242749,-1.0136960901
3.0558726537,-0.7915751879
2.2557381342,-1.2652809217
3.0428633112,-0.6075827440
2.4657963301,-1.1317626828
3.0522331095,-0.8500762384
2.2306245315,-1.2111632638
3.0539642327,-0.5999920530
3.0469882489,-0.9101793963
2.5425328718,-0.9584822068
2.8096609846,-0.7932966500
3.1379173547,-0.7262394369
2.2961291778,-1.0271499957
3.0929997969,-0.7588784930
2.6856328952,-0.7394681825
2.5895556783,-1.0904465895
3.1232024938,-0.8487638332
2.4616357170,-1.1745909446
3.0330766345,-0.8334508275
2.2572465089,-1.1893164729
3.0832562428,-0.5774502431
2.0753295374,-1.1789249633
2.9778864389,-0.6615416453
2.6505425375,-1.0856851295
2.7650511264,-1.0158814927
2.8530667045,-0.7584363093
2.8860428435,-0.6990647102
2.4515609735,-1.0315566757
2.8492707596,-0.9848185750
2.4475629926,-1.1330774749
3.0363331643,-0.8439776139
2.2770351304,-1.1661179398
3.1175339637,-0.5513722200
2.8314882576,-0.6320422365
2.4350164198,-1.0444626531
3.1072552876,-0.8461270652
2.3144540144,-1.2420903387
3.0944802120,-0.5686961747
2.2442374831,-1.0645865612
3.1406826246,-0.5297697753
3.0285951457,-0.8396180714
2.2896711699,-1.1598644589
3.1222798402,-0.5443081362
2.4639612668,-1.1322049439
3.0495773553,-0.8498172892
2.2425528972,-1.2013132108
3.0670731844,-0.5899321279
2.4676873023,-1.0840081927
3.1142492531,-0.8461191767
2.3957219622,-1.2072304526
3.0664244805,-0.8532906303
2.1929078024,-1.2406520720
3.0210528033,-0.6297088982
2.3545444656,-0.9852013772
3.0468407195,-0.8489002305
2.2426835040,-1.1992730539
3.0689779438,-0.5868328620
2.5816143344,-1.0931298411
3.0480825289,-0.8537286198
2.2730353461,-1.1721084131
3.1104802502,-0.5593436208
2.0960099183,-1.1641907612
2.9988655062,-0.6436986962
2.0011790091,-1.2285956100
2.9075695969,-0.7186493619
2.4252765504,-1.0522315682
3.0767993913,-0.8499635366
2.1648137981,-1.2791923560
2.9752894923,-0.6622036436
2.6325390087,-1.0973015206
2.4966699325,-1.0520364140
2.0735256358,-1.1837141418
2.9661227146,-0.6688529146
2.3592067411,-1.2230541270
3.1353191892,-0.5377285812
2.4905936821,-1.1252981044
3.1037952876,-0.8463638454
2.2781940776,-1.2569909365
3.0619092005,-0.5937752020
2.5608184968,-0.9987832515
2.4872117628,-1.1278049440
3.0849285677,-0.8512998353
2.1571630553,-1.2864397319
2.9746889574,-0.6659031733
2.4975732860,-1.1567472345
3.0735034318,-0.8495496771
2.1646474286,-1.2757756624
2.9773368056,-0.6594895066
2.7632220547,-1.0376045415
2.7776693285,-0.8195017054
3.1107984964,-0.8463053113
2.3483923765,-1.2280366094
3.1250135699,-0.5459079486
2.4750536105,-1.1307323768
3.0621312692,-0.8520472416
2.2012174098,-1.2320918322
3.0312197709,-0.6210074940
2.5030760134,-1.1224265875
3.1324106226,-0.8435270840
2.8479317858,-0.9975019765
2.9806724384,-0.5155061256
3.0549054419,-0.8532396668
2.2321723518,-1.2102514102
3.0553303898,-0.5992582596
3.0853339284,-0.7700101813
3.0428414693,-0.8065024861
2.1613244407,-1.2838652441
2.9712077910,-0.6639347732
2.5345787860,-1.1412839399
2.7358424443,-1.0293199748
3.0296133174,-0.8308579692
2.2519499429,-1.1913253672
3.0795552904,-0.5783219463
2.6569161018,-1.0624622242
2.6110464292,-0.7986248690
2.8925190698,-0.9684041833
3.1054917656,-0.7520314934
2.4453811763,-1.1312074679
3.0369491724,-0.8427951425
2.2782069067,-1.1669272468
3.1171526466,-0.5532301097
3.0726148279,-0.8532615523
2.1666747902,-1.2637495600
2.9929758042,-0.6497133848
2.6507620490,-0.9215434796
2.7266840653,-0.8586551517
2.5695381644,-0.8287578523
2.8080613156,-0.7949419354
2.7490934348,-0.8411076056
3.0364442542,-0.8242361037
2.2093342093,-1.2243432104
3.0407924216,-0.6130188310
2.9521269362,-0.5362566363
2.5058563570,-1.1199866299
2.9847613183,-0.5107693322
3.1395972220,-0.8404444608
3.0382820945,-0.9138364172
2.6190042054,-0.8999188607
2.8373053274,-0.6226111258
2.3323926180,-1.1258490983
2.7018271422,-0.8797247837
2.9656785136,-0.5284335778
2.4425561490,-1.1096522707
3.0451540768,-0.8486291167
2.2500500803,-1.1932585745
3.0770891167,-0.5805850902
3.0699791551,-0.9017595525
2.3653402792,-1.1027654052
3.0895809854,-0.7692289913
3.0403397918,-0.8518046089
2.3041834818,-1.1468291394
2.5156919443,-1.1178771853
2.9533545357,-0.9423296761
3.1250350183,-0.5174657882
2.8935212657,-0.5831668810
2.3190230770,-1.2368541643
3.1085907677,-0.5595754794
3.0761206075,-0.8525294325
2.1692614873,-1.2729549537
2.9811112575,-0.6582298590
2.8722131427,-0.9925933411
2.7549248823,-0.8373878374
2.7662315844,-1.0160057640
2.0715991858,-1.1792923270
2.9758028055,-0.6617826149
2.6185368374,-1.0992569860
2.6661178991,-0.9127051244
2.5945427530,-0.9711620807
2.5848142932,-1.0927311025
3.0494483820,-0.8518694133
2.2389807523,-1.2017120123
3.0654444122,-0.5890534014
3.0460204457,-0.8524466072
2.2672039774,-1.1803439224
3.0950746671,-0.5675690369
2.0508725713,-1.1944346400
2.9551356581,-0.6785956082
2.1859071513,-1.2872462502
2.9931999181,-0.6499021062
3.0606371211,-0.8549458925
2.2193241249,-1.2168726535
3.0508718755,-0.6061099174
3.0671776689,-0.9001288558
2.3568970707,-1.1067133580
3.1017166642,-0.7543509434
2.4570787362,-0.9102928836
3.0304775700,-0.8454114318
2.3222565203,-1.1367590710
3.0311722627,-0.8328776127
2.2614126958,-1.1853326432
3.0884126207,-0.5729490940
2.4956872695,-0.8813677124
2.7103739332,-1.0382371349
2.7849385878,-1.0107172393
2.9296186801,-0.9554954917
3.0400258115,-0.8451887588
2.2802354626,-1.1667079096
3.1180397740,-0.5538024849
2.4515488623,-1.1335026734
3.0378717839,-0.8462744516
2.2751213003,-1.1724955583
3.1052280470,-0.5584083151
3.0328099883,-0.8488770716
2.3071909497,-1.1456260570
2.4432369800,-1.1304782666
3.0360159925,-0.8422034526
2.2766346887,-1.1674808431
3.1160983134,-0.5534167239
2.4451634916,-1.1337187033
3.0419361728,-0.8471971555
2.2799386451,-1.1671229033
3.1175434334,-0.5543489337
3.0523748931,-0.9098569729
2.5180938434,-0.9789212025
3.0404965057,-0.8488104686
2.2777021032,-1.1658386366
3.1180202676,-0.5512297491
3.0357429014,-0.8499158719
2.3117403798,-1.1447506124
2.4583431712,-1.1330920928
3.0430483465,-0.8483603173
2.2641991265,-1.1770452163
3.1028256946,-0.5633523933
3.0286018232,-0.8370395220
2.2961350650,-1.1579020563
3.1263139633,-0.5440627514
3.0638766048,-0.8545202005
2.2011567328,-1.2318212814
3.0314192279,-0.6206115667
2.8212853259,-0.9943255301
2.4458346706,-1.1053754900
3.0521970922,-0.8496467588
2.2234644944,-1.2159326470
3.0471565713,-0.6042250478
3.1108943591,-0.8476874277
2.3382701290,-1.2322154646
3.1159301729,-0.5525989262
3.0885576206,-0.8525881799
2.1584540639,-1.2892003588
2.9742578740,-0.6658190400
2.4965930762,-1.1568556493
3.0724512925,-0.8493417706
2.1643754938,-1.2749230814
2.9777725775,-0.6586779217
2.8047254129,-1.0191178831
3.0300196091,-0.8302483253
2.2579770171,-1.1884779176
3.0842917780,-0.5764349438
2.8469945100,-0.6185952622
2.2838185581,-1.1622738931
3.1236527920,-0.5476817697
2.2408020920,-1.0666003303
3.1374837776,-0.5319037544
3.0945272581,-0.8506124841
2.1765802723,-1.2896304535
2.9861708885,-0.6549150327
2.2844322811,-1.2532725977
3.0750326217,-0.5882616666
2.8900532542,-0.9661220365
2.7954882085,-1.0033591200
2.6137746103,-1.0827627259
3.1383769800,-0.8452144413
2.9722715893,-0.9486658006
3.0785099956,-0.5518394331
2.8098127413,-0.9971561117
3.0856895119,-0.8529180021
2.1562422553,-1.2863313591
2.9743189004,-0.6657418454
2.4988241801,-1.1558280993
3.0777183796,-0.8489352271
2.1610378460,-1.2839662845
2.9709708279,-0.6641271952
2.5265763887,-1.1449968954
2.5072323949,-1.1208782570
3.0387884264,-0.8238533542
2.2063316367,-1.2289119967
3.0358196779,-0.6183938759
3.0436523943,-0.8069712239
2.1627717212,-1.2834056007
2.9720853776,-0.6640213661
2.5402310582,-1.1392666715
2.7857188220,-1.0071113588
2.5264731218,-0.8608780292
2.4921650054,-1.1243240265
3.1116791811,-0.8443624298
2.4058388764,-1.2007339627
3.0738487409,-0.9032748204
2.3575243131,-1.1046666326
3.0893767072,-0.7632681279
2.4870942982,-1.0664078014
2.9697608716,-0.5221134745
2.4706104752,-1.0806777823
3.1273920605,-0.8438378799
2.7125514018,-1.0621007488
2.8864959378,-0.9705485454
3.0450041055,-0.8045802119
2.1633106198,-1.2875138604
2.9705044425,-0.6647855254
2.5037731735,-1.1557447521
3.0814332279,-0.8504873467
2.1536443956,-1.2851830124
2.9737144256,-0.6649071640
2.5174590032,-1.1461812817
3.1073578370,-0.7517776150
2.7584539831,-0.8372523055
2.8799574709,-0.5912246533
2.1938076240,-1.2859145094
2.9910816587,-0.6483196255
2.6144146642,-0.9561062740
3.1060780499,-0.4191295023
2.5447499987,-1.1094026435
2.5399653067,-1.1100892263
2.1971985356,-1.0966414034
3.0990444079,-0.5667630373
3.1099380402,-0.4147620680
3.0475605372,-0.8035742253
2.1683630707,-1.2888064074
2.9726378649,-0.6643018868
2.5380040074,-1.1407881607
3.0901308583,-0.8518009328
2.1612584147,-1.2907500334
2.9755018523,-0.6641412548
2.5597223122,-1.1269461991
2.8963615808,-0.9674025373
2.7275037226,-0.7085366648
2.8374075561,-0.6286671366
2.3906491038,-1.0797760405
3.0330967822,-0.8327925357
2.2541254378,-1.1918123176
3.0798581963,-0.5800313187
2.9917012575,-0.9306495102
2.9447022644,-0.6494618576
2.3081779583,-1.2440840972
3.0895231119,-0.5717105849
2.4741156223,-1.1303051828
3.0637677141,-0.8510244937
2.1952461201,-1.2442549139
3.0127575397,-0.6333951703
2.5641717142,-0.9967063437
2.5961943989,-1.0876409078
2.5911131378,-0.9706532608
2.5165753901,-1.1165250264
3.0834387472,-0.4384625594
3.0677139363,-0.8518208362
2.1863929069,-1.2533203753
3.0021957073,-0.6419070956
3.0358972411,-0.9124438744
2.6201792050,-0.9033953399
2.5989112573,-0.8055709495
2.4411396322,-1.1331920602
3.0319914950,-0.8419794881
2.2831703197,-1.1652736684
3.1148753224,-0.5502440233
2.4401814437,-1.1318741317
3.0328949759,-0.8412788829
2.2842720751,-1.1660176746
3.1145201887,-0.5519729434
2.5341353131,-1.1108227677
3.0716593143,-0.9024429535
2.3560011690,-1.1042244053
3.0843128652,-0.7655647847
3.0498235022,-0.9080140786
2.5153281785,-0.9850919877
3.0390600230,-0.8508772156
2.2945845334,-1.1578436772
3.1258524508,-0.5432710513
3.1360548545,-0.8419591769
3.1149346478,-0.9002518111
2.1607813307,-1.2716099502
2.9850013273,-0.6564762243
3.0151896055,-0.9310348798
2.8150736500,-0.7511402864
3.0109761061,-0.5985881137
2.3907369354,-0.9612968893
3.1294666232,-0.8455460332
2.6729251803,-1.0763097613
2.4398105461,-1.1237848416
3.0359958500,-0.8434613199
2.2770737546,-1.1661828225
3.1174851009,-0.5514951485
2.4626300953,-1.0916780565
3.0889477363,-0.8504586821
2.1613354964,-1.2904714421
2.9755193748,-0.6646122252
2.5448237570,-1.1342546992
2.4408912352,-1.1163518425
3.0392446535,-0.8467099084
2.2800302897,-1.1704188923
3.1088637056,-0.5572513266
2.8917219468,-0.9698496080
3.0550456066,-0.8529085804
2.2267845538,-1.2140170162
3.0500472957,-0.6027157953
3.0529178121,-0.8524322940
2.2292860502,-1.2107220180
3.0538715170,-0.5987887046
3.1074984378,-0.7478455707
2.2704738301,-1.0461233095
2.5689236174,-0.9890106071
2.5047910828,-1.0482833985
2.5122862547,-1.1187295109
2.8863335395,-0.5904049190
2.2050244544,-1.2821479845
3.0076219062,-0.6400702961
2.4567912504,-1.0979160903
3.0714234918,-0.8515553031
2.1683830053,-1.2629059343
2.9942818956,-0.6492837769
2.7547819156,-0.8344065521
2.6697606595,-0.9091720921
2.7226206696,-0.8650942563
3.1204892574,-0.8467477262
2.4810130449,-1.1632589297
3.0538077579,-0.8516463202
2.2398086584,-1.2000535903
3.0731320562,-0.5891010222
2.4470590810,-1.1335263317
3.0350755279,-0.8443677435
2.2836730797,-1.1660133786
3.1143233724,-0.5516973898
3.1332624590,-0.8447345139
2.8471405538,-0.9976999430
3.1010692087,-0.4234275863
2.5552102055,-1.0000072915
3.1376894118,-0.7227790845
2.4872528389,-1.0676688532
3.0045825510,-0.9254698629
2.8594111467,-0.7142032768
2.6499550721,-0.8791661596
2.7628708431,-1.0206227012
3.0730908453,-0.9014027604
2.3388148190,-1.1171381582
2.5085371216,-1.0430676042
2.8939554617,-0.9673574839
3.1226519978,-0.8468045008
2.4844350868,-1.1638580301
3.0467641891,-0.8492996512
2.2532182270,-1.1923275847
3.0790531158,-0.5804867535
3.0576162790,-0.9073563451
2.4675976229,-1.0173819152
3.0449189844,-0.9101898979
2.5600032313,-0.9508981174
2.5017933266,-1.1217188679
3.1377023055,-0.8406628178
3.0830187616,-0.8521349519
2.1533682103,-1.2856755882
2.9733420841,-0.6650508283
2.5213196561,-1.1495475626
3.1224158721,-0.8470770521
2.4775566636,-1.1669322229
3.0389245014,-0.8465948131
2.2795522419,-1.1704997380
3.1086262295,-0.5571656503
2.7131508887,-1.0373590716
2.8814171292,-0.9739007218
3.1169114547,-0.8465776287
2.4409099055,-1.1861491113
3.0644674717,-0.7931595600
2.2840723977,-1.2528680124
3.0753905334,-0.5871652396
3.0467225546,-0.9073165504
2.5186508527,-0.9807662455
3.0988244307,-0.8475910606
2.2344601443,-1.2731834958
3.0246531212,-0.6214552186
3.1207277603,-0.4082631630
3.1397276370,-0.7258474872
2.7029820721,-1.0424562352
3.0455126033,-0.8146192935
2.1671315785,-1.2687608799
2.9896612321,-0.6551498628
2.8255325268,-0.9949192708
2.4834234946,-1.0688578832
3.0228556817,-0.4828240344
2.0151461128,-1.2189191797
2.9206330238,-0.7082397492
2.3043898626,-1.1473334472
2.4921676823,-1.0554090514
3.0035308592,-0.9242596481
2.8572248223,-0.7207008739
2.7158819925,-0.8266339212
2.4418683716,-1.1331779650
3.0324863119,-0.8422032137
2.2838207649,-1.1651657049
3.1151948095,-0.5503661595
2.9426013018,-0.9500014665
3.0958570825,-0.7629733615
2.6936954454,-1.0462547677
3.0796936854,-0.8977869928
2.2882179706,-1.1634028055
3.1183146547,-0.5496082074
3.0324416352,-0.8297219763
2.2415855510,-1.1958332617
3.0775973131,-0.5832658911
3.0133220113,-0.9243044441
2.8215017417,-0.7452096457
2.9679597832,-0.6365061395
2.9419419818,-0.9609216129
3.0488624224,-0.8045670826
2.1689855134,-1.2891506594
2.9729363793,-0.6638567555
2.5547040329,-1.1328948209
2.7540202035,-1.0200604028
2.8466037002,-0.6182866596
2.2803259063,-1.1698048378
3.1097339470,-0.5558725480
2.7647371211,-0.8309187222
3.0778182543,-0.8514022455
2.1630861596,-1.2801485796
2.9739770670,-0.6624629918
2.6094162722,-1.1072818061
3.1113769105,-0.8455586800
2.3917867557,-1.2067068957
3.0616400123,-0.8548191131
2.2148515780,-1.2207722940
3.0458650521,-0.6100618006
2.4823550151,-1.0711389923
2.4374890497,-1.1149351278
3.0375555185,-0.8462157441
2.2706249231,-1.1750292831
3.1069095097,-0.5629752201
3.0503253032,-0.8070323931
2.1590745660,-1.2875686530
2.9751650946,-0.6659955983
2.4994341570,-1.1562215222
3.0766707741,-0.8495910439
2.1632809515,-1.2804381787
2.9738942940,-0.6626907008
2.6007810480,-1.1113854628
3.0727591544,-0.8513140099
2.1660310155,-1.2723281584
2.9801796502,-0.6567500989
2.9328733774,-0.9659295755
3.0436342320,-0.8483898703
2.2582508033,-1.1812796898
3.0968179565,-0.5675195638
3.0671035782,-0.8544717194
2.1900964566,-1.2420962208
3.0188065048,-0.6306387135
2.6454482469,-0.7693436090
2.5127514301,-1.1205616583
2.4820019224,-1.0660963982
3.0402192767,-0.8125944572
2.1649111039,-1.2723704279
2.9862951297,-0.6580945604
2.9469927113,-0.9596249334
3.0821074531,-0.7711069419
2.7682837761,-0.6770379780
2.9333107214,-0.6625660753
2.1622123918,-1.2891635509
2.9765249270,-0.6644271066
2.5604005047,-1.1275036733
2.6269256733,-1.0757651812
2.4675426936,-1.1321371192
3.0516397863,-0.8510242735
2.2426777434,-1.1966384621
3.0772350155,-0.5850284523
3.0248580562,-0.9149921936
2.6889510686,-0.8488791102
2.7939370743,-1.0063709028
2.6927077540,-0.8874519487
3.0732528622,-0.8991827565
2.3247957966,-1.1332726105
3.0932283742,-0.7577377116
3.0108864074,-0.9230664827
2.8157213077,-0.7476328365
2.9879690261,-0.6193091846
2.6113822758,-1.0815040846
3.0396020941,-0.8225739584
2.1938158603,-1.2386198584
3.0230660117,-0.6272131024
2.9321303239,-0.5548670328
3.0525713520,-0.9069494120
2.4920351929,-1.0030608653
3.0534184656,-0.8522073952
2.2360965453,-1.2015112951
3.0704983625,-0.5897912534
2.4964182925,-0.8837160078
3.0519273120,-0.9100310662
2.5219153365,-0.9759787313
3.0568001575,-0.8539730873
2.2222724347,-1.2119949235
3.0562032646,-0.6000344247
3.0477402588,-0.8507086701
2.2562095164,-1.1902768995
3.0819915604,-0.5785543484
2.4833430490,-1.1284767942
3.0785999645,-0.8512714091
2.1571865837,-1.2785132399
2.9790520089,-0.6615520875
2.6888854619,-1.0677840648
2.1951036141,-1.0991298414
3.0900547936,-0.5683652345
2.7280891037,-0.7083690295
3.1042079455,-0.8494680494
2.2308135052,-1.2736592726
3.0290137551,-0.6230769194
2.6833205272,-0.7407174677
2.5847607755,-1.0942532878
3.0316980191,-0.8469947600
2.3216101898,-1.1370677238
3.0304768516,-0.8358985534
2.2759582134,-1.1731762701
3.1048648776,-0.5598719490
3.0357192723,-0.8164925162
2.1855153801,-1.2508933879
3.0037518909,-0.6384843808
2.4935498211,-1.0543026656
2.5575241313,-1.1022585270
2.7201323613,-0.7151098941
3.0869874958,-0.7686763718
3.0340284759,-0.8251470495
2.2162159021,-1.2168841803
3.0497424186,-0.6048226448
3.1229686403,-0.8458675749
2.5668891241,-1.1282772581
2.7759622839,-1.0146901888
2.4626735512,-1.0913101288
3.0899148792,-0.8502274776
2.1635055861,-1.2908460296
2.9767745770,-0.6634427790
2.5961721507,-1.1102703647
3.1002823993,-0.8499971750
2.2066128534,-1.2814288170
3.0097273727,-0.6366841988
2.5535592225,-1.0071055327
2.8824477101,-0.9711183688
3.0251011008,-0.8399922298
2.3082212196,-1.1447047756
3.0612365853,-0.8547551297
2.2141858185,-1.2208306264
3.0455683862,-0.6098857896
2.4411663819,-1.1228068788
3.0372297447,-0.8442279068
2.2784199640,-1.1659186720
3.1181865900,-0.5516797605
2.9181848349,-0.5613611901
3.0323379537,-0.8260745802
2.2335124993,-1.2093906679
3.0565998901,-0.5984461904
3.0670426250,-0.8522586191
2.1820863963,-1.2549211246
2.9992635454,-0.6424396304
2.5152875930,-1.0391353527
3.0369422098,-0.8234291186
2.1986668301,-1.2321450631
3.0302312748,-0.6200565225
3.0630978423,-0.7949890913
2.2576686548,-1.2634884947
3.0520756589,-0.6052617867
3.0813937927,-0.8530266646
2.1558693017,-1.2810099133
2.9769822703,-0.6630784280
2.6088606066,-1.1043510402
2.1205987245,-1.1492143326
3.0215147976,-0.6279805922
2.6781223549,-0.9016978559
2.7672827382,-0.6778008026
2.9322745183,-0.6619266183
2.1604270089,-1.2898895910
2.9755771767,-0.6636140577
2.5776397226,-1.1182605771
3.0701529021,-0.7811690263
2.5625865593,-1.1302548856
3.0438490160,-0.8138518546
2.1644865256,-1.2693012730
2.9881946885,-0.6549326306
3.0161422657,-0.9350125422
2.8453112710,-0.7254669687
2.7772560805,-0.7812615292
3.0543042940,-0.8019071763
2.1751937458,-1.2898314433
2.9849347136,-0.6565395744
3.0172527797,-0.9300266391
2.7982043099,-0.7639067498
3.1035597867,-0.5288656926
2.6430582368,-0.7752949429
3.0340655613,-0.8489774811
2.3126617122,-1.1433274924
2.5588823420,-1.1003260086
3.0327521375,-0.8210165913
2.2073267024,-1.2303137561
3.0288327207,-0.6187137744
2.8173401676,-0.6414135785
2.5462886258,-0.9561362564
2.5202710421,-1.0311066415
3.0890368839,-0.7657664462
2.5181328819,-1.1166497190
2.6037526759,-0.9597872109
2.6383579368,-0.7773074089
2.6198626594,-0.9479885038
2.8222918081,-0.7859563687
3.1002130550,-0.5331877686
3.1039739113,-0.8502601628
2.2265208264,-1.2749601482
3.0257462902,-0.6250712808
2.6827206701,-1.0497383308
2.4651529832,-1.0905010454
3.0934853006,-0.8506479263
2.1713963795,-1.2904525426
2.9815670625,-0.6608818644
2.7510831549,-1.0408576357
2.5421461867,-1.0105169765
2.7258171392,-0.8597184584
2.6595239647,-0.9163300450
2.5744872988,-0.9862221250
2.8702004882,-0.9775297663
2.6949865428,-0.8837063718
3.0504840241,-0.8008160721
2.1797437409,-1.2892385187
2.9795675815,-0.6592348179
2.8079971754,-1.0192926134
3.0631504734,-0.8511067029
2.1912861649,-1.2401312740
3.0208481430,-0.6284160404
3.0967426852,-0.4278957988
2.6703398482,-1.0562229033
2.4029530638,-0.9526321745
2.8529820690,-0.9810267497
2.5618868066,-1.1017288025
3.0327291593,-0.8419181258
2.3054528575,-1.1466334504
3.0758873341,-0.7804310544
2.6630926747,-1.0803954157
2.3296305126,-1.0044443573
3.0379265695,-0.8257602414
2.2057426667,-1.2267918124
3.0373766539,-0.6151568346
2.4684747171,-0.9042413354
3.0677975016,-0.8511611344
2.1717117183,-1.2632750130
2.9953678676,-0.6507442471
3.0422718145,-0.8081978043
2.1629077680,-1.2803368220
2.9738409335,-0.6623665218
2.6113499011,-1.1062259895
2.4862409385,-1.0687597623
2.0714579568,-1.1852081830
2.9640191360,-0.6706846178
2.3149282381,-1.2423635027
3.0941451020,-0.5699770789
3.0701329241,-0.8517164299
2.1713589842,-1.2655764358
2.9870637548,-0.6513855361
3.0556556781,-0.7984613561
2.1936612113,-1.2853092618
2.9993391364,-0.6447441410
2.5284433679,-1.0294268431
3.0658386519,-0.7840269405
2.4452979198,-1.1837121546
3.0539970384,-0.8038867174
2.1688112949,-1.2905670085
2.9801301081,-0.6612665590
2.7167440219,-1.0555375146
2.7672156590,-1.0195270799
2.0441467098,-1.2012171534
2.9395978620,-0.6880011372
2.1653638889,-1.2752807085
2.9781293788,-0.6586518743
2.8108848906,-1.0166895335
2.9074914019,-0.7155554587
2.4009770247,-1.0750537305
3.0371244388,-0.8402470224
2.2725065427,-1.1726819973
3.1097688182,-0.5600062957
3.0594004105,-0.8545419326
2.2189456642,-1.2161978134
3.0513177509,-0.6049614752
3.0936096659,-0.8514449199
2.1704712008,-1.2906520700
2.9814211529,-0.6594981797
2.8110437177,-1.0132900471
2.6158686673,-1.0817229065
2.7985176632,-0.6568515009
2.7221737263,-0.8206526040
3.0317277295,-0.8459445380
2.3125348560,-1.1381000210
3.0324754263,-0.8327539421
2.2602262266,-1.1874428581
3.0860317751,-0.5757810899
3.1153538997,-0.8460097194
2.4350227034,-1.1880220867
3.0716849690,-0.7838219901
2.5164822335,-1.1474532926
3.1311889430,-0.8410055501
2.9671825736,-0.9525931478
3.1112302742,-0.5229499447
2.7720217050,-1.0148672808
3.0617626026,-0.7946970790
2.2452619516,-1.2686488327
3.0407943000,-0.6147774087
3.0300705938,-0.8466718483
2.3219321072,-1.1355865815
3.0422503734,-0.8096257117
2.1627799173,-1.2789748009
2.9745923226,-0.6614026091
2.6539591907,-1.0864028532
2.9181504189,-0.9568441086
3.0646965956,-0.8508327811
2.1912479952,-1.2479129581
3.0083032178,-0.6367486313
3.0433325865,-0.8524535692
2.2849852692,-1.1611238424
3.1249642157,-0.5468372007
2.5218343346,-1.0286485952
3.0524755823,-0.8005746853
2.1730803358,-1.2901484835
2.9835950337,-0.6571178513
2.9725685676,-0.9531807522
3.1061424582,-0.5292611264
3.1379478568,-0.3948907721
3.0805354649,-0.7780405214
2.8414004150,-1.0021857494
2.3434544163,-0.9928627883
3.0340894987,-0.8439741086
2.2821936250,-1.1663001570
3.1135560197,-0.5514884326
2.5264891808,-0.8630336806
2.6478568406,-0.9232150956
2.8454376256,-0.7625636930
2.9247172258,-0.6677115292
2.1587678896,-1.2755093927
2.9818079657,-0.6587719381
2.8461799560,-0.9980846385
3.0373324067,-0.8503642167
2.3069529005,-1.1488926382
3.1386508504,-0.5341697233
3.1103160366,-0.8445308806
2.3791893827,-1.2130425169
3.0336273376,-0.8208741057
2.1998137172,-1.2360017588
3.0212455608,-0.6238443221
2.4430824085,-1.1261787063
3.0378309498,-0.8432653790
2.2795481731,-1.1665643998
3.1179476710,-0.5532501849
3.0875769365,-0.8500699134
2.1710494587,-1.2899888518
2.9741059342,-0.6621809347
2.6228741787,-1.1008361413
3.0602061757,-0.7863907199
2.3509736750,-1.2249181637
3.1354906077,-0.5416104615
3.0389594727,-0.8211400020
2.1928902026,-1.2397600852
3.0217886714,-0.6284198615
2.8925276029,-0.9660874371
2.6289147716,-1.0757512763
2.8496330752,-0.9997418895
3.0786764488,-0.8514842406
2.1635469895,-1.2808112155
2.9737918115,-0.6629961993
2.5894776222,-1.1167718304
3.0363198210,-0.8154890746
2.1809129678,-1.2553036818
2.9985367940,-0.6424155932
2.8796807065,-0.7382442639
2.6638808276,-0.8647855878
2.6513001698,-1.0645512161
2.7373632591,-0.8504475797
3.0851567526,-0.7703663011
3.1199174709,-0.8443279084
2.5651962564,-1.1270362759
2.2335382999,-1.0706794972
3.1368484214,-0.5370221280
3.0644167496,-0.7927524144
2.2812765210,-1.2545616958
3.0721539182,-0.5906444813
2.3992026655,-0.9558975802
2.0931348248,-1.1659109635
2.9959786855,-0.6465009041
2.4576248217,-1.0891696090
3.0927179423,-0.8466075591
2.2018934130,-1.2839824110
3.0041010341,-0.6442055111
2.8822873125,-0.7350103896
2.6356766201,-0.8920440763
3.0399261718,-0.8460948361
2.2594243427,-1.1843818979
3.0943320559,-0.5729859229
2.6530205394,-1.0638497429
2.0906948634,-1.1704350261
2.9840338944,-0.6536953003
3.1352095079,-0.8945640843
2.1946643376,-1.2856612540
2.9991852277,-0.6464567724
2.4335833901,-0.9270755005
3.0802046063,-0.8528657228
2.1612997358,-1.2761574928
2.9822764832,-0.6606703625
2.7654391994,-1.0349980726
2.4412633543,-1.1326565891
3.0326774156,-0.8418628117
2.2842971649,-1.1653255338
3.1151977761,-0.5508477667
3.0459773406,-0.4657872024
2.8531659719,-0.9845547195
2.6837038726,-1.0532996426
3.1189612284,-0.8441197498
2.5543726410,-1.1317032619
2.5655934701,-1.1009902952
2.4392438079,-1.1124697811
3.0404451281,-0.8472751987
2.2617155666,-1.1825093070
3.0968604311,-0.5710153791
2.2194670722,-1.0813630551
3.1217290392,-0.5492279791
3.0575310420,-0.7910483142
2.2705472473,-1.2598153996
3.0554068846,-0.5984858198
3.0709726112,-0.8516482078
2.1780367335,-1.2623188511
2.9921281515,-0.6498337693
3.1191397662,-0.8465578847
2.4361068438,-1.1854276595
3.0554117432,-0.7959760138
2.2220500170,-1.2780730032
3.0132949660,-0.6317152008
2.4805065584,-1.0716850503
2.7391026480,-0.6995375963
3.0945409282,-0.5391613020
3.0352267103,-0.8300911450
2.2418769777,-1.1980893321
3.0756535950,-0.5868923014
3.0511652052,-0.9064454289
2.4913471138,-1.0026193421
3.0330710039,-0.8351180773
2.2597247605,-1.1808263935
3.0977570991,-0.5674158473
3.0570427706,-0.8549021424
2.2373722299,-1.2020986097
3.0704251103,-0.5912308010
2.4901955123,-1.1250048593
3.1056461401,-0.8454102055
2.3115139130,-1.2425757574
3.0928367927,-0.5687111526
3.1415134221,-0.3936296572
3.0735373460,-0.7851729235
2.5089937873,-1.1522092751
3.1003580123,-0.8472611397
2.2399278432,-1.2721289606
3.0279434823,-0.6209258269
2.5236324470,-1.1138224896
3.0536076319,-0.8519652109
2.2197325888,-1.2177326169
3.0502797791,-0.6075387204
2.0997408214,-1.1628303952
3.0013971027,-0.6432627554
2.4378262969,-1.1317708345
3.0313757087,-0.8405957647
2.2820481714,-1.1664870012
3.1133295807,-0.5517215428
2.4436139229,-1.1272365086
3.0378954786,-0.8430124250
2.2793588633,-1.1669464962
3.1175200778,-0.5537876403
2.4570984102,-1.0968843490
3.0736538357,-0.8512482582
2.1621916490,-1.2695951826
2.9870085709,-0.6546860217
2.8017723476,-1.0202000072
3.0364974605,-0.8176853127
2.1905699997,-1.2475074983
3.0083841403,-0.6359035708
2.8727695897,-0.9756719896
3.0883901050,-0.8515108110
2.1581937327,-1.2906926587
2.9738928391,-0.6645362925
2.5428563246,-1.1394801524
3.0433813969,-0.4691689223
3.0964378583,-0.8467331982
2.2190822906,-1.2790587494
3.0109140169,-0.6333737252
3.1073565877,-0.8465004226
2.3237860980,-1.2370809378
3.1044486267,-0.5592867966
3.0334490550,-0.8344742469
2.2683046324,-1.1763841126
3.1048562506,-0.5640893408
3.0318686478,-0.8357557082
2.2761947018,-1.1689278462
3.1145765667,-0.5555647759
2.5832556653,-0.8168295111
2.7461739149,-0.8413742815
3.0304051796,-0.8307274419
2.2603575164,-1.1869856665
3.0865050334,-0.5751092874
2.6265983338,-1.0764926802
2.5784746328,-1.0927423696
3.0505770294,-0.8532314662
2.2443455126,-1.1927535679
3.0813638090,-0.5796792723
2.8194936594,-0.9977453214
2.4330539441,-1.1244438148
3.0393423637,-0.8446462876
2.2817571661,-1.1655377656
3.1196658053,-0.5525838798
2.5630354894,-1.1015372975
2.4630495895,-1.0833114129
3.1225638460,-0.8473590038
2.4711090786,-1.1702057387
3.0344043162,-0.8422902456
2.2866926265,-1.1651522085
3.1161587991,-0.5516656900
3.1198889547,-0.8457603546
2.4718813044,-1.1682625666
3.0344783706,-0.8442749997
2.2819536807,-1.1665822827
3.1132032231,-0.5518427058
2.5566229446,-1.1046211147
3.1385331022,-0.8420725384
2.6357176799,-1.0725672275
2.4741410829,-1.1292998054
3.0691499699,-0.8492050406
2.1672256942,-1.2694321970
2.9826545429,-0.6542203016
3.1173770431,-0.8982704012
2.1660056056,-1.2794859167
2.9755739240,-0.6628805134
2.6118206794,-1.1075284354
2.8006040645,-1.0013511365
3.0828899905,-0.8519289640
2.1654610821,-1.2844126997
2.9727157526,-0.6651084308
2.5140100047,-1.1525907039
3.1018696866,-0.8496940830
2.2116086242,-1.2806176360
3.0125279400,-0.6366540116
3.0659624886,-0.8536934175
2.1861810624,-1.2440154463
3.0157564680,-0.6317979364
2.4710120023,-0.9037835440
3.0698939045,-0.8522089433
2.1760497103,-1.2618825676
2.9916407318,-0.6487215016
3.0431570518,-0.8514951672
2.2703191841,-1.1763920463
3.0998834134,-0.5625835738
3.0258216213,-0.8428853699
2.3179699207,-1.1370325459
3.0377579481,-0.8293208896
2.2280733557,-1.2097985122
3.0602592359,-0.5990338906
3.0020698643,-0.9231777657
2.8503369362,-0.7244509454
2.7579817169,-0.7925771450
3.0609065757,-0.8494011671
2.1871228740,-1.2477330129
3.0068355783,-0.6350801448
2.1469239396,-1.1317796430
3.0473347388,-0.6082284585
2.9755168643,-0.9336703122
3.0156148555,-0.5991161168
3.0024510720,-0.4977558042
3.0705661159,-0.9018924054
2.3536803573,-1.1050859574
3.0937527459,-0.7658719573
2.4405712447,-1.1317229742
3.0331574391,-0.8414842632
2.2847332845,-1.1658185830
3.1148654594,-0.5518581578
3.0968038737,-0.8510479047
2.1831260402,-1.2883591594
2.9906868918,-0.6522722159
2.6620449015,-1.0632287836
2.4821245851,-0.8923571871
3.0276536623,-0.8416848030
2.3141060895,-1.1421161757
3.1217608547,-0.8437018400
2.6049718523,-1.1094004166
3.1368129338,-0.8414424133
3.0322929264,-0.8279340328
2.2326187518,-1.2027021759
3.0682062860,-0.5901163461
3.0365258081,-0.8498413464
2.3134023402,-1.1390190007
3.0366861604,-0.8458990112
2.2910293109,-1.1562265999
3.1316885129,-0.5415363995
3.0499148856,-0.8127565782
2.1598786375,-1.2803744987
2.9791349763,-0.6634100091
2.6202970877,-1.1007229104
3.0788176633,-0.7765639738
2.8394853333,-1.0023904924
2.9041406747,-0.5764340059
2.5531795904,-1.1314175275
3.0642169250,-0.4505045065
2.8249880136,-0.6351606328
2.4739283235,-1.0123240797
3.0325076035,-0.8415247565
2.3038879604,-1.1477101300
3.0858755672,-0.7652388556
2.2168638984,-1.0816082604
3.1208102836,-0.5478099203
3.0698236286,-0.8520278581
2.1803932955,-1.2531812237
3.0063399007,-0.6415822191
3.0780974420,-0.9016119459
2.3233758384,-1.1313568023
3.0306711796,-0.8433837551
2.3103317170,-1.1404910306
3.0505985430,-0.8514397185
2.2392781307,-1.1973792203
3.0753613040,-0.5847407806
3.0454721774,-0.9128294940
2.5802851381,-0.9313296359
2.5109883634,-1.0397503136
3.0298381012,-0.8403534139
2.2920558377,-1.1589838288
3.1239197740,-0.5439602230
2.7487154198,-1.0252201904
2.5671309478,-0.8300684862
2.8068931012,-0.7942838898
3.1111840218,-0.8452899311
2.3824850925,-1.2115894143
3.0714767813,-0.7770196490
2.7201815203,-1.0562773514
3.0697841150,-0.7864878951
2.4213926573,-1.1926360147
3.0956314822,-0.7577990257
3.0546312162,-0.7935814196
2.2317380837,-1.2744693559
3.0218137843,-0.6245000313
3.0357761250,-0.8496230513
2.3151106207,-1.1429096475
2.5639168375,-0.8355567815
2.6031328261,-0.9650986552
2.6597238404,-0.9174264324
2.5892003533,-0.9751067006
2.6732377990,-1.0560232678
3.0299438900,-0.4808741188
3.0816896808,-0.8509831547
2.1629150473,-1.2856701943
2.9709830780,-0.6649902424
2.5019445818,-1.1570455957
3.0754675047,-0.8512870178
2.1600427689,-1.2729928100
2.9838090883,-0.6574571652
2.9421377086,-0.9590371990
3.0670562997,-0.7816493574
2.5284614476,-1.1438849813
2.9939340428,-0.9279868575
2.9204007921,-0.6725455469
2.1816777221,-1.2521425515
3.0077882743,-0.6402292023
2.4425638976,-1.1273743146
3.0370084975,-0.8427548852
2.2782197928,-1.1670084433
3.1170795072,-0.5533686421
3.0874224335,-0.8471956208
2.1771470986,-1.2897653490
2.9784534190,-0.6579128791
2.8544755197,-0.9975473798
2.4732428982,-0.9014483250
3.0924002728,-0.8501930044
2.1839723242,-1.2888265745
2.9825429165,-0.6567793522
2.9742250565,-0.9514106040
3.0901461466,-0.5401425495
3.0275165987,-0.8313435573
2.2665675673,-1.1798173299
3.0953729091,-0.5663933130
3.0537846659,-0.8534780810
2.2308856325,-1.2040590377
3.0663510020,-0.5915334394
2.8616185543,-0.7506461720
2.8093237442,-0.7571284744
3.0555573011,-0.5662152405
2.9928667877,-0.9293344112
2.9293421056,-0.6603207419
2.1688764871,-1.2894123095
2.9733891514,-0.6617147201
2.6315279113,-1.0960305106
2.6964512246,-0.7306187191
3.0611690652,-0.8495063340
2.1874600172,-1.2477080728
3.0069866081,-0.6351654725
2.7630130076,-0.8345364543
2.6200993901,-0.9453918245
2.7078405107,-0.8724850673
2.4532685713,-1.1051920339
3.0574118264,-0.8519865763
2.2228923300,-1.2138759812
3.0547844923,-0.6030895207
3.0761760218,-0.8538771731
2.1648433637,-1.2683015336
2.9889977473,-0.6541252977
3.0611732028,-0.8538937555
2.2032206793,-1.2282986069
3.0351406323,-0.6164108461
2.4485003396,-1.1316984093
3.0386205641,-0.8437648004
2.2807795539,-1.1661575688
3.1187478179,-0.5531486322
3.0765387401,-0.7737575497
2.9402585351,-0.9639703875
3.0354784492,-0.8332343401
2.2426435797,-1.1952927847
3.0784596175,-0.5828809934
3.0285606987,-0.9192325662
2.7164502487,-0.8265082117
2.8206286970,-0.6394058011
2.5272031571,-0.9722453144
3.0847194051,-0.8512343381
2.1554201014,-1.2874947145
2.9734370871,-0.6657841409
2.4899152450,-1.1594665363
3.0597129282,-0.8494623080
2.1905471098,-1.2442840876
3.0109153941,-0.6317647866
3.0781352701,-0.7764973169
2.8284471257,-1.0067120934
3.0862492846,-0.8519124278
2.1552442644,-1.2890352217
2.9727811283,-0.6656307005
2.5002540109,-1.1593420468
3.0671765814,-0.8526265281
2.1899421536,-1.2438663721
3.0173378756,-0.6329311450
2.1081591636,-1.1601538473
3.0003442815,-0.6411285639
2.5293751350,-0.8596076529
3.0905497670,-0.8941960933
2.2230661077,-1.2176989634
3.0454312292,-0.6067820637
2.7360598528,-1.0312204496
2.9578156701,-0.5322004568
2.4839214785,-1.1288762384
3.0765256421,-0.8523348189
2.1655538479,-1.2696699240
2.9883493536,-0.6557410833
3.1170199696,-0.8974301798
2.1637967785,-1.2813978423
2.9735112224,-0.6636034592
2.5668592827,-1.1275141456
3.1103539356,-0.8864887541
2.1615892654,-1.2859606634
2.9701979080,-0.6650284033
2.4939283627,-1.1603190688
3.0602400749,-0.8512282196
2.1978388376,-1.2329426730
3.0292345891,-0.6209314444
2.8558584703,-0.9805124707
2.4699433395,-1.0829920711
3.1187950446,-0.8461136612
2.4490998535,-1.1786445863
3.0343506563,-0.8215581230
2.1993197793,-1.2364697355
3.0206702217,-0.6243089049
3.0829762519,-0.8539805630
2.1597568953,-1.2793839242
2.9796227620,-0.6628503299
2.6458649544,-1.0888490394
2.5071548238,-1.1196704881
3.0760392438,-0.4402758035
3.0663799989,-0.4515217416
2.9675019666,-0.5257993182
3.0625736054,-0.7940251760
2.2561225181,-1.2645065236
3.0501530198,-0.6075535306
2.5147310663,-0.8672937604
2.4203109094,-0.9381330879
2.4590730124,-1.1330789981
3.0435093778,-0.8484844762
2.2696086085,-1.1740324738
3.1075046659,-0.5609071173
3.0375914030,-0.8205610148
2.1910763835,-1.2399687171
3.0209220627,-0.6280441289
3.0374814627,-0.8392477864
2.2628130510,-1.1798555885
3.0997206246,-0.5672351328
3.0909978875,-0.8504789838
2.1654899866,-1.2909964631
2.9780819762,-0.6620815787
2.6600195892,-1.0805916129
2.1829739928,-1.1063098769
3.0840303297,-0.5798342428
2.7057682311,-1.0416662738
3.1182929056,-0.7348421649
2.4441329131,-1.1209856020
3.0398889462,-0.8457692314
2.2807474799,-1.1657934976
3.1190829708,-0.5525427840
2.6413212011,-0.9272846025
2.4312484257,-0.9310494633
2.4435347753,-1.1206466179
3.0395708593,-0.8457373774
2.2799668227,-1.1659989951
3.1186256060,-0.5525219764
2.5681781346,-0.9928389171
2.7847134234,-0.8104882534
3.0421936766,-0.8470438371
2.2789669515,-1.1680983968
3.1162890450,-0.5554970922
2.4476553761,-1.1122165575
3.0465877886,-0.8497020396
2.2607356188,-1.1815501604
3.0974166381,-0.5690517595
2.7343557618,-0.8547744735
2.5192500365,-1.1175654175
2.4341174196,-1.1266339361
3.0311775698,-0.8407998202
2.2820353802,-1.1661411192
3.1136601132,-0.5511473395
3.0912328909,-0.8505994285
2.1791102483,-1.2894452944
2.9790208545,-0.6597551444
2.7774823386,-1.0325867889
2.6006822479,-1.0866991464
3.0253708346,-0.9168328929
2.7082559331,-0.8358969813
2.6705131062,-0.9049149637
2.2620383509,-1.0533997642
3.0787739907,-0.7705471645
2.3585127973,-1.2197529939
2.7618452557,-0.6859362706
3.0001943876,-0.6090955806
2.5021478116,-1.1216700431
3.1385253343,-0.8405703124
3.0628402551,-0.8540608221
2.1992650553,-1.2323217449
3.0302878151,-0.6206025355
2.4457436902,-1.1087307075
3.0482654317,-0.8496467724
2.2488657257,-1.1962296819
3.0739376688,-0.5847268203
3.0604879145,-0.9066072440
2.4475016835,-1.0332187966
2.4764579440,-1.1286838818
3.0737673649,-0.8489257568
2.1614102920,-1.2788271338
2.9740508799,-0.6611194567
2.6583238769,-1.0838256252
2.4382541563,-1.1213046530
3.0355117969,-0.8441065631
2.2863493210,-1.1649766590
3.1162133038,-0.5512230970
2.6762230974,-0.7496762975
2.5172340908,-1.0359856643
2.4485999197,-1.1326251828
3.0376272749,-0.8440778015
2.2793395857,-1.1658488836
3.1185605714,-0.5519858744
3.0299162629,-0.8319628902
2.2684685646,-1.1804646348
3.0954072307,-0.5682794541
3.0969751260,-0.7547683827
2.4502426643,-1.1335504773
3.0369160227,-0.8458271135
2.2765085968,-1.1710698280
3.1070616396,-0.5567112844
2.4861693870,-1.0607883747
3.0873605333,-0.8535770614
2.1586137086,-1.2861558680
2.9754716962,-0.6660880347
2.4992988585,-1.1565494125
3.0753894279,-0.8499066434
2.1651931177,-1.2772998483
2.9766057364,-0.6608809484
2.6970096188,-1.0677817714
2.6502383275,-0.9239353575
2.0090169963,-1.2212981229
2.9165055386,-0.7084919223
2.3199704142,-1.1391255681
3.0460433567,-0.8503338848
2.2611790752,-1.1858273410
3.0878556869,-0.5736721914
3.1115255700,-0.4144381285
2.0630581153,-1.1888978410
2.9577024703,-0.6730850783
2.2513294440,-1.2668089243
3.0391361690,-0.6104146068
3.0947688697,-0.8502550604
2.1922677263,-1.2872618758
2.9885451660,-0.6524719347
2.4417534403,-1.1242442564
3.0373312993,-0.8437402341
2.2790471593,-1.1660162782
3.1183030940,-0.5521255049
3.0589047061,-0.8503545491
2.2105125352,-1.2302255186
3.0300818109,-0.6198668777
2.4360014061,-1.1290633464
3.0316627286,-0.8405134816
2.2822040652,-1.1667319544
3.1131443288,-0.5521954220
2.7453576600,-0.6988264171
3.0934847405,-0.5394241064
2.6764823052,-0.9023967212
2.6491514772,-0.7668751474
3.1373391051,-0.8432563021
3.0702006059,-0.9172671352
2.4520720639,-1.0310511998
3.1215848497,-0.8451397476
2.5672062735,-1.1271847875
2.6586076380,-0.7597234815
3.0379848966,-0.8190123045
2.1832402523,-1.2465877206
3.0125993939,-0.6340615017
2.8153744347,-0.7884030803
3.1212372995,-0.5210977546
2.6072099686,-1.0817618141
2.7156795168,-0.7172780763
3.0612461830,-0.7909225614
2.3033469863,-1.2468357202
3.0842330108,-0.5768411690
2.7411210556,-0.8492729259
2.6469873783,-1.0660380456
2.4460015245,-1.1050412559
3.0527148989,-0.8496818420
2.2213730956,-1.2177244715
3.0448232409,-0.6060432540
2.7039880480,-0.7278120049
3.0432249905,-0.8482293485
2.2682578863,-1.1803798748
3.0954029761,-0.5680854814
2.4633351587,-1.0907267963
3.0917911697,-0.8500982103
2.1682777748,-1.2908036596
2.9797920915,-0.6611941186
2.7156021883,-1.0557575485
3.0462336328,-0.8068450165
2.1659032302,-1.2847090858
2.9728398391,-0.6650292864
2.5174927289,-1.1509920415
3.1120987388,-0.8483063797
2.3106364350,-1.2418659707
3.0991957430,-0.5688355955
2.9023879591,-0.7201968170
2.4459698739,-1.0335881032
2.4873050192,-1.1279459938
3.0838100759,-0.8517765447
2.1580151178,-1.2838479616
2.9763413555,-0.6651777093
2.5338952827,-1.1403420991
2.7670547981,-1.0155662237
3.1393546122,-0.8415494485
3.1059631631,-0.8502930702
2.2395202216,-1.2703787876
3.0365307712,-0.6170830367
2.4362354013,-1.1303027167
3.0312101167,-0.8403118870
2.2815337674,-1.1668748274
3.1127840603,-0.5521222204
2.4749793222,-1.0749569410
2.4942879621,-1.0546527973
3.0473665957,-0.9097711723
2.5361502506,-0.9631521070
2.7207019881,-0.8681700768
3.0432878243,-0.8132661712
2.1625021933,-1.2704832656
2.9865625229,-0.6555598705
3.0961845489,-0.9026963538
2.2201779276,-1.2180859962
3.0440298450,-0.6062245925
3.0623692892,-0.9042984169
2.4231001962,-1.0574377129
3.0629387860,-0.8523876549
2.2025722342,-1.2317899238
3.0319833312,-0.6210936818
2.5475759647,-1.0112584761
2.6732702241,-0.7490897509
3.1045564952,-0.8514404468
2.2180582585,-1.2786602313
3.0175556029,-0.6332001863
2.0259822142,-1.2145940847
2.9215496081,-0.7033750356
2.2671587105,-1.1806092728
3.0949248306,-0.5676428903
2.4599542167,-1.1328220567
3.0448558513,-0.8489112643
2.2632321158,-1.1845449972
3.0897637970,-0.5725283539
2.6652949593,-0.9128383931
2.5915474104,-0.9731171056
2.8833301433,-0.9707624198
3.0265594828,-0.8296766318
2.2569536346,-1.1862001543
3.0918058740,-0.5747538488
2.7772017319,-0.6729450174
2.8944184412,-0.6894127178
2.3455179927,-1.1178431330
3.0612838930,-0.9023096601
2.4038032486,-1.0701184769
3.0375158258,-0.8450524223
2.2766325974,-1.1666443620
3.1168949167,-0.5520530504
2.1093094475,-1.1558027835
3.0108532152,-0.6364856651
3.0641910461,-0.7906233001
2.3059593061,-1.2434190408
3.0954967363,-0.5710610742
2.7762375999,-0.6708466550
2.8686270992,-0.7104401294
2.5916073993,-0.9206864555
3.0443260629,-0.4666679137
2.5569870545,-1.0002225423
3.1203649875,-0.8446328331
2.5611630624,-1.1293520045
2.5546007930,-1.0071696671
2.9007498012,-0.5783994822
2.4610486321,-1.1739702882
3.0316509227,-0.8343337830
2.2616377145,-1.1844782989
3.0892903165,-0.5716894571
2.4450877446,-1.1120903794
3.0448479407,-0.8490031222
2.2567346396,-1.1829048967
3.0947778367,-0.5694530764
2.7757941264,-1.0127934159
3.0277245893,-0.8292877095
2.2547574461,-1.1890147068
3.0826795429,-0.5758829983
3.0318920667,-0.8446565774
2.3139258779,-1.1384004985
3.0335935585,-0.8400641013
2.2806427491,-1.1643751825
3.1204088968,-0.5501584138
2.6463016814,-0.7717056542
3.0472472102,-0.8042845221
2.1673227374,-1.2881573770
2.9722304940,-0.6648274464
2.5184103075,-1.1500170994
3.1178275658,-0.8468975758
2.4125309854,-1.1960320599
3.1188884474,-0.7361097824
3.0377543277,-0.8112592000
2.1668662880,-1.2695813571
2.9889892337,-0.6559085458
3.1182083118,-0.8977411270
2.1649046801,-1.2818207734
2.9737581551,-0.6640849742
2.5541238204,-1.1339207132
3.0655433203,-0.9012675152
2.3758944516,-1.0923913472
3.0523434188,-0.8041886193
2.1642128434,-1.2908474394
2.9773879024,-0.6625053351
2.6362207795,-1.0914116873
3.0948408498,-0.7621081528
2.5249360953,-1.1135788056
3.1366804002,-0.8413855664
3.0367043211,-0.8185759853
2.1944920249,-1.2444953262
3.0122990400,-0.6333600059
3.1168383312,-0.8461295038
2.4537634069,-1.1797634572
3.0424161366,-0.8190232666
2.1753810851,-1.2561770965
3.0021007991,-0.6435087620
2.1674282083,-1.1181768086
3.0613154449,-0.5917313398
2.4293611719,-0.9290918849
2.7890284730,-1.0105144203
3.0691359031,-0.8518103210
2.1736484485,-1.2629326931
2.9899025684,-0.6491599017
3.0364923343,-0.8492404359
2.3184011160,-1.1363398765
3.0441281951,-0.8173474061
2.1719905468,-1.2616560196
2.9966825547,-0.6488873818
2.7108472261,-1.0416238918
2.1421913894,-1.1364951390
3.0342968598,-0.6151606374
2.4663921501,-1.0888571001
3.0986872647,-0.8499228892
2.1937041292,-1.2859688331
2.9982380637,-0.6476344041
2.0185490231,-1.2177029529
2.9156968857,-0.7072734500
2.3076835963,-1.1469611426
3.1409043748,-0.5309661119
3.0401869451,-0.8149999264
2.1672815654,-1.2624517645
2.9941961695,-0.6483133859
3.0960157457,-0.8916394399
2.1918583799,-1.2450420141
3.0107825464,-0.6333374148
3.0873454239,-0.8516013813
2.1693774719,-1.2883773577
2.9730854358,-0.6651067847
2.5181685531,-1.1508448059
3.1133247684,-0.8482920001
2.3238254772,-1.2363148532
3.1110940177,-0.5597729057
2.4812656551,-0.8914457059
3.1022368054,-0.8517470772
2.2028102041,-1.2835591868
3.0050995615,-0.6429480991
3.0131584102,-0.9223747381
2.8014058254,-0.7587708632
3.0730991774,-0.5552497935
2.7892126020,-1.0105828647
3.0531452751,-0.7965643376
2.2056292120,-1.2833695202
2.9996844034,-0.6425969651
2.4433084189,-1.1311478724
3.0356122697,-0.8421698520
2.2762238117,-1.1673749705
3.1160619498,-0.5530561575
2.1453767537,-1.1308806835
3.0478969533,-0.6049632756
3.0934542589,-0.7596597036
2.4350308254,-1.1230353156
3.0327076080,-0.8425427129
2.2837734480,-1.1651360174
3.1152076867,-0.5502962264
2.9143022015,-0.5666135064
3.1273958164,-0.8945244510
2.1794962347,-1.2895393466
2.9791991944,-0.6596719409
2.7835270030,-1.0300024431
2.4430330797,-1.1178336406
3.0401418702,-0.8467577505
2.2748779984,-1.1688948196
3.1141575853,-0.5549359584
2.9016969453,-0.9633532576
3.0585655367,-0.8532606471
2.2172378854,-1.2232243727
3.0385337365,-0.6124633760
2.4453055897,-1.1336101295
3.0339451761,-0.8437117048
2.2833612234,-1.1656457901
3.1145764313,-0.5509481601
2.4989689235,-1.0518474317
3.0989403989,-0.8506686043
2.1944795852,-1.2853899343
2.9995341732,-0.6453397551
2.8382877534,-0.9911423105
2.4559153102,-1.1331793178
3.0413149556,-0.8471920822
2.2767231252,-1.1685296079
3.1151245564,-0.5551799450
2.5546626146,-1.1044962541
3.0256225290,-0.8351357435
2.2867624143,-1.1624038083
3.1188530837,-0.5471526023
3.1287641779,-0.4047206332
3.1134233139,-0.7437086586
2.2705721291,-1.0478292841
3.0526149476,-0.8518988427
2.2351700382,-1.2015430244
3.0701398992,-0.5894522728
2.2696546072,-1.0470360626
3.0628568241,-0.8547942733
2.2096520866,-1.2252625256
3.0401096768,-0.6145358696
3.0323172551,-0.8472468619
2.3146451614,-1.1363168602
3.0505037401,-0.8036367693
2.1739570420,-1.2892448692
2.9756313329,-0.6629320998
2.6128064301,-1.1070431751
2.7373432187,-0.7011459584
3.1078412631,-0.5302336948
3.1021339408,-0.4233359962
3.1159326506,-0.7406223009
3.0741650499,-0.7771110306
2.7477198810,-1.0460932198
3.1402108342,-0.3951830909
3.0726176290,-0.7778693058
2.7223775653,-1.0557602567
3.1039782693,-0.8479109277
2.2687674225,-1.2607097213
3.0536179941,-0.6001230345
2.8984141185,-0.9641001173
3.0626367430,-0.9061049647
2.4332083151,-1.0445614036
3.1052435473,-0.8457581151
2.3012795332,-1.2471423994
3.0831639852,-0.5766455110
3.0366952006,-0.8427514898
2.2796167502,-1.1713955788
3.1077920697,-0.5586464927
3.1011940418,-0.8489204418
2.2358027470,-1.2736652776
3.0243630413,-0.6238116400
2.4571006108,-1.0945757690
3.0785873517,-0.8501299449
2.1650702045,-1.2810514626
2.9743188188,-0.6634732977
2.5791353268,-1.1222453849
2.6525157893,-0.7642778869
3.0823596560,-0.8528580572
2.1554716723,-1.2826362694
2.9758787021,-0.6640184159
2.5658104392,-1.1243440798
3.0417317876,-0.8488605137
2.2615237517,-1.1825975872
3.0967110193,-0.5710751375
3.1374779652,-0.7195799318
2.6162646302,-1.0771405231
2.6707271378,-0.7549308548
2.4752489753,-1.1301795848
3.0648254869,-0.8513268234
2.1828476323,-1.2469525243
3.0121332708,-0.6344841072
2.7119268711,-1.0420607443
2.5882012844,-1.0914112265
3.0827602845,-0.8500245823
2.1627069094,-1.2885240832
2.9698208255,-0.6647227012
2.4995871248,-1.1572229867
3.0732413255,-0.8506917736
2.1716775156,-1.2698199001
2.9842274627,-0.6558979862
3.0447084365,-0.9260706635
2.6535625082,-0.8747570641
2.3680984884,-0.9783014804
3.0662212017,-0.8518691544
2.1845739135,-1.2468739314
3.0128694453,-0.6349858202
2.5413470147,-1.0188529133
3.0581016635,-0.8531816942
2.2193998881,-1.2214729700
3.0408405505,-0.6107668549
3.1098678016,-0.8497595892
2.2782646367,-1.2550571777
3.0705179363,-0.5905200244
2.9442504183,-0.5450048435
2.6515295396,-0.7678351057
3.0475577279,-0.9097477568
2.5351403362,-0.9639759235
2.5328534603,-1.0210016657
3.0437272937,-0.8526209852
2.2864686205,-1.1604456577
3.1261079980,-0.5464057115
2.4389962347,-1.1322162686
3.0317551191,-0.8409863922
2.2828165079,-1.1660613747
3.1139957662,-0.5513754910
3.0861741380,-0.8515770820
2.1677552211,-1.2878220562
2.9724233971,-0.6653793930
2.5042416323,-1.1570981164
3.0768700285,-0.8520887120
2.1634423379,-1.2716495121
2.9861280950,-0.6571111627
2.9979791971,-0.9389572951
2.9406602620,-0.6562357980
2.2027637023,-1.2828881650
3.0058453695,-0.6412760125
2.8629868862,-0.9794782702
2.3468199741,-0.9944375345
3.0380532222,-0.8430874820
2.2794817857,-1.1669616019
3.1175468409,-0.5538685521
2.4576446261,-1.0903397692
3.0894712301,-0.8475508832
2.1828828115,-1.2888769135
2.9825057763,-0.6549933613
3.0753614824,-0.9127755380
2.3799346789,-1.0846502287
3.0408146242,-0.8261883986
2.2068682417,-1.2286708589
3.0362216728,-0.6182619677
3.1017353529,-0.8905621771
2.1771038274,-1.2614926384
2.9923192454,-0.6487204533
2.9178793543,-0.5622851032
3.0674189688,-0.8520994894
2.1790538362,-1.2573797128
2.9961923693,-0.6444189445
2.7034965910,-1.0437241741
3.0337283269,-0.8491302382
2.3137588226,-1.1422031643
3.1237953677,-0.8432206508
2.6681424241,-1.0803430290
2.4644236331,-0.9037145975
3.0803051961,-0.8523280478
2.1537149133,-1.2818228474
2.9755768265,-0.6631240432
2.6035802749,-1.1115062000
3.0746575845,-0.8522613238
2.1696698265,-1.2712582281
2.9824149215,-0.6567430388
2.9680009903,-0.9539026853
3.1192855746,-0.5185155268
2.5845973070,-0.9754260276
2.5199552602,-1.0334264987
3.1409128528,-0.7234866513
2.8383867444,-0.7692963506
2.9826012455,-0.6246376231
2.5224080713,-1.0285750218
3.0521791839,-0.8014835286
2.1696080345,-1.2906127526
2.9810176108,-0.6594659707
2.8069592660,-1.0147399782
2.5237977023,-1.0336381529
2.3590152233,-0.9840893103
3.0509204374,-0.8504031739
2.2337917911,-1.2019473605
3.0692863439,-0.5894952847
2.6815605009,-0.7443514940
3.0767046852,-0.8516458768
2.1643840068,-1.2776958616
2.9760133279,-0.6609963606
2.6855435887,-1.0726576011
2.5473453457,-1.0094015590
2.5805600753,-0.8210784632
2.8698274692,-0.7454753196
2.7538901864,-0.8011196692
2.4462351400,-1.1312688744
3.0374490050,-0.8430709520
2.2789814492,-1.1667053658
3.1176235242,-0.5532214813
3.1311874861,-0.8428160515
2.9042191908,-0.9779123533
2.7450907832,-0.6960416508
3.0792784684,-0.5533393121
3.0188377493,-0.9186902130
2.7508221436,-0.8025564918
3.0309056749,-0.8378457357
2.2862579562,-1.1600810465
3.1264002702,-0.5456757210
2.5744224702,-1.0943958136
3.0308997248,-0.8451652872
2.3114152833,-1.1386298572
3.0314523403,-0.8377708768
2.2837238445,-1.1677815492
3.1126389949,-0.5546066296
3.1174409576,-0.8451229821
2.4936253699,-1.1605624958
3.0595563270,-0.8512124489
2.2004309747,-1.2306452916
3.0321262737,-0.6186752448
2.4411599894,-1.1318361406
3.0335369750,-0.8416037601
2.2852385990,-1.1657732880
3.1150767638,-0.5520161750
3.1180974361,-0.8480721318
2.4064971292,-1.1984487387
3.1385325827,-0.7190367859
2.6480492406,-0.7688758012
2.4578600322,-1.0912121240
3.0873435906,-0.8482512939
2.1741080669,-1.2899556845
2.9760674590,-0.6606832847
2.7016012059,-1.0650375867
2.9778961909,-0.9343389819
3.0161607166,-0.6001943290
2.7597454845,-0.8360940925
3.0915557639,-0.7648417757
3.1174179031,-0.8478061192
2.4037657803,-1.1993781815
3.0417506400,-0.8115546691
2.1693695023,-1.2722188943
2.9816853458,-0.6574346892
2.9204589238,-0.9726522127
2.7501047758,-0.8393840604
3.0733853936,-0.7798993773
2.6317989868,-1.0937265757
2.4394920670,-1.1170499613
3.0379048630,-0.8461023658
2.2802835830,-1.1694560796
3.1098737890,-0.5557931837
2.5409162260,-0.8476138508
2.5751048052,-1.0940363231
3.0331182906,-0.8478258275
2.3105427120,-1.1391722402
3.0325286211,-0.8425783069
2.2979536763,-1.1561099348
3.1286539217,-0.5419502900
2.4441975446,-1.1083917870
3.0475353172,-0.8492064429
2.2441945735,-1.1987712162
3.0699686264,-0.5866938885
2.7237571890,-1.0354181134
2.4424452689,-1.1130426890
3.0422988547,-0.8480567128
2.2691984559,-1.1790330252
3.0969969020,-0.5663386268
2.7825765883,-0.6676505842
2.8417628021,-0.7282448391
2.8036055888,-0.7605051609
3.0792154995,-0.5474292211
2.3722035047,-0.9720237158
3.0851519159,-0.8483987621
2.1688241096,-1.2898515240
2.9727916754,-0.6631044111
2.5775456044,-1.1216449518
2.5728160503,-0.9910471558
3.0274748053,-0.8427955088
2.3189062458,-1.1380778129
3.0309033169,-0.8426438136
2.2961134186,-1.1556527096
3.1285012163,-0.5403260723
2.4545301651,-1.1330918595
3.0493397298,-0.8506444889
2.2565731057,-1.1860575309
3.0917923399,-0.5744009139
2.5354443074,-0.8548774324
3.0772995033,-0.8533353533
2.1605414777,-1.2728376038
2.9841192612,-0.6574538341
2.9471504617,-0.9572932960
3.1226257914,-0.7318278163
3.0327597098,-0.8354538202
2.2740520421,-1.1713590147
3.1115469593,-0.5585478743
2.5084060576,-1.1190792175
2.5621760267,-0.8354272369
2.6421438750,-0.9296692355
2.7844498553,-0.6686274761
2.8469874121,-0.7258662225
2.7782346413,-0.7817007658
3.0527138143,-0.8061732544
2.1621543594,-1.2900270604
2.9760604262,-0.6647626796
2.5452960172,-1.1344869754
3.1276605866,-0.4022811706
3.1069156834,-0.7500939568
3.1128700254,-0.8475730359
2.3632649351,-1.2214059417
3.1390209014,-0.5348893424
2.8217687837,-0.9960612305
2.8613305273,-0.9793955221
2.6612751542,-0.7598217240
3.0405436678,-0.8197713853
2.1862000377,-1.2467644535
3.0136167372,-0.6353278802
2.3782570474,-0.9670652126
3.1040328167,-0.8458391939
2.2885715704,-1.2523734474
3.0717398795,-0.5854435545
3.0629846051,-0.9040438437
2.4178582153,-1.0614990841
3.0531963320,-0.8514152553
2.2393760810,-1.1999065292
3.0731105021,-0.5886926266
2.5149321606,-1.1170185078
2.7153322287,-1.0412028994
2.4625497204,-1.0921820780
3.0875696919,-0.8507847950
2.1590842928,-1.2894827155
2.9744970874,-0.6656808801
2.5027751542,-1.1540183833
3.0877210049,-0.8479220726
2.1760143798,-1.2898712779
2.9774891256,-0.6591528390
2.7839131945,-1.0281801147
2.6818445516,-0.8966930598
2.6054310409,-1.0847751280
3.0643616744,-0.7887657400
2.3344703874,-1.2303680431
3.1226217302,-0.5488078589
2.9034980064,-0.5745745242
2.6088298204,-1.1037126169
3.1385364363,-0.7255348217
2.5328933079,-1.0249514286
3.0282354763,-0.8315678093
2.2663501584,-1.1804687173
3.0946820222,-0.5673447923
3.0325072262,-0.4737941400
3.0492386187,-0.8097403713
2.1595008427,-1.2828636502
2.9775736476,-0.6648042048
2.5574150655,-1.1298983762
3.0428015969,-0.8085038026
2.1639132265,-1.2800002000
2.9744717255,-0.6623763678
2.6176998045,-1.1037179777
3.0709635994,-0.7824407435
2.5276237063,-1.1421146734
2.4725255987,-1.0784202202
3.1368563039,-0.8420430937
3.0880787204,-0.9112449597
2.3158866103,-1.1379268716
3.0347854554,-0.8390414937
2.2767800691,-1.1687380721
3.1149514042,-0.5555284173
3.0273013887,-0.8433730361
2.3193264261,-1.1371976724
3.0289805713,-0.8323905662
2.2599351435,-1.1845091183
3.0886796409,-0.5709857795
2.4858571282,-1.1270766868
3.0889649967,-0.8489989202
2.1765050726,-1.2896148941
2.9772746587,-0.6610948638
2.6996860797,-1.0670561395
2.4419769343,-1.1200989681
3.0385695695,-0.8455881942
2.2774814501,-1.1667011477
3.1171238063,-0.5525349504
3.0344570762,-0.8477766334
2.3182150484,-1.1356889584
3.0555337812,-0.8015197601
2.1796367547,-1.2891302471
2.9877053568,-0.6555328119
3.1262489342,-0.8933934759
2.1795667649,-1.2895707610
2.9797454305,-0.6578643682
2.8754850219,-0.9896919119
2.4738834910,-0.8990841993
2.1784692617,-1.1116255623
3.0711728661,-0.5860877387
2.8680762776,-0.9779603110
2.8749043722,-0.9741837386
2.8265291175,-0.6330466898
2.4568389411,-1.0311515109
2.6856987761,-1.0522791316
2.7305329184,-0.7059800145
3.1365890397,-0.5084890852
3.0974365798,-0.8494172167
2.1930032101,-1.2856727421
2.9986134284,-0.6456008137
2.4617479571,-1.0946127480
3.0813993835,-0.8518654612
2.1585964374,-1.2803560136
2.9785470200,-0.6632583824
2.6192956667,-1.1006860222
3.0882710002,-0.7668304304
2.9690954041,-0.9346293217
3.0370806753,-0.5815244554
3.0977021385,-0.8498703776
2.2074310670,-1.2832951013
3.0004272309,-0.6431836360
2.0855998049,-1.1720091708
2.9876195120,-0.6545644388
3.1371403029,-0.8905571653
2.2524079319,-1.2673821341
3.0388796862,-0.6121094377
2.5168511277,-1.0377826386
2.4391304253,-1.1847656230
3.0541569333,-0.7991130602
2.1987629175,-1.2855065386
2.9937935713,-0.6480080995
2.7427443195,-0.6989123430
3.0910730516,-0.5388117467
3.1120311364,-0.8998598181
2.1738136450,-1.2665624490
2.9873251142,-0.6533308486
3.0286432653,-0.8442091113
2.3197800280,-1.1375217641
3.0293901933,-0.8379486488
2.2845191536,-1.1651623933
3.1154322659,-0.5506730452
3.0734625052,-0.9039943533
2.3672644022,-1.0976333103
3.0642357956,-0.7885048137
2.3595111191,-1.2228585661
3.1357542329,-0.5371717033
2.6614595972,-0.9117455796
2.6095357975,-0.9536350677
2.3280860161,-1.0073772378
3.0418040982,-0.8208775097
2.1827523806,-1.2492815954
3.0102974454,-0.6373829568
3.0346009443,-0.8239714087
2.2095190404,-1.2225874486
3.0423575534,-0.6105477024
2.4466620869,-1.1333832173
3.0351059871,-0.8440542292
2.2854075193,-1.1652146743
3.1156710428,-0.5511810007
2.4343054263,-1.1245903141
3.0318131012,-0.8416891662
2.2830569801,-1.1654050785
3.1147106569,-0.5504076380
2.4554777650,-1.1011890960
3.0647150699,-0.8521233934
2.1924092600,-1.2401860484
3.0212361150,-0.6288984795
3.1023252058,-0.7539321084
2.5865547917,-0.8150577821
2.6831221431,-0.8928053870
2.7717389239,-1.0135134049
2.3353957089,-1.0027109600
3.0384715150,-0.8303326490
2.2280249228,-1.2097027521
3.0603251837,-0.5988724677
2.4807027767,-0.8917706182
2.9355754845,-0.9485399408
3.0813855255,-0.7696010983
2.7254312922,-1.0318717612
2.4300656913,-0.9316002371
2.6569085176,-0.7613543870
3.0336415505,-0.8470375090
2.3147455981,-1.1376662492
3.0344984457,-0.8314465976
2.2406958923,-1.1969967880
3.0762240810,-0.5847027036
3.0346270582,-0.9171896379
2.6717479814,-0.8611336999
2.9957854496,-0.5058875047
2.4424701912,-0.9233126976
3.0730942058,-0.7822431782
2.5697040894,-1.1229570172
3.0764694533,-0.7750743606
2.8669972460,-0.9949924795
2.8190487857,-0.9968811577
3.0658292497,-0.8513652737
2.1764565259,-1.2579489391
3.0011788585,-0.6460901833
2.4384082035,-1.1301161867
3.0328492343,-0.8409279498
2.2838049504,-1.1665453555
3.1138555532,-0.5526243028
2.9636901943,-0.5292864172
2.6766754069,-1.0571841456
2.4827691154,-1.0716765367
2.3040869257,-1.0221323960
3.0711904998,-0.7796893805
2.6362055989,-1.0952629355
3.0490462016,-0.8092306676
2.1586900071,-1.2837096395
2.9767668508,-0.6650502003
2.5419063490,-1.1367834576
3.0536027067,-0.8526487919
2.2293814950,-1.2111697841
3.0535075415,-0.5995022286
3.0514984644,-0.8518812510
2.2275818945,-1.2108141554
3.0591693916,-0.6004173826
3.0308060432,-0.8276238357
2.2429244804,-1.2007456044
3.0677371893,-0.5891634172
2.9578655204,-0.5325464569
3.0722895061,-0.8508681591
2.1634162655,-1.2739003470
2.9846232488,-0.6592422215
2.8633930655,-0.9933424657
2.4339586715,-0.9261865299
3.0763376051,-0.8492394506
2.1597967905,-1.2827423066
2.9777166189,-0.6649941893
2.5527466970,-1.1322998477
2.4425011764,-1.1306780640
3.0353635167,-0.8419860359
2.2757681689,-1.1675659401
3.1157272310,-0.5531603152
2.5989375350,-1.0882663912
2.5263879758,-0.8591502008
2.5617732978,-1.0005821824
2.7574983037,-0.8321269759
2.4107447749,-0.9456384648
3.0563895923,-0.8527580453
2.2191561286,-1.2202418975
3.0418158156,-0.6088735338
2.1307199035,-1.1438898683
3.0238400821,-0.6211914060
2.4454432509,-1.1030966020
3.0636136165,-0.8526897273
2.2038760532,-1.2314152746
3.0327878390,-0.6210591649
2.6953260198,-1.0478943211
3.1100874817,-0.8477845098
2.3268942973,-1.2371825902
3.1053463195,-0.5609118162
3.0425285900,-0.8087150911
2.1640150342,-1.2793906777
2.9748749355,-0.6619871865
2.6358064892,-1.0953605668
2.9223737651,-0.5629719318
3.0911351593,-0.8531405377
2.1622061336,-1.2895916809
2.9760053284,-0.6656782617
2.5167479411,-1.1484224525
3.1254888625,-0.8432114805
2.6964695022,-1.0683117573
2.0200811523,-1.2149685472
2.9259890154,-0.7021644898
2.2432015431,-1.1950334201
3.0789917384,-0.5824202303
3.0487358800,-0.9122290724
2.5607302369,-0.9469861294
2.8330176322,-0.7773798037
3.0397265763,-0.5785219210
2.5895672457,-0.8147895516
2.6989382931,-0.8835836624
2.6252392044,-0.7892958211
2.5007213794,-0.8810676404
2.4461815625,-1.1055336992
3.0522258323,-0.8497688537
2.2253532475,-1.2146868692
3.0489394115,-0.6031307747
3.0569093841,-0.8522109799
2.2101373362,-1.2268358894
3.0328071123,-0.6149138406
2.5366208851,-1.0188859007
3.0655289123,-0.8549296976
2.2015126203,-1.2329528441
3.0306179976,-0.6223271323
2.5432475635,-1.0104995139
2.7316765354,-0.7058710194
3.1375029519,-0.5039184833
3.0409524333,-0.8485147196
2.2903838600,-1.1586229567
3.1291613266,-0.5452052641
2.8744509344,-0.5991674314
2.1577347946,-1.2845069644
2.9762265432,-0.6641430293
2.5656499647,-1.1247110182
3.0976112059,-0.8468940233
2.2288056315,-1.2753455440
3.0196435481,-0.6256642524
2.8637354147,-0.9762710479
2.4378721854,-1.1272064991
3.0336864832,-0.8415856608
2.2853724928,-1.1658481670
3.1150488657,-0.5522006238
3.0983120076,-0.8497550310
2.1947308091,-1.2853673722
2.9996413132,-0.6454272169
2.8222985123,-0.9918063544
2.5739491897,-1.0953366277
3.0311454373,-0.8359900104
2.2766811775,-1.1677432989
3.1158680708,-0.5538536605
2.2682986614,-1.0470689444
2.4504542736,-1.1327462770
3.0386666771,-0.8447414511
2.2804653094,-1.1656165832
3.1191583163,-0.5521219839
2.7830689866,-0.6654944386
2.8209331088,-0.7477153382
2.9807660477,-0.6220571916
2.4616129945,-1.1326279571
3.0466400791,-0.8493360707
2.2556450712,-1.1906669270
3.0814348588,-0.5789217545
2.6178537632,-1.0799172628
2.2138698074,-1.0857178852
3.1095431869,-0.5533571736
2.1530112695,-1.1295159660
3.0450702688,-0.6065279033
2.5408404277,-0.8484470033
2.6507556517,-1.0640770018
2.8636881743,-0.7481364616
2.7835432030,-0.7762102315
3.1277895532,-0.7324380226
2.5243034943,-1.1130326897
2.4729572731,-1.0748045441
2.1705427390,-1.1136869868
3.0732831799,-0.5851694940
3.0690969596,-0.9047867797
2.3928933534,-1.0768687494
3.0319027085,-0.8367323372
2.2714885118,-1.1766628218
3.1000317525,-0.5635138837
3.0400484474,-0.8511735362
2.2854595922,-1.1642351627
3.1166317790,-0.5496077264
3.1327105866,-0.3983834978
3.0902918766,-0.7649158559
2.7083845711,-1.0434669592
2.4387974927,-1.1326690292
3.0311237076,-0.8410398198
2.2821119084,-1.1658496845
3.1194874811,-0.5532552447
2.5684803506,-0.9900303135
2.7480396124,-1.0248350931
2.6348647299,-0.7771758883
3.0861731912,-0.4350781886
3.0329560007,-0.8426329207
2.2984288561,-1.1561783344
3.1287423778,-0.5422868178
2.6321468035,-1.0722920777
2.5939854328,-1.0895471253
3.0595763324,-0.4555450512
2.4552583719,-1.1331146005
3.0411044754,-0.8467422447
2.2798424948,-1.1667467836
3.1178698043,-0.5536899445
2.4732625043,-1.1296562486
3.0666056345,-0.8495974742
2.1744005410,-1.2616815614
2.9911242133,-0.6479659645
2.7164308801,-0.8725060274
2.4461372995,-1.1154471451
3.0434909468,-0.8484057462
2.2724355902,-1.1723206878
3.1100804473,-0.5594061452
2.7427214826,-0.8479570950
2.5485377805,-0.8468237315
2.5414523917,-1.1100811352
2.6689435080,-0.7521681690
3.0395413282,-0.8198289343
2.1871751424,-1.2450561299
3.0153432038,-0.6334376024
2.0783112509,-1.1755687079
2.9818040499,-0.6573658744
2.8830469634,-0.9826780347
3.1270478867,-0.8452903627
2.6724388146,-1.0801284380
2.6277684443,-0.7837342885
2.6818358918,-1.0537486817
2.4823004977,-1.0687597130
2.4439139354,-1.1300702020
3.0367948968,-0.8424014246
2.2775818057,-1.1674825292
3.1164137993,-0.5538516748
3.0690226522,-0.8527199805
2.1810795423,-1.2572860927
2.9970717446,-0.6449686229
2.4486669945,-1.1083206145
3.0507036413,-0.8505470983
2.2387062930,-1.1985688595
3.0740809038,-0.5863427243
3.0543972393,-0.9103716925
2.5165866287,-0.9812798388
3.0990773635,-0.8518123507
2.1878136224,-1.2875713705
2.9934931579,-0.6516853783
3.0343860414,-0.8482132151
2.3172384969,-1.1358886373
3.0535658212,-0.8028197335
2.1701256679,-1.2905112349
2.9811174143,-0.6601600969
2.7768109398,-1.0285662866
2.4479516770,-1.0996716433
3.0709969449,-0.8526566406
2.1791884343,-1.2546413898
3.0047520293,-0.6429836967
3.0102469872,-0.4926296713
2.9711276433,-0.9380416267
3.0550776947,-0.5657348477
3.0051618136,-0.9245061480
2.8550667757,-0.7231565790
2.7434168445,-0.8061791726
3.0503606942,-0.8498577260
2.2432436340,-1.1959802937
3.0780332237,-0.5842430682
3.0034578979,-0.9224719450
2.8390387902,-0.7329379640
2.8472354454,-0.7236791155
2.7554946744,-0.7973581511
3.1142724011,-0.8460041776
2.3981638048,-1.2060836435
2.5215362694,-0.8648947257
2.8747030133,-0.5946908492
2.1697955127,-1.2890349629
2.9740410084,-0.6615548280
2.6444950789,-1.0903801016
2.4501389289,-1.1325121236
3.0387975204,-0.8445046666
2.2809689648,-1.1656181929
3.1193253842,-0.5523545712
3.1257576563,-0.7273464479
3.0253445861,-0.4848264161
3.1350670784,-0.8454170100
2.8607488165,-0.9931040987
3.0371244778,-0.8206786339
2.1916408782,-1.2390344299
3.0218956998,-0.6269810123
2.8343383731,-0.6299902877
2.4105423793,-1.0637186689
3.0459536698,-0.8490453916
2.2542077736,-1.1911229539
3.0805129116,-0.5790183949
2.7397612350,-1.0292727199
2.8505957741,-0.9853796263
2.4416130863,-1.1235474468
3.0374143215,-0.8439895343
2.2790419857,-1.1658999293
3.1184124107,-0.5519331384
2.9107527188,-0.9617405983
2.4450626604,-1.1335041296
3.0338693125,-0.8436272296
2.2835116378,-1.1655469930
3.1147219720,-0.5508545940
3.0584919822,-0.7920973296
2.2651735214,-1.2626064629
3.0497238670,-0.6041698871
3.0685746372,-0.8522613709
2.1781898110,-1.2590358994
2.9946052041,-0.6461062496
2.7779081348,-0.6688992693
2.8571145018,-0.7198418744
2.7029366840,-0.8351764564
3.0363022412,-0.8430500431
2.2783386294,-1.1715715482
3.1071945868,-0.5583541053
3.1034640610,-0.8479987061
2.2634290961,-1.2628311522
3.0488881132,-0.6038340033
3.0662339739,-0.8518218520
2.1792818069,-1.2562021587
2.9971742725,-0.6430726041
2.1444274484,-1.1361248363
3.0359271573,-0.6139444577
2.6022860062,-0.8040716421
2.4757282568,-1.1294417532
3.0692636424,-0.8500827980
2.1733481127,-1.2648411229
2.9884028214,-0.6511829836
3.1269095358,-0.7280995550
2.9003137869,-0.5764193281
2.5573871356,-1.1309326745
3.1403109759,-0.8457014625
3.0019528068,-0.9384845581
2.9257899595,-0.6684830362
2.1643027024,-1.2724331060
2.9861418364,-0.6574772984
2.9781003961,-0.9468516609
3.0532821627,-0.5712110797
2.8294623138,-0.6317659247
2.4327454410,-1.0443548741
3.1068848057,-0.8447633028
2.3372247821,-1.2310902676
3.1171137754,-0.5491882595
2.5306960782,-1.1112971451
3.0464594709,-0.9096655611
2.5479199286,-0.9602798953
2.7663654049,-1.0192693069
3.0807330739,-0.4371558229
3.0719420596,-0.8534657515
2.1789212913,-1.2551083428
3.0042923796,-0.6434687553
2.8958769337,-0.9645629323
2.3047284390,-1.0198333948
3.0657234898,-0.7845261023
2.4464527803,-1.1825363242
3.0487971133,-0.8085412411
2.1549806561,-1.2867313530
2.9736316875,-0.6653858328
2.5029053211,-1.1532517868
3.0911665914,-0.8468465181
2.1931684528,-1.2864273710
2.9971876247,-0.6496795386
2.5156494869,-1.1173676628
3.0908478306,-0.7581984085
2.9337898398,-0.9675820768
3.0548632262,-0.8513713556
2.2288453531,-1.2081376469
3.0619877833,-0.5968943485
3.0480125066,-0.4628596271
3.0880653227,-0.4325417879
3.0404407272,-0.8101753538
2.1623841969,-1.2765617039
2.9825225659,-0.6611457429
2.7481456618,-1.0432163816
2.4721177076,-1.1311870885
3.0583873848,-0.8515951482
2.2113067623,-1.2223814415
3.0431764541,-0.6110097064
3.0333413575,-0.4787975971
3.1161769278,-0.8494317611
2.3491780000,-1.2251546518
3.1345983490,-0.5413877232
2.7629460641,-0.8322051364
2.4534460186,-0.9137506467
3.0537527305,-0.8037598446
2.1683857639,-1.2903131259
2.9795632929,-0.6628901561
2.6463483826,-1.0884938521
2.5685977497,-0.9883571185
2.4608267021,-1.0949263035
3.0800778672,-0.8517096200
2.1584694504,-1.2789994334
2.9793036343,-0.6622448619
2.6649631750,-1.0794119386
2.6471845200,-0.7705998885
3.0639730984,-0.7843783324
2.4272526056,-1.1908011074
3.0857682592,-0.7686106588
3.0763949505,-0.7752889163
2.8549230316,-1.0001823777
2.3150714140,-1.0129858120
3.0475481514,-0.8057449906
2.1657160516,-1.2880285024
2.9714845783,-0.6648230045
2.5116800658,-1.1526865202
3.0998050061,-0.8490298138
2.2060873844,-1.2819222045
3.0087773139,-0.6383002336
2.6547965411,-0.7636088627
3.0444347807,-0.8524452470
2.2719790332,-1.1702725474
3.1118677155,-0.5558788630
2.4514746718,-1.1063397538
3.0548179389,-0.8514531800
2.2286115395,-1.2081698300
3.0618747734,-0.5968475099
3.0241954297,-0.4809643251
2.4084262630,-0.9468235303
2.5273942742,-1.1151951769
2.4880795823,-0.8889081193
3.0446181098,-0.8095258131
2.1542922469,-1.2809213852
2.9764015681,-0.6624759263
2.6349507189,-1.0971331643
2.0259399461,-1.2135029133
2.9220294702,-0.7031211069
2.2647168456,-1.1827774160
3.0920467732,-0.5700348220
2.5238825115,-1.1137741110
3.0617292656,-0.8517930334
2.1900164966,-1.2447093957
3.0166980136,-0.6340738011
3.0570918388,-0.7925305719
2.2533175845,-1.2668846618
3.0397900579,-0.6113106325
2.4517639146,-1.0964715561
3.0711465063,-0.8491406134
2.1644570319,-1.2735501602
2.9787087871,-0.6574573190
2.8752664328,-0.9888560501
3.0977969536,-0.8954978679
2.2045457166,-1.2297991605
3.0343522494,-0.6191405035
2.7428602538,-1.0255152653
2.5451855725,-1.0113756863
2.9950895344,-0.9296685813
2.9268076148,-0.6633499862
2.1639940728,-1.2855222968
2.9718380439,-0.6640689575
2.5368273126,-1.1407073500
2.5809232596,-1.0954393527
3.0282048598,-0.8346515238
2.2829506034,-1.1676386283
3.1125215040,-0.5540121800
2.5760576920,-1.0942235531
3.0328522654,-0.8468931630
2.3134264278,-1.1378583599
3.0335113075,-0.8311800254
2.2398064001,-1.1967951921
3.0760936682,-0.5840118642
3.0175202811,-0.9224026732
2.7880788214,-0.7705485513
3.1140851933,-0.7454200660
2.5417957109,-1.0155393298
3.1104531940,-0.8458861591
2.3712337053,-1.2161696224
3.0838544775,-0.8527821292
2.1593230968,-1.2819617813
2.9779395597,-0.6644558083
2.5722099372,-1.1230034848
3.0307227904,-0.8443628621
2.3126241216,-1.1383410142
3.0322310250,-0.8364827881
2.2663622648,-1.1747984580
3.1056897066,-0.5606642870
3.0428145421,-0.8100017825
2.1667177579,-1.2766742432
2.9776880417,-0.6606148074
2.7206677668,-1.0576729476
3.0594591451,-0.7927290134
2.2516227394,-1.2648472117
3.0481971028,-0.6063526160
2.4750928572,-1.1300433485
3.0656481278,-0.8509533088
2.1890147362,-1.2502231594
3.0056211882,-0.6389244881
2.5248418825,-1.0283597051
3.0530817449,-0.8032316831
2.1678204166,-1.2905022080
2.9793677147,-0.6623191035
2.6657225996,-1.0790330717
2.7651150506,-0.6812144358
2.9655109395,-0.6340010248
3.0652337670,-0.9169521929
2.4679516420,-1.0167813427
2.7400759338,-1.0279217077
2.9943870041,-0.5061223224
2.8093575178,-0.7912158165
3.1384390661,-0.5065776687
3.0561543330,-0.8518494725
2.2148309117,-1.2177249916
3.0484846870,-0.6055764223
3.0552787150,-0.8025461458
2.1761873390,-1.2897097698
2.9853873276,-0.6568464901
3.0072984889,-0.9343804341
2.8720829979,-0.7077040739
2.5617719548,-0.9442304605
2.4749582410,-1.0765799427
3.0299055737,-0.8449165780
2.3243819266,-1.1352814797
3.0433608356,-0.8112019866
2.1667722641,-1.2761150967
2.9780611985,-0.6601797813
2.7431858078,-1.0475414773
2.4518949745,-1.1335447232
3.0381155935,-0.8464159768
2.2729307038,-1.1739784752
3.1030722266,-0.5598316652
3.0507878420,-0.8078261144
2.1599542754,-1.2866438927
2.9759382643,-0.6661091298
2.5030013497,-1.1551180558
3.0833392866,-0.8494678910
2.1658909763,-1.2875931728
2.9716082432,-0.6653070023
2.4989587193,-1.1590090639
3.0672202783,-0.8519931483
2.1828190976,-1.2489184257
3.0105817658,-0.6370216443
3.0585464850,-0.7948723279
2.2274520152,-1.2743656267
3.0268471879,-0.6237910131
2.4897571534,-1.1258159100
3.0994181255,-0.8475121211
2.2310598910,-1.2753927393
3.0202768556,-0.6271062891
3.0923678024,-0.8491379630
2.1888184142,-1.2876867758
2.9868702092,-0.6517850452
3.0657658132,-0.7807254785
2.5204571439,-1.1474308890
3.1341455202,-0.8424383125
2.9726366284,-0.9528227933
3.1032307120,-0.5310794591
3.0230706900,-0.4849424700
2.7928899954,-1.0037397684
2.4790595170,-1.1298189586
3.0687222554,-0.8521844608
2.1805397500,-1.2517742170
3.0074738101,-0.6398737761
2.4522424967,-1.1037612066
3.0586868890,-0.8515144910
2.2086708352,-1.2243893594
3.0404855453,-0.6128926057
2.4768963345,-1.0740547871
3.0323770313,-0.8339867894
2.2662932702,-1.1769895747
3.1036018436,-0.5641659574
3.0310857819,-0.8443924821
2.3129120901,-1.1384803247
3.0326734901,-0.8389762535
2.2766750505,-1.1668263504
3.1167395642,-0.5523575812
2.8814390385,-0.9699676108
3.0366027893,-0.8242108118
2.2091272345,-1.2246533782
3.0404520531,-0.6133857603
2.6592334749,-0.7616397471
3.0335956698,-0.8453517957
2.3141481494,-1.1393213615
3.0420627133,-0.8493607936
2.2829111399,-1.1636646673
3.1218384125,-0.5500536368
2.4409046379,-1.1291900668
3.0351051344,-0.8417782282
2.2752597206,-1.1677995854
3.1153340885,-0.5533101814
3.0457691262,-0.8523363824
2.2666536937,-1.1805304465
3.0947110382,-0.5676241145
2.2916935365,-1.0294043618
3.1006322106,-0.7502743151
3.0471052361,-0.8112005772
2.1597917826,-1.2786005154
2.9801568084,-0.6621092813
2.6801035067,-1.0729719804
2.7867811531,-0.6660370360
2.8197894297,-0.7457252515
2.9697776506,-0.6338622643
3.1299997503,-0.8917619725
2.2013963469,-1.2845298878
2.9966317538,-0.6442235849
2.5670613112,-1.0989969893
3.1033702062,-0.7556365038
2.7740842668,-0.8251591931
2.6164494755,-0.9482605578
3.1059718331,-0.8511646809
2.2296448595,-1.2745569553
3.0273355146,-0.6254294380
2.0380557833,-1.2051747227
2.9336975620,-0.6933252782
2.1872103547,-1.2503638908
3.0049338918,-0.6380527704
2.8151052736,-0.7871450818
3.1131415558,-0.5257932937
3.0586516600,-0.7940746098
2.2347841671,-1.2714592697
3.0333974721,-0.6182257887
3.1317455542,-0.7267745361
3.0508830545,-0.9102851140
2.5289922053,-0.9703918313
3.1135994228,-0.7392049525
3.0314343603,-0.8478491344
2.3123681643,-1.1419104929
3.1081881653,-0.8500225421
2.2524458152,-1.2662333399
3.0465892169,-0.6108042608
2.1502418916,-1.1293004753
3.0509568763,-0.6049323699
3.1125164416,-0.7454910879
2.8320776623,-0.7730929604
3.0133395543,-0.6002414153
2.9705991311,-0.9367215185
3.0511746714,-0.5734854495
2.9837704734,-0.5148928671
3.0729467860,-0.8540818831
2.1718649134,-1.2600944556
2.9977435417,-0.6471439139
2.4528579327,-0.9150762413
3.0682021074,-0.7793702428
2.5872040464,-1.1170199546
3.0385451898,-0.8103834351
2.1644757868,-1.2728245027
2.9858142344,-0.6583951135
2.9237659240,-0.9687508791
3.0910330572,-0.8486933479
2.1833597090,-1.2889248714
2.9820231387,-0.6573859641
2.9337612260,-0.9673450115
3.0531784967,-0.8510628887
2.2340831959,-1.2034642322
3.0680290774,-0.5919450159
2.6357182599,-1.0695150366
2.4784040356,-1.1286803088
3.0748547641,-0.8496843310
2.1644277561,-1.2773863331
2.9762261433,-0.6607571376
2.6973802843,-1.0672566414
2.4846766462,-1.0669363504
3.0433678023,-0.8094475937
2.1660781204,-1.2782989913
2.9764156056,-0.6617013030
2.6634084772,-1.0835399695
2.4777155181,-1.0757427525
3.0304990760,-0.8356087948
2.2750771938,-1.1684236621
3.1146818767,-0.5542338025
2.7544542204,-0.6872640109
3.0088086638,-0.6032676185
2.1012244374,-1.1622166267
3.0024745186,-0.6429364105
2.8849118413,-0.7320810870
2.6016032884,-0.9176530657
2.5250360578,-1.1145400174
2.4840995377,-1.1283883466
3.0795224042,-0.8513916784
2.1572578250,-1.2794496841
2.9785109371,-0.6622879190
2.6542959113,-1.0837995847
2.4353766178,-1.1304119274
3.0306208877,-0.8400047308
2.2805912679,-1.1671398573
3.1122154833,-0.5521247739
2.6744774122,-0.7482711230
3.0622144605,-0.8524362020
2.1953116524,-1.2413569093
3.0151122828,-0.6295729685
3.0550005587,-0.4591819915
2.5842180802,-0.9742940951
3.1001190133,-0.8950785260
2.1963807821,-1.2376663783
3.0247701064,-0.6270273869
2.7286571957,-0.8564741475
2.6328465867,-0.7797765845
2.4415960610,-1.1273510835
3.0363958166,-0.8424508300
2.2772885702,-1.1672416888
3.1165453243,-0.5533244752
2.8446441335,-0.6183225983
2.2779557259,-1.1694364682
3.1148536287,-0.5567142806
2.9298027762,-0.5572639874
2.2041589808,-1.0939872441
3.0981303950,-0.5635745711
3.0973197745,-0.8483560018
2.2179075397,-1.2792392977
3.0102748274,-0.6333313540
3.0642882950,-0.9027477381
2.3977380082,-1.0763602727
3.0357911566,-0.8380104331
2.2644748431,-1.1781827808
3.1018576396,-0.5652846861
3.0810851322,-0.8528920324
2.1554042532,-1.2810795255
2.9767404345,-0.6630178262
2.6084015109,-1.1043596440
3.1226495860,-0.7350914628
2.6116883482,-0.7965252844
3.0673997422,-0.8540158000
2.1847086516,-1.2461635979
3.0134798074,-0.6341110366
3.0372210921,-0.8181379760
2.1924591777,-1.2466919104
3.0097648404,-0.6355086710
2.9615632073,-0.5286119888
2.6433486263,-1.0690047736
3.0010803412,-0.9260928278
2.8755548152,-0.7011968769
2.4921058479,-1.0008551750
3.0476593049,-0.8513756647
2.2646829754,-1.1787870194
3.1013523234,-0.5663762929
3.0277949251,-0.8275609716
2.2444340593,-1.1968915666
3.0717927353,-0.5838233321
3.0554386468,-0.9057625151
2.4669108459,-1.0223984400
3.0934159648,-0.8516960328
2.1691697144,-1.2907577405
2.9804211250,-0.6605991319
2.7485651372,-1.0409369613
2.8287284239,-0.7776218793
3.0476099327,-0.5760491438
3.1081432951,-0.8497690021
2.2632115771,-1.2610073310
3.0573778188,-0.6004945428
2.6132407146,-0.9529811761
2.2256428315,-1.0757116953
3.1288325307,-0.5435536558
3.0074503168,-0.4960944331
3.0048014272,-0.9215894395
2.8258937811,-0.7426665498
2.9394287823,-0.6527476248
2.2426271543,-1.2698222477
3.0381283108,-0.6175631414
2.4376662570,-1.1271986325
3.0335396474,-0.8415355478
2.2851742999,-1.1658704920
3.1149615577,-0.5521461438
3.0984437792,-0.8900068876
2.1777839100,-1.2579454596
2.9952272095,-0.6447893163
2.7950389721,-0.6561551863
2.7168299338,-0.8268717345
2.4741958861,-1.0742593673
2.4434881090,-1.1055823054
3.0588262938,-0.8523615114
2.2215305333,-1.2158332793
3.0525845401,-0.6054476937
3.0976536826,-0.8519746386
2.1816612344,-1.2889145469
2.9889183798,-0.6551042644
3.0294319422,-0.8465338070
2.3205766204,-1.1359390732
3.0388202124,-0.8128334731
2.1682992693,-1.2684034953
2.9838472477,-0.6533565236
2.4766336949,-1.1294761302
3.0692745475,-0.8506238451
2.1775824936,-1.2616666648
2.9924200449,-0.6489518594
3.0271569603,-0.8392747517
2.3054616981,-1.1489395006
3.1381320761,-0.5335154407
3.0570841999,-0.8538527080
2.2192367728,-1.2142611581
3.0531116630,-0.6021996817
3.0821786860,-0.8518814102
2.1649679611,-1.2838713961
2.9727614774,-0.6648396470
2.5221588679,-1.1486542917
3.1279943447,-0.8456618754
2.6352823880,-1.0933847896
2.5459737659,-0.8469127278
2.5180584703,-1.1169881103
2.5535648572,-1.0025584475
3.0592496597,-0.8524297704
2.2057146034,-1.2318017769
3.0269515939,-0.6202767492
2.6690099631,-1.0554280718
3.0384536609,-0.8155785027
2.1813842230,-1.2572208069
2.9972741334,-0.6448842228
2.5099833410,-1.1205268016
2.4738035853,-1.1293334055
3.0688843185,-0.8490938903
2.1668378602,-1.2694840643
2.9890091657,-0.6559243662
3.1175437699,-0.8979923729
2.1653052734,-1.2804499595
2.9747078609,-0.6633566731
2.5868271610,-1.1188543303
3.0770046583,-0.7733248277
2.9535650512,-0.9593748680
3.1254613002,-0.7360803882
2.5690604640,-0.9880545916
2.5883817297,-1.0923681257
3.0600720967,-0.8527803645
2.2070951785,-1.2314908544
3.0277319880,-0.6203610544
2.9854153755,-0.9291687169
2.9529551565,-0.6458528323
2.4191992335,-1.1921403819
3.0893757754,-0.7604691488
2.4792079776,-1.0710844190
2.7928141162,-1.0045086460
2.4449994265,-1.1205305035
3.0406555104,-0.8461856972
2.2813175521,-1.1658423033
3.1192269193,-0.5528841752
3.0591164947,-0.9074372209
2.4627149207,-1.0217519388
3.0917751615,-0.7625042833
3.0426217372,-0.8182442272
2.1799791682,-1.2541979968
3.0054302556,-0.6426085151
2.5625592318,-1.1016721991
3.1276995503,-0.8457539136
2.6561898361,-1.0823485279
2.5697682022,-0.9940740712
2.9506691145,-0.9435310700
3.1377127022,-0.5082384261
3.0898383325,-0.8513482025
2.1618927449,-1.2902331502
2.9758010625,-0.6649345045
2.5374622378,-1.1381004403
3.0252325416,-0.8369034934
2.2955340732,-1.1551705433
3.1287903297,-0.5392377518
2.5465198857,-1.1083058434
3.0332322278,-0.8299711980
2.2433196245,-1.1953314053
3.0786648947,-0.5832216021
3.0135791547,-0.9183324467
2.7639171489,-0.7903209074
3.0482427515,-0.8495922454
2.2508125347,-1.1950414287
3.0757112326,-0.5837043843
3.0139313868,-0.9230866056
2.8066580168,-0.7556733042
3.0510240280,-0.5727468566
2.5555136704,-1.0029291675
3.0382733140,-0.8507299143
2.3047586932,-1.1508672240
3.1359987761,-0.5364342897
2.6996884516,-0.8847949900
3.0509912217,-0.8538082588
2.2501697251,-1.1890792065
3.0867750616,-0.5764054413
2.5737762461,-1.0959945476
3.0357598739,-0.8272410758
2.2257826229,-1.2109492045
3.0584172888,-0.5998270152
3.0602056808,-0.8522985804
2.2010106535,-1.2358304352
3.0218171204,-0.6241288110
2.6648358155,-1.0594963364
2.7155998704,-0.7165666336
3.0675076342,-0.7831576237
2.4967434531,-1.1595049313
3.0643988636,-0.8515929068
2.1871919318,-1.2435655285
3.0165090289,-0.6315541487
2.9311944021,-0.9628445173
3.0380840549,-0.8417126441
2.2756074366,-1.1705027538
3.1128788602,-0.5578738916
2.5841887886,-1.0909706556
3.0983061019,-0.8507170974
2.1912281107,-1.2862865694
2.9969902564,-0.6472835941
2.0131687841,-1.2202361984
2.9115283839,-0.7092386117
2.3299289729,-1.1278039247
2.2952865313,-1.0283400699
3.1009127825,-0.7529993225
3.0209665726,-0.4879402249
3.0974173984,-0.4282762125
2.8743501513,-0.6003157710
2.1603609655,-1.2814551005
2.9789853820,-0.6632670045
2.6240343911,-1.0987786128
2.7221053738,-1.0341086628
2.5593158615,-0.9956276520
2.7202243246,-1.0388810801
3.1063067097,-0.8920174625
2.1674824008,-1.2652187572
2.9922186871,-0.6517148812
3.0473255066,-0.8082482907
2.1556534801,-1.2846480036
2.9749361478,-0.6648663800
2.5301496112,-1.1409856211
3.0730715441,-0.9033868737
2.3616820321,-1.1012454630
3.0753061239,-0.7762592870
2.8210837479,-1.0134059558
3.0478725735,-0.9094942167
2.5404482141,-0.9663761055
3.1342113747,-0.8463979440
2.7834873202,-1.0271762676
2.0881111414,-1.1730193158
2.9811903215,-0.6556054161
2.9754447875,-0.9503542838
3.0799388871,-0.5472309382
2.4465464448,-1.1331183162
3.0356109381,-0.8436742805
2.2877445614,-1.1645490247
3.1170896074,-0.5511613707
2.7428641177,-0.6991883611
3.0969065657,-0.5357497774
3.0320861603,-0.8301192246
2.2446856861,-1.1932403478
3.0810539445,-0.5805377213
2.9968725741,-0.9301590866
2.9268826160,-0.6643826019
2.1657049160,-1.2833117721
2.9736356549,-0.6638266937
2.5613594612,-1.1302852578
3.0343868690,-0.8268144887
2.2250101645,-1.2104127112
3.0586092897,-0.5987063566
2.8124919914,-0.7947438715
3.0689640534,-0.8531264662
2.1833781866,-1.2494252930
3.0104069227,-0.6378663255
3.1105779633,-0.4170431483
2.7104653698,-1.0411858898
3.0306967084,-0.8278703595
2.2451575072,-1.1990485586
3.0700712284,-0.5874824623
2.5283808358,-1.1140927915
2.9619839674,-0.5298930453
3.0661203221,-0.9046631993
2.4026987887,-1.0680584800
3.0370847599,-0.8458778285
2.2768899703,-1.1709550199
3.1072993757,-0.5566972121
3.1343253846,-0.7295460621
2.5694131035,-0.8309852845
2.7657997499,-0.8310944372
2.7304073879,-0.8602867847
2.9901817340,-0.9279261768
2.9294527801,-0.6642579873
2.1568179999,-1.2857864074
2.9751102125,-0.6646961581
2.5372859574,-1.1376277982
2.5188336631,-1.1164869063
3.0174471786,-0.4878621225
2.1175780568,-1.1519305337
3.0178429824,-0.6318039733
3.0291338640,-0.4793082570
3.0290227200,-0.8440852516
2.3222942713,-1.1364074441
3.0326959912,-0.8271987039
2.2316321990,-1.2099839602
3.0553933287,-0.5985752392
3.1176038744,-0.8478794146
2.4036487156,-1.1995759409
2.4764654291,-1.0777060757
2.9449689931,-0.5414542363
2.8492905690,-0.7591158962
2.8932076135,-0.6914753983
2.3596083085,-1.1010109763
3.0774576547,-0.7817079915
2.6526845431,-1.0862893659
2.8984480589,-0.9636662399
2.8615012780,-0.6064104824
2.1839250061,-1.2533104844
3.0014369597,-0.6403695516
2.1713316237,-1.1150276278
3.0658199934,-0.5875455121
2.5498056252,-0.8456706505
2.4895404679,-1.1270227216
3.0911930324,-0.8504326895
2.1660414456,-1.2907806652
2.9782390550,-0.6628011201
2.6348707650,-1.0928260402
2.4705071711,-1.1310581317
3.0579517249,-0.8508949673
2.2151358889,-1.2259062808
3.0354625444,-0.6155028240
2.6678893570,-0.9113783822
2.6257757605,-0.9451511344
2.8115731043,-0.7930648608
3.0800036097,-0.7685550785
2.8966971790,-0.9673703179
2.4681715726,-1.0853898543
3.1100019528,-0.8476980356
2.3007094465,-1.2453707320
3.0911412535,-0.5739145362
2.1109764518,-1.1555697580
3.0052478944,-0.6352170656
3.0376808904,-0.9115477724
2.6030497777,-0.9163996347
3.0532863462,-0.8048651672
2.1656514947,-1.2899136502
2.9778838721,-0.6646129596
2.5681777040,-1.1248718263
3.1236245234,-0.8440731767
2.6286434562,-1.0992248764
2.8580981383,-0.9805189642
2.3248674854,-1.0076738427
3.0421797053,-0.8182900994
2.1725620070,-1.2583440807
2.9993498878,-0.6451970203
2.8091464202,-0.9971012655
3.1024947492,-0.7496043731
2.8608305224,-0.7505685370
2.8087839439,-0.7568940758
3.0536665911,-0.5669943501
2.6709401758,-1.0568953724
2.4420452240,-1.1324553139
3.0334391976,-0.8420324669
2.2853476637,-1.1652682608
3.1156009207,-0.5512372357
2.1992882213,-1.0949115230
3.1007479014,-0.5667696053
3.0488870034,-0.8078052513
2.1572715598,-1.2860256585
2.9749903834,-0.6656015506
2.5089489759,-1.1514201243
3.1039911530,-0.8460072662
2.2855212760,-1.2537499981
3.0688264222,-0.5879272838
2.4387752016,-1.1272136084
3.0343389689,-0.8418152965
2.2862594943,-1.1657393404
3.1154482994,-0.5524298607
3.0272029777,-0.8365678939
2.2931864461,-1.1587779234
3.1244938881,-0.5441379271
2.7874080799,-1.0098257211
3.0432912772,-0.8473982334
2.2560781758,-1.1830949189
3.0943760622,-0.5694645300
2.7568548148,-0.6889155500
3.0218371796,-0.5916989365
2.8701356813,-0.5994465200
2.1627295504,-1.2824744099
2.9728431141,-0.6625779532
2.5940348057,-1.1137236648
3.0306130482,-0.8475021465
2.3116908106,-1.1418293543
3.1001390100,-0.8506825210
2.1967836782,-1.2852603880
3.0003914514,-0.6464628291
2.9308214290,-0.5562140789
2.9626963803,-0.5309155477
2.7845584235,-0.6671091449
2.8294517853,-0.7374963029
2.8958272230,-0.6894799194
2.3358736751,-1.1196440876
3.0427126630,-0.9100534202
2.5666064258,-0.9448952459
3.0996396983,-0.8503517613
2.2005748788,-1.2834342524
3.0046648500,-0.6408879949
2.8369922519,-0.9887132113
2.9729315484,-0.5227559122
3.0324130340,-0.9135038013
2.6451122277,-0.8839199415
2.4573001031,-0.9115217213
3.0306739929,-0.8221266745
2.2132746581,-1.2235715842
3.0367925414,-0.6113486121
2.5215013892,-0.8667798201
2.2682331798,-1.0480054634
2.5619871735,-1.1022803490
3.0448477016,-0.8075541839
2.1611591206,-1.2854665436
2.9703486713,-0.6644323779
2.5121183180,-1.1515426829
3.1055859848,-0.8473378134
2.2786293725,-1.2577222918
3.0610326837,-0.5961105167
2.4768350139,-1.1302137626
3.0655681844,-0.8519591319
2.1875761503,-1.2442344925
3.0161256322,-0.6325781388
2.1794257508,-1.1107744761
3.0730709796,-0.5826833324
3.0219963030,-0.9183504850
2.7367384666,-0.8141954519
3.0395040038,-0.8484563651
2.2841034085,-1.1667317699
3.1137689499,-0.5530832563
2.4580323531,-1.0902217488
3.0900928816,-0.8475817934
2.1849405646,-1.2884996185
2.9839689368,-0.6539991954
2.7877854015,-1.0232654679
2.4612618184,-1.1323630833
3.0472801908,-0.8490883801
2.2434071405,-1.1991044865
3.0693867692,-0.5868775935
2.6123446767,-1.0811025872
2.4388452573,-1.1303334296
3.0331084168,-0.8409551294
2.2840623725,-1.1666126734
3.1138760260,-0.5528529107
2.9994711336,-0.9255839450
2.8820127736,-0.7015455626
2.4848949322,-1.0053501787
2.7223030864,-0.8606255372
2.4369856179,-1.1208244715
3.0346968741,-0.8440035130
2.2843547647,-1.1655169590
3.1150298518,-0.5511937711
2.7075809292,-0.8762924485
2.2146552888,-1.0866890100
3.1083162858,-0.5570887382
3.0499522297,-0.8069398146
2.1583595123,-1.2876817330
2.9747908183,-0.6659016115
2.4987639287,-1.1562401342
3.0761428527,-0.8493899729
2.1625902871,-1.2804575159
2.9735844448,-0.6625454063
2.6024847551,-1.1102888797
3.1029238868,-0.8471522019
2.2705199329,-1.2594148406
3.0560066694,-0.5971572776
2.6357678981,-0.9380171921
2.5596152671,-1.1038789324
2.4922399501,-0.8862164343
2.4598597518,-1.1330482305
3.0442326705,-0.8488239457
2.2628923804,-1.1786310563
3.1008884680,-0.5653251530
3.1074806413,-0.8489264772
2.2704102417,-1.2573928846
3.0647188808,-0.5934824996
2.6906227795,-0.7363839898
3.1240318496,-0.8436483438
2.6436810795,-1.0925233559
3.1277772200,-0.7257223222
2.9861417115,-0.9334304484
2.9835009390,-0.6206671944
2.8809122860,-0.7348660675
2.6348110426,-0.8915598520
2.4642123500,-1.0857497109
3.1066480936,-0.8463458950
2.3045059170,-1.2464067887
3.0852463701,-0.5760719346
3.0153971955,-0.9224895780
2.7956866585,-0.7640487448
3.1091235798,-0.5292182498
2.3090624997,-1.0188073524
3.0693817162,-0.7857390871
2.4463764986,-1.1797774991
3.0363787743,-0.8177877656
2.1828388441,-1.2521304471
3.0017365434,-0.6391368150
2.5516153842,-1.1068207496
3.0311646607,-0.8365298555
2.2806673993,-1.1648532944
3.1199618402,-0.5509466123
2.4550424003,-1.0976702046
3.0707888113,-0.8508409292
2.1765051326,-1.2638285491
2.9904154916,-0.6510384533
3.0322161768,-0.8251796105
2.2295419378,-1.2124783846
3.0524270096,-0.6014670027
3.1000336616,-0.8486279684
2.2314995720,-1.2749284971
3.0211173812,-0.6257346634
2.1588087081,-1.1232529713
3.0530792812,-0.5979299058
3.0861623166,-0.7663683745
3.1404140408,-0.8426817565
2.0339777817,-1.2055847438
2.9387747143,-0.6931194067
2.1761359580,-1.2567978854
3.0020420225,-0.6441506183
3.0258765197,-0.8386337195
2.3044860881,-1.1488395836
3.1379168801,-0.5328821314
3.1405397472,-0.8432851445
3.0959414240,-0.7618461325
2.5184606754,-1.1161042272
2.4885241640,-1.1277056378
3.0860237601,-0.8517084692
2.1586746810,-1.2863829044
2.9754002560,-0.6661300986
2.4974981100,-1.1573716078
3.0713065079,-0.8501557394
2.1706905871,-1.2687612632
2.9845482246,-0.6545447381
3.1315494099,-0.8955937079
2.1756912308,-1.2900515194
2.9847822279,-0.6576274218
2.9543656556,-0.9548979283
3.0294193150,-0.8415077394
2.2937692223,-1.1565987830
3.1268116242,-0.5407993957
2.7229504199,-0.8666988654
2.9303593043,-0.5530987503
3.0395941281,-0.8514245853
2.3011722030,-1.1482984730
3.0461306892,-0.8027030554
2.1663087708,-1.2893944049
2.9715625230,-0.6636713174
2.5471430475,-1.1354123942
3.0073238908,-0.9263436036
2.8604054394,-0.7152065128
2.6613964937,-0.8721236487
2.6751717411,-1.0564737540
2.5866651532,-0.8143294636
2.6528537312,-0.9173260798
2.5896639549,-0.9765677329
2.4414930367,-1.1331811707
3.0321214093,-0.8421808808
2.2831832077,-1.1652292808
3.1149224777,-0.5501772768
3.0652008875,-0.7936077074
2.2855275851,-1.2524820921
3.0764008124,-0.5867534948
3.0679847254,-0.9004416054
2.3575412999,-1.1068207504
3.1034735985,-0.7536535543
3.0451657397,-0.8028704015
2.1642817364,-1.2892190114
2.9705519727,-0.6639294619
2.5295458733,-1.1431607170
2.9868969871,-0.5145506852
2.7099689647,-0.8726947821
2.4527982225,-1.0964022610
3.0719321286,-0.8494854151
2.1656953135,-1.2733268433
2.9793746225,-0.6575898382
2.8784246430,-0.9881628739
2.5750202331,-1.0978589860
3.0621086501,-0.7884191965
2.3347873462,-1.2335638408
3.1128900469,-0.5547727837
3.0815162713,-0.8963106385
2.2676013041,-1.1792173792
3.0962431267,-0.5660283391
2.9594708511,-0.9439004838
3.1209843512,-0.5179628802
2.8911972252,-0.5857704484
2.2668823482,-1.2593973213
3.0605870541,-0.5982118263
3.0770690072,-0.8542604912
2.1663441246,-1.2679895552
2.9898336632,-0.6542417460
2.8348518324,-0.6274455566
2.3806090787,-1.0847197139
3.0325602326,-0.8235080581
2.2089644366,-1.2269939554
3.0384145659,-0.6166810773
2.5757297492,-0.9843395537
2.9826079323,-0.9307011294
2.9735576767,-0.6306439124
3.0351064615,-0.8230155619
2.2042654566,-1.2271552248
3.0365189038,-0.6151042259
2.2874872328,-1.0343223135
3.1360308188,-0.7239274341
3.1232023369,-0.4052267784
3.1243576453,-0.7364911583
2.4366362861,-1.1320244328
3.0387554642,-0.8434579870
2.2806856721,-1.1665909855
3.1183034600,-0.5538133074
2.9432562688,-0.9471393187
3.0700929311,-0.7873658886
2.4232881131,-1.1912030668
3.0850177528,-0.7662839460
2.4701217328,-1.0771420629
3.1407308608,-0.8392366669
3.0819447038,-0.7657051655
3.0247888343,-0.8346525263
2.2860971865,-1.1624047607
3.1241152557,-0.5494264173
3.0330402169,-0.4773683840
3.0700815732,-0.8545109661
2.1822089884,-1.2501308920
3.0093983872,-0.6383688787
2.5967545714,-0.8079456277
2.4449286468,-1.1055335286
3.0513506580,-0.8493868501
2.2235956290,-1.2152153482
3.0478353627,-0.6032106591
3.0747622976,-0.8549287555
2.1752046113,-1.2592014896
2.9997483719,-0.6471673294
3.0316700329,-0.8431123903
2.3097536389,-1.1420078738
3.0944159851,-0.8504942840
2.1752021441,-1.2900031301
2.9845644954,-0.6576072694
2.9519774005,-0.9556487539
3.1259902062,-0.8456806639
2.6347142961,-1.0974312330
2.5378183300,-1.0167673104
3.0966826190,-0.8517400697
2.1791262895,-1.2893652011
2.9872019866,-0.6560788701
3.0834736331,-0.9077923014
2.3066819788,-1.1475220004
3.1398713038,-0.5318611523
3.0407257253,-0.8159527306
2.1704542066,-1.2601853437
2.9971392179,-0.6466912317
3.0387961839,-0.4712662751
3.1012100835,-0.8494095158
2.2307558398,-1.2757452963
3.0196486024,-0.6281665150
2.7055875493,-0.8757298527
2.0800469799,-1.1767530674
2.9744294605,-0.6601938992
2.6728155619,-1.0779070929
3.0350136351,-0.8381086969
2.2586790491,-1.1809453959
3.0972853842,-0.5671508120
3.0442373743,-0.8528482819
2.2881931214,-1.1596795612
3.1274160938,-0.5459414688
2.6389210883,-1.0690450420
3.1104555934,-0.8863911006
2.1615678079,-1.2862273153
2.9700697983,-0.6650690003
2.4917159211,-1.1612950840
3.0564224269,-0.8509927267
2.2114833796,-1.2207864086
3.0446090474,-0.6087526561
2.4395310808,-1.1308647145
3.0332023905,-0.8411203594
2.2843764059,-1.1663752745
3.1142094241,-0.5526077099
2.3022703564,-1.0226397664
3.0726059993,-0.7773825283
2.7334599507,-1.0508018153
2.0901259976,-1.1679579591
2.9932852195,-0.6478672687
2.7194870650,-0.7171400592
3.0642059926,-0.7942682239
2.2702052514,-1.2587819114
3.0627070874,-0.5975049346
2.7489796040,-0.8400342851
3.0533608432,-0.8000534023
2.1774755192,-1.2893876701
2.9867011163,-0.6549476266
2.4011513055,-1.2024437982
2.4423422156,-1.1258380958
3.0373839183,-0.8432104051
2.2790136282,-1.1665112897
3.1178194212,-0.5529191037
2.0396336275,-1.2030351448
2.9361547294,-0.6898518609
2.1697032836,-1.2669986007
2.9855277898,-0.6518979972
3.0536836893,-0.8531674874
2.2367339722,-1.2062523480
3.0605409291,-0.5950779668
2.7437302176,-0.6982183335
3.0865914679,-0.5422245749
3.0472188694,-0.8122928586
2.1621886539,-1.2760968528
2.9827332362,-0.6607030782
2.7699757485,-1.0333491460
2.5707545921,-1.0966533275
3.0427986730,-0.8146017564
2.1661162243,-1.2664081005
2.9908826646,-0.6523660982
3.1296782281,-0.7258488303
2.6465366632,-1.0671240000
2.4752893482,-1.1297730800
3.0672034918,-0.8505410856
2.1812251057,-1.2571710490
2.9972182381,-0.6448724504
2.5049594629,-1.1221182108
3.1359614077,-0.8434173390
2.9603794743,-0.9523628943
3.1263594222,-0.5153077063
3.0726178343,-0.8509954024
2.1643368484,-1.2735625497
2.9786484431,-0.6574424081
2.8751205867,-0.9888583404
2.9644377119,-0.9417597350
3.0965778741,-0.5358380461
2.4752821273,-1.1292323500
3.0702209078,-0.8494852558
2.1676663703,-1.2700995857
2.9823754181,-0.6550243028
3.0640542896,-0.9168929200
2.4717918243,-1.0133411931
3.1137773983,-0.8499573194
2.3121784619,-1.2414075699
3.1003319018,-0.5682785211
3.0955204133,-0.7557953132
2.9428568925,-0.5437883277
2.7423125223,-0.8474592641
2.5306325883,-0.8587079149
2.8342498034,-0.6268121197
2.3720776256,-1.0953334574
3.0583731122,-0.7964505153
2.2191730341,-1.2770815710
3.0202149517,-0.6284406688
2.4827816946,-1.1268433651
3.0887669918,-0.8471884233
2.1820226349,-1.2889725125
2.9887035601,-0.6563935490
3.0909238214,-0.9067981748
2.2722921483,-1.1770044037
3.0999259581,-0.5645766046
3.0853943286,-0.8509118058
2.1664494553,-1.2885304982
2.9716235700,-0.6649147057
2.5103972189,-1.1534259777
3.0955603067,-0.8496925274
2.1820188120,-1.2886810785
2.9896523176,-0.6535019906
2.7836769774,-0.6639531473
2.8071431533,-0.7575499752
3.0575540238,-0.5633131574
3.0133316673,-0.9205089061
2.7884135374,-0.7734291183
3.0487253954,-0.8065922876
2.1565488643,-1.2876987878
2.9739464476,-0.6656770873
2.4975616515,-1.1561314240
3.0757192655,-0.8488681992
2.1606408501,-1.2817785733
2.9719807853,-0.6629328294
2.5732454585,-1.1230856439
3.0467247522,-0.8156769624
2.1638580197,-1.2712424337
2.9866093606,-0.6567099521
3.0287605419,-0.9275535464
2.7344301039,-0.8147292944
2.5076056493,-1.1209060230
3.0873865514,-0.7705744468
2.2143333965,-1.0870546653
3.1085052605,-0.5556234594
2.6038001015,-0.9585156102
2.8264920346,-0.6337051328
2.4556639773,-1.0260816982
3.0549219825,-0.8046809477
2.1694061459,-1.2904355346
2.9803495677,-0.6617203761
2.7009079306,-1.0632076417
2.3382769818,-0.9961202942
3.0321116898,-0.8396505860
2.2807697886,-1.1687473377
3.1107230876,-0.5548417742
2.8701696509,-0.5992061429
2.1621600179,-1.2831428603
2.9722435793,-0.6627575686
2.5819663756,-1.1190605062
3.0910465247,-0.7668805906
2.9529280116,-0.5353318840
2.6438672962,-0.7707711443
3.0568320214,-0.8526640953
2.2245267208,-1.2117158345
3.0572688732,-0.6005250844
3.0677580394,-0.7798750547
2.5673225662,-1.1262508842
3.0162766778,-0.4880711296
2.4865594622,-1.1276863016
3.0852448508,-0.8508009506
2.1564956351,-1.2879446068
2.9737534353,-0.6659270860
2.4887965972,-1.1602737110
3.0568170031,-0.8496176259
2.2024264655,-1.2337382545
3.0240938829,-0.6217461459
2.5154613688,-1.0418013829
3.0602264601,-0.7901044174
2.2987212955,-1.2488562717
3.0799146608,-0.5803555273
2.9894170945,-0.9311106724
2.9546527263,-0.6415268912
2.5700491455,-1.1250572669
2.4654827487,-1.0854937737
3.1082609725,-0.8466031476
2.3158039778,-1.2420140878
3.0950341374,-0.5690880523
2.9994402063,-0.5025522886
2.7585102554,-1.0392446207
2.6719021039,-0.7543338436
3.0575295676,-0.8512585912
2.2125149947,-1.2267985203
3.0337258422,-0.6157718544
2.4415729272,-1.1221452986
3.0376978791,-0.8446156371
2.2786578571,-1.1659104490
3.1182735940,-0.5517759449
3.0410614210,-0.9108714378
2.5825370760,-0.9327839732
2.4433740225,-1.1179082680
3.0403700430,-0.8468065341
2.2756651288,-1.1685863477
3.1147155986,-0.5547905801
2.4420061794,-1.1169388531
3.0397762925,-0.8468098040
2.2713965470,-1.1706626112
3.1113048547,-0.5562385684
2.5826015621,-0.9817030799
2.0165509067,-1.2193014341
2.9137754325,-0.7085025637
2.3211866045,-1.1358567250
3.0415592780,-0.8095038413
2.1619502093,-1.2788188910
2.9743313997,-0.6610882026
2.6627116428,-1.0819820593
2.7358479513,-0.8527180539
3.0913430801,-0.8501964490
2.1806347735,-1.2893015777
2.9802274431,-0.6583970918
2.8564561448,-0.9984498608
2.6553031422,-0.7621204003
3.0378889366,-0.8505221404
2.3022824791,-1.1467022202
3.0870283168,-0.4362678938
3.0404966393,-0.8483551561
2.2896032982,-1.1588002822
3.1287324756,-0.5451352454
3.1357697920,-0.8414494098
3.1408198596,-0.8911992704
2.2593804775,-1.2619339948
3.0548688824,-0.6012579783
2.4348782842,-1.1203088443
3.0333132138,-0.8436723732
2.2813647720,-1.1663103118
3.1187960724,-0.5536721540
3.0950968798,-0.8498387185
2.1958930766,-1.2863009175
2.9915864307,-0.6495743072
3.0297245420,-0.8385772810
2.2867584842,-1.1635879293
3.1176982924,-0.5491131947
3.0126976304,-0.4892643134
2.8797360144,-0.5959943870
2.1662534602,-1.2892274945
2.9787860788,-0.6634227972
2.6180868035,-1.1014264653
2.8885223029,-0.5877314664
2.2370001975,-1.2704979644
3.0352658738,-0.6169980292
2.4910270006,-1.1270797911
3.0913607656,-0.8512922214
2.1651853039,-1.2901998489
2.9775278036,-0.6646524769
2.5633704572,-1.1269083823
2.4474262602,-1.1069760202
3.0513147741,-0.8502119384
2.2388431142,-1.2050227734
3.0624019037,-0.5940710472
2.4465667990,-1.1128864375
3.0453300758,-0.8492432166
2.2627868673,-1.1794237947
3.1001085305,-0.5665524897
3.0279171345,-0.8355797715
2.2888082674,-1.1629745864
3.1189723317,-0.5490425313
3.0637366686,-0.8522407471
2.1893100262,-1.2468774455
3.0083630808,-0.6347397333
2.4353968226,-1.1178061979
3.0430701556,-0.8480051179
2.2771727597,-1.1692892739
3.1145531165,-0.5566233927
2.2234592324,-1.0808076837
3.1178433001,-0.5484552530
2.2366762107,-1.0685427424
3.1403919223,-0.5335202633
3.1081066181,-0.8463336018
2.3343001451,-1.2325469482
3.1141503125,-0.5517766221
3.0857713481,-0.8513864142
2.1671385898,-1.2879324628
2.9720986974,-0.6652879981
2.5039353531,-1.1569795217
3.0770661803,-0.8518725861
2.1618417971,-1.2731108719
2.9844834361,-0.6580691052
2.9203979899,-0.9687926418
3.1017391269,-0.8463143102
2.2615533652,-1.2634391168
3.0474164797,-0.6047405702
2.4562719277,-1.0959620548
3.0750766341,-0.8505175006
2.1686331871,-1.2740775621
2.9801134576,-0.6590669997
2.8186778711,-1.0151415937
2.5248116495,-1.1156537654
2.4440673186,-1.1334690754
3.0333048340,-0.8432477767
2.2833862103,-1.1653862125
3.1148365846,-0.5505314308
2.5772310058,-1.0965355916
3.0364177659,-0.8168758053
2.1865977158,-1.2506194686
3.0043902449,-0.6385083526
2.5383951342,-1.0147574958
3.1367981141,-0.8443432607
2.9734125328,-0.9469485882
3.0631817443,-0.5621507843
3.0597657145,-0.9082032162
2.4695775587,-1.0174217668
3.0033627542,-0.9263440655
2.8717661459,-0.7051427958
2.5404460726,-0.9644447743
3.1081567063,-0.8460978727
2.3396864798,-1.2300041423
3.1194182563,-0.5473794561
2.9480414205,-0.5425928276
3.0836545504,-0.8507513392
2.1564443953,-1.2858457520
2.9746402432,-0.6656397609
2.5045953731,-1.1532655974
3.0922679178,-0.8474519565
2.1941665223,-1.2864229750
2.9909345607,-0.6487331148
2.4411606623,-1.1317394850
3.0336753160,-0.8415560395
2.2853355313,-1.1658841495
3.1150018651,-0.5522426586
3.0913785701,-0.8494501293
2.1835923382,-1.2888055553
2.9827768396,-0.6553646405
3.0580776296,-0.9193870649
2.5246414631,-0.9727433209
2.4606014019,-1.0894184680
3.0937193358,-0.8480290719
2.1968257408,-1.2859975199
2.9924556522,-0.6486180558
2.8895717120,-0.9659249244
3.1124744549,-0.8435811768
2.4332740000,-1.1879445329
3.0694148409,-0.7841153655
2.4947967860,-1.1617842659
3.0575894342,-0.8520610570
2.2231458869,-1.2138349825
3.0549128982,-0.6031304911
3.0764860412,-0.8539414021
2.1648444668,-1.2685892458
2.9887984309,-0.6544268011
3.0423087475,-0.8513130246
2.2727252651,-1.1742213384
3.1027670120,-0.5601443286
3.0454795558,-0.8016437623
2.1662372645,-1.2899511558
2.9782018236,-0.6644620272
2.5763806710,-1.1211496877
3.0501466159,-0.9066598620
2.4977907882,-0.9974789872
2.6509785095,-1.0670441321
2.4520895600,-1.1332269913
3.0389554685,-0.8456665193
2.2783953686,-1.1664414107
3.1176775036,-0.5525275285
3.0625572549,-0.7840044306
2.4135627590,-1.1967647930
3.1283079972,-0.7306533527
2.8497544034,-0.7644352840
2.9333801341,-0.6595457613
2.1797683966,-1.2888009088
2.9798827301,-0.6587873658
2.8328859095,-1.0084915157
2.4412986094,-1.1193081822
3.0383455716,-0.8457181914
2.2757961043,-1.1674286276
3.1158649869,-0.5529563439
3.1300252683,-0.7267309250
3.0695401948,-0.9012989800
2.3616770636,-1.1050133742
3.0980293712,-0.7605660916
2.4836133971,-1.0650267384
2.5160586506,-1.1182273289
3.0466814386,-0.8536701671
2.2802440363,-1.1663182884
3.1184077890,-0.5531876142
3.0347239609,-0.9127655310
2.6282241448,-0.8970784525
3.0480761151,-0.8533629840
2.2605595127,-1.1801480693
3.0986646906,-0.5667366048
2.0089853609,-1.2219640430
2.9155964707,-0.7116149906
2.3424686053,-1.1164471063
2.3360817109,-0.9984796283
3.0308675884,-0.8376071456
2.2745138361,-1.1730771944
3.1044735033,-0.5590616769
3.0266756358,-0.8294755774
2.2567068925,-1.1866294651
3.0913240283,-0.5753251287
2.6201714160,-0.9502921068
3.1288805001,-0.8461647908
2.6665445071,-1.0781727144
3.0071728733,-0.4957039389
3.0122208728,-0.9247667713
2.8297099414,-0.7389641441
2.9123544674,-0.6789687115
2.2268421048,-1.2107914894
3.0590533260,-0.5996763964
3.0484119155,-0.8093080885
2.1542078411,-1.2859307770
2.9736530898,-0.6650685662
2.5122337556,-1.1486920462
3.1292184486,-0.8461945485
2.6394599219,-1.0922281342
2.4350130678,-1.1243479660
3.0323908273,-0.8419689093
2.2838285728,-1.1652566290
3.1151094406,-0.5505189402
3.0708303619,-0.9044644279
2.3825739869,-1.0852070295
3.0367631015,-0.8220040402
2.2007987148,-1.2376600561
3.0202532798,-0.6264853081
2.5040169031,-0.8747206131
2.4485727045,-1.1319472956
3.0384514420,-0.8438067233
2.2805919193,-1.1660783252
3.1187605347,-0.5529334000
2.6291743820,-1.0727695937
2.8631937780,-0.7516204714
2.8107749996,-0.7516559657
3.0188499588,-0.5958516689
2.4445418984,-1.1216278162
3.0400137193,-0.8455975449
2.2816022729,-1.1655186623
3.1196314886,-0.5524837615
3.1246897419,-0.8468359537
2.5529028585,-1.1305709918
3.1039801738,-0.8467212068
2.2869435321,-1.2524492318
3.0769593749,-0.5871964884
3.0679900278,-0.9013162902
2.3675088776,-1.0998930759
3.0762734590,-0.7801966033
2.6840741396,-1.0705728930
2.9214965798,-0.9550853071
3.0435580060,-0.8483056585
2.2647960827,-1.1827961453
3.0919429729,-0.5704242912
2.6498513938,-0.7669157325
3.0316455758,-0.8413555929
2.2952680067,-1.1579133120
3.1260155476,-0.5436856391
3.0584945714,-0.8525272539
2.2141138691,-1.2199661460
3.0462851645,-0.6085896419
2.2256906726,-1.0780858042
3.1214951196,-0.5440015371
2.4382296702,-1.1236876889
3.0349017982,-0.8430679349
2.2871977259,-1.1646933656
3.1167692536,-0.5511455839
3.0709465446,-0.9021623955
2.3553901633,-1.1041600984
3.0829960189,-0.7659959964
3.0739100764,-0.8549184167
2.1767804440,-1.2572895095
3.0017993417,-0.6454082405
2.4494876151,-1.1335362652
3.0365515404,-0.8453181642
2.2824025140,-1.1674626085
3.1125007246,-0.5534958242
2.8401049353,-0.7668586218
2.9623047798,-0.6390967046
2.7391498385,-1.0449558693
2.8258112979,-0.7831564003
3.0812960097,-0.5473292684
3.0422609347,-0.8148481955
2.1668013457,-1.2651571409
2.9920504532,-0.6512086966
3.0305686567,-0.8444844546
2.3130530818,-1.1378329099
3.0335979790,-0.8297508010
2.2323556593,-1.2026627858
3.0681465600,-0.5899502511
2.8074252864,-0.7934682082
3.0497538993,-0.8035637631
2.1598881279,-1.2906571818
2.9749109233,-0.6639527793
2.5711378464,-1.1265900187
2.7948859631,-0.8081185493
3.0364255772,-0.8349084885
2.2501582216,-1.1901973697
3.0857556892,-0.5781217139
2.4487889452,-0.9189530018
3.1267437909,-0.7271329809
2.5631329153,-1.1025486649
3.1089186778,-0.7510280574
2.0334107032,-1.2056005065
2.9389555402,-0.6909795969
2.1646791080,-1.2660654551
2.9906472556,-0.6511751218
3.0365151672,-0.8189394012
2.1962493986,-1.2428832466
3.0142694219,-0.6318583715
2.5816947890,-0.9827822538
2.0190204597,-1.2174400898
2.9162726022,-0.7061720031
2.2961815053,-1.1554860221
3.1287947176,-0.5397825521
3.0644649931,-0.7951648477
2.2636750233,-1.2616212659
3.0566405374,-0.6026572508
3.1393633492,-0.8451080644
3.0108908994,-0.9341566152
2.8593424732,-0.7184663670
2.6904676979,-0.8456717137
2.5352197319,-1.1409681915
3.0864725568,-0.7654912721
3.0487641541,-0.8535904324
2.2637697383,-1.1786400455
3.1011761541,-0.5657395291
3.1289307048,-0.8458824175
2.6801332617,-1.0716960445
3.1360229183,-0.7215101987
2.6080411657,-0.9548874321
3.1192884921,-0.8482366349
2.4041784840,-1.2007994255
3.0647102145,-0.9053418637
2.4161400302,-1.0577869869
3.0583168938,-0.8498935145
2.2003869401,-1.2363231341
3.0211746616,-0.6245715421
3.0375432250,-0.8502131886
2.2887374899,-1.1605591195
3.1212876781,-0.5450481171
2.5165839558,-1.0360923778
2.4423132260,-1.1328928667
3.0330678845,-0.8422843894
2.2847393183,-1.1650883153
3.1155735243,-0.5506617963
2.5178875746,-1.0398040512
3.0563838764,-0.8528625134
2.2304064845,-1.2074527341
3.0631566944,-0.5965010730
2.4444714239,-1.1335035569
3.0334978268,-0.8434207620
2.2832743298,-1.1655027458
3.1146865082,-0.5506721520
2.0181155337,-1.2165216324
2.9235765316,-0.7059662897
2.2802833130,-1.1667995982
3.1180741391,-0.5536733689
3.0594361445,-0.9027333054
2.4157063452,-1.0606118316
3.0530924403,-0.8505998873
2.2230933434,-1.2105733303
3.0577556233,-0.5982226627
2.7021968448,-1.0456117782
2.0030510191,-1.2255610897
2.9107212001,-0.7136277045
2.3669273172,-1.0952850206
3.0519156577,-0.7969789184
2.2015265256,-1.2839958977
3.0038678166,-0.6443592887
2.6006408443,-0.8071540586
2.4556383520,-1.1005338989
3.0658638324,-0.8520336468
2.1874800362,-1.2445402062
3.0158456014,-0.6329480232
2.9235086741,-0.9523225116
3.0302094226,-0.8363623448
2.2690134428,-1.1768585763
3.0990097193,-0.5627204070
3.0394418279,-0.8512964546
2.3101508405,-1.1426571744
3.1265285705,-0.8464929769
2.5812875667,-1.1184130093
3.0724793176,-0.7823915243
2.5476677486,-1.1335000217
3.0009352997,-0.9262177106
2.8772920643,-0.6999475052
2.4766648877,-1.0129379042
3.0607754924,-0.8530928056
2.2071957539,-1.2318869509
3.0274381251,-0.6209549405
2.9417251946,-0.5475505105
2.4855343397,-1.0662424987
2.5609398747,-0.8375245287
2.5379876871,-1.0205142575
3.0410147456,-0.8513087544
2.2848368070,-1.1654440394
3.1152544736,-0.5513112194
2.5331423296,-1.1119996078
3.0735948732,-0.8543060091
2.1724207423,-1.2602483772
2.9978546053,-0.6475018074
2.6279969553,-0.9391873885
2.3257810913,-1.0097150959
3.0476096083,-0.8146289570
2.1630588578,-1.2737512989
2.9846086036,-0.6588719078
2.8814831787,-0.9854815358
3.0512338423,-0.8519251020
2.2453347478,-1.1938525727
3.0807058446,-0.5818207246
3.0671726931,-0.8999011899
2.3543281468,-1.1084955054
3.1099005995,-0.7468272296
2.1437430049,-1.1361700154
3.0356836043,-0.6135558793
2.8242517507,-0.6354760508
2.4770418456,-1.0148026382
2.3712490564,-0.9743946882
3.0759944398,-0.8511316555
2.1585700930,-1.2746959931
2.9820666030,-0.6586484106
2.8556395163,-0.9941778089
2.4850051463,-1.1286485426
3.0786222700,-0.8522255744
2.1623063857,-1.2742691973
2.9839173079,-0.6592709063
2.8519158730,-0.9976625959
2.7396347511,-0.7011191663
3.1109033418,-0.5252841356
2.9346328137,-0.5527176823
2.5138800433,-1.1188423620
3.0422170986,-0.8469172141
2.2591700463,-1.1805222644
3.0978434200,-0.5667081893
3.0356798163,-0.8161478766
2.1840687724,-1.2520602917
3.0022767148,-0.6394608046
2.5949205034,-1.0860829858
3.0662484223,-0.7871870662
2.4024738253,-1.2037305611
3.0430400176,-0.8525456006
2.2852221319,-1.1606227826
3.1255248215,-0.5461208302
2.4381336377,-1.1324551055
3.0309253294,-0.8407801692
2.2817439080,-1.1660955235
3.1191300314,-0.5534882373
2.8752511119,-0.5956181254
2.1699840083,-1.2883700820
2.9740563357,-0.6627522707
2.6021127202,-1.1108339153
3.0878341335,-0.8496800486
2.1724114692,-1.2900948459
2.9750574843,-0.6610742538
2.6743890273,-1.0770021541
2.1820176139,-1.1098043151
3.0744137099,-0.5837067832
3.0391771546,-0.9143858884
2.6222704956,-0.8982261411
3.0288100142,-0.8260300046
2.2360974133,-1.2043161527
3.0620789847,-0.5917954912
2.9634089147,-0.5310294693
2.8943102138,-0.9831769010
3.0371368628,-0.8502625816
2.3001957744,-1.1529997880
3.1324248944,-0.5378392343
2.4510381982,-1.1334327831
3.0377384861,-0.8457333016
2.2844714587,-1.1669851596
3.1136490547,-0.5536615283
3.0584671951,-0.4589295162
2.6200440122,-1.0767327611
3.0359314661,-0.4725226513
3.0255858137,-0.8324217148
2.2736756976,-1.1726691734
3.1101806725,-0.5605017909
3.0441292181,-0.8530594865
2.2906880629,-1.1578540309
3.1299991316,-0.5440861989
2.5110067538,-1.1183418767
2.9042623631,-0.7185550834
2.4261564770,-1.0488562258
3.0960919361,-0.8508922268
2.1784492138,-1.2895680612
2.9862330859,-0.6580076047
2.9567328443,-0.9554500724
2.4530968372,-1.1333433083
3.0393418252,-0.8462130760
2.2762878314,-1.1676851962
3.1157841258,-0.5536011307
2.8341666510,-0.6303998424
2.4159248902,-1.0599051760
3.0546700514,-0.8503939331
2.2229840155,-1.2181039246
3.0450814538,-0.6072442772
2.7812664234,-1.0125072104
3.0297503377,-0.8322631346
2.2703748826,-1.1788752090
3.0975583017,-0.5665742847
2.2156765045,-1.0854987128
3.1106049480,-0.5531276050
3.0742456609,-0.8528845936
2.1736573875,-1.2676351771
2.9865517057,-0.6542619609
2.6203077169,-0.9467946114
2.9025606087,-0.9611687046
3.0647525712,-0.8507706906
2.1819272596,-1.2479340184
3.0110022578,-0.6354390977
2.4598858749,-1.0946331068
3.0801561355,-0.8512055648
2.1561987270,-1.2811067772
2.9770703923,-0.6632121496
2.6051406502,-1.1062335826
2.6407293471,-0.9340401375
2.5286869265,-0.8603885538
2.8615949592,-0.9761064057
2.7290721404,-1.0351738603
2.5237969851,-1.0326253927
3.1217431327,-0.7327072524
2.7854374514,-1.0074911056
2.6630250915,-0.7588728487
3.0562561082,-0.8011651333
2.1822439871,-1.2887513993
2.9891570417,-0.6555023673
2.5740059385,-1.1246424453
3.0526322363,-0.8521144040
2.2394013084,-1.1987588549
3.0741542009,-0.5869330268
2.9970130902,-0.9244606445
2.8775762371,-0.7030180972
2.5037586780,-0.9886582008
3.0288129333,-0.8413240177
2.3131170991,-1.1441146495
3.0362115349,-0.8493105978
2.3158300824,-1.1376252251
3.0349055736,-0.8335654256
2.2513189489,-1.1890828238
3.0871868045,-0.5768643885
2.9385490249,-0.5464344743
2.9026133903,-0.9620795010
2.4497577067,-1.1336793551
3.0364943675,-0.8457093265
2.2745351103,-1.1719830436
3.1111100043,-0.5598065103
3.0316221522,-0.8426766985
2.3078822064,-1.1434726512
3.0831379619,-0.8519204115
2.1657528206,-1.2845458560
2.9727829564,-0.6651969706
2.5120952969,-1.1535801582
3.0960560804,-0.8504991685
2.1799770027,-1.2892623508
2.9875808943,-0.6563699706
3.0725531941,-0.9121577717
2.3942265597,-1.0789525193
3.0359334129,-0.8339751595
2.2468120191,-1.1925508559
3.0824274488,-0.5803765670
2.8709659634,-0.9724515912
2.6311712472,-0.9419906638
2.5133463087,-1.0356570713
2.5232223045,-1.0290484397
3.0597328387,-0.7949418168
2.2330428517,-1.2726438635
3.0311373433,-0.6211283878
2.4482979147,-1.1065165645
3.0524450098,-0.8504751173
2.2367587621,-1.2072299033
3.0596764382,-0.5965665159
2.7728639654,-0.6770746667
2.9252148969,-0.6654855657
2.1644859557,-1.2809793286
2.9743368613,-0.6624836394
2.6127248112,-1.1059946345
3.0456136589,-0.8023446157
2.1656935310,-1.2895566511
2.9712456569,-0.6634845045
2.5499066197,-1.1337917746
3.0690686481,-0.9042809387
2.3870410633,-1.0809125813
3.0321013130,-0.8302632616
2.2423318131,-1.2002251970
3.0679992179,-0.5881166282
2.6768752835,-0.9014146661
2.8191557684,-0.6423316704
2.5555582693,-0.9511636213
2.7923032942,-0.8094538564
3.0360150608,-0.8410575774
2.2730535350,-1.1706222289
3.1119049650,-0.5569108805
2.5663726779,-0.9895277073
2.7403041817,-0.7023431691
3.1153277751,-0.5227567104
2.5803582042,-0.9821044416
2.4287317515,-0.9324221137
2.8643313546,-0.6074886388
2.1844336080,-1.2490600954
3.0113050720,-0.6370973977
3.0285304587,-0.8448236431
2.3196682770,-1.1370014853
3.0296590418,-0.8302065747
2.2486223280,-1.1939649593
3.0759526027,-0.5810399123
3.0489590352,-0.9084546962
2.5239103044,-0.9785700919
3.0310065645,-0.8295938423
2.2448167784,-1.1981522419
3.0707687498,-0.5859525832
2.9544255539,-0.9432320030
3.1245455661,-0.5128233975
3.0503357646,-0.8017978068
2.1770476335,-1.2893713776
2.9776348082,-0.6611156415
2.7031266434,-1.0657695428
2.7584905192,-1.0221465013
3.0561854374,-0.8536192874
2.2202637143,-1.2129170009
3.0546634926,-0.6006039568
2.5262450485,-1.0282091947
3.0534297861,-0.8044300962
2.1665246978,-1.2901517545
2.9784040095,-0.6639619940
2.5953735237,-1.1120897896
3.0598061893,-0.8545329192
2.2186418786,-1.2168030192
3.0506815860,-0.6057350348
2.5875659865,-1.0911812513
3.0968600446,-0.8525962803
2.1763262496,-1.2898831494
2.9846928479,-0.6592796543
2.8677004261,-0.9914226020
2.8124758951,-0.6463971045
2.6024284783,-0.9134903386
3.0496372574,-0.7977494913
2.1874652965,-1.2877763570
2.9861732220,-0.6517533287
2.0076887732,-1.2265619793
2.9045878615,-0.7170575197
2.4194369572,-1.0598041578
3.0568398625,-0.8516537035
2.2203244800,-1.2151724157
3.0527162101,-0.6039859739
3.0573166762,-0.8541214319
2.2221115726,-1.2124892725
3.0557106189,-0.6007105016
2.5914737226,-1.0911061347
3.0960759087,-0.8493331407
2.2032609897,-1.2842227815
2.9975982720,-0.6444815131
2.5448725802,-1.1080134878
3.0411920893,-0.8135613385
2.1752751381,-1.2659211435
2.9884552597,-0.6528176591
3.0571468236,-0.8547504829
2.2325166627,-1.2053429866
3.0657881811,-0.5941713894
2.2211480090,-1.0810340628
3.1163412043,-0.5492361955
2.6132626307,-0.7943848790
2.5143052829,-0.8698803382
3.1260700871,-0.8444172104
2.6898080889,-1.0711293846
3.0461760220,-0.9093599907
2.5453091435,-0.9619090859
2.8216729515,-0.6358718583
2.4849719047,-1.0073801002
3.0580261333,-0.7906663844
2.2776743675,-1.2569855789
3.0617010619,-0.5936407522
2.5877529395,-0.9755119029
3.0599955445,-0.7970825822
2.2174974206,-1.2788074169
3.0170788113,-0.6336560936
2.7500094348,-0.6905682376
3.0409061863,-0.5805332813
2.2956419264,-1.0309018193
3.1257456421,-0.7371176566
3.1235896861,-0.4065272567
3.1270330613,-0.7350417937
2.8674247071,-0.7448470956
2.7483659946,-0.8030517951
2.4593216953,-1.0884054861
3.0959463602,-0.8466360912
2.2188251092,-1.2788368654
3.0111873898,-0.6323817039
3.0567140518,-0.7942309260
2.2368361796,-1.2733621325
3.0250749506,-0.6235591688
2.8105866556,-0.7947394820
3.1413700348,-0.8432759949
2.8606724105,-0.7555391343
2.8496440873,-0.7235017862
2.7536458919,-0.8005178343
2.4398516996,-1.1325143770
3.0319022215,-0.8413918275
2.2832078710,-1.1656349039
3.1145380312,-0.5508547150
2.7710620444,-0.6788722790
2.9416941856,-0.6534617822
2.2450202152,-1.2701278519
3.0322821301,-0.6177598990
3.0938501238,-0.8494017110
2.1932259539,-1.2867830036
2.9899249009,-0.6500700655
3.0998113021,-0.8481123256
2.2357021274,-1.2730785362
3.0252021428,-0.6217815604
2.8208688299,-0.6380029136
2.5079336229,-0.9855270065
3.0457441399,-0.8524883513
2.2734889774,-1.1761309782
3.1012020969,-0.5635852285
3.0326690619,-0.8484470507
2.3186413185,-1.1386941220
3.0371822714,-0.8475066813
2.2868020463,-1.1635794697
3.1177139985,-0.5491385413
2.6798870719,-1.0510111077
2.2176601305,-1.0831355722
3.1192904326,-0.5518414482
2.6425719805,-0.9311804647
3.0050935738,-0.4961760110
3.0091559502,-0.9228189693
2.8258233502,-0.7453967228
2.9637472299,-0.6368864748
2.8735254838,-0.9921783336
3.0469390196,-0.8068025585
2.1640429280,-1.2871049479
2.9709858110,-0.6649453010
2.5034983768,-1.1562795763
3.0792511414,-0.8510005810
2.1556120212,-1.2806033511
2.9771126226,-0.6627297971
2.6225900485,-1.0978165554
3.0468762862,-0.8484544887
2.2490961569,-1.1956919589
3.0745128804,-0.5839843843
3.0305779758,-0.9165928688
2.6790687445,-0.8535337282
2.5271502316,-1.0235771778
3.0297269901,-0.8433334386
2.3191969914,-1.1395979062
3.0576748066,-0.8515098668
2.2153198815,-1.2249883304
3.0363128433,-0.6142586710
2.8609027930,-0.6074583068
2.1910215541,-1.2474011655
3.0088213269,-0.6353450332
2.7880637282,-1.0087884357
2.9192951759,-0.5657612805
3.0062856325,-0.9247372616
2.8469578577,-0.7236483029
2.7574751481,-0.7959433821
3.0973849494,-0.8484927563
2.1976122102,-1.2841866855
3.0025305778,-0.6421131460
2.7018749302,-0.7312732026
3.0711010443,-0.8520500587
2.1739456043,-1.2585969361
2.9996902851,-0.6460402891
2.7109216181,-0.7235382527
3.0349252114,-0.8357730905
2.2544056949,-1.1853970261
3.0916648572,-0.5723750548
2.4605833515,-1.1330630510
3.0445956101,-0.8488758240
2.2724375210,-1.1730092892
3.1094298104,-0.5605235356
3.0340120889,-0.8476467323
2.3175396252,-1.1357935524
3.0548650046,-0.8015658920
2.1774719436,-1.2894918642
2.9862833275,-0.6562457847
3.0573398034,-0.9163141865
2.5008428027,-0.9947382563
3.0845417194,-0.7636698297
3.1232419646,-0.4100357018
3.1366200719,-0.7236274697
2.8132992899,-0.6431722976
2.5745127140,-0.9391247952
3.0691853599,-0.9036492789
2.3791046797,-1.0864947080
3.0363695131,-0.8191987246
2.1886019246,-1.2472836643
3.0077921722,-0.6349329260
3.0643773506,-0.8547433934
2.2020901640,-1.2315659109
3.0319845113,-0.6206044689
2.4050250505,-0.9524899919
2.8553509257,-0.6145305542
2.2371335285,-1.2020125123
3.0706002304,-0.5904485321
3.0661242109,-0.7844136347
2.4565796962,-1.1777838900
3.0376540772,-0.8250933792
2.2026700890,-1.2289819226
3.0343814483,-0.6171050520
2.7464967906,-1.0284356251
3.0318376781,-0.8437472487
2.3117143417,-1.1404436792
3.0550358661,-0.8522826776
2.2277678274,-1.2082244257
3.0615211296,-0.5965866376
2.3249301802,-1.0051314011
3.0317108540,-0.8258873738
2.2208530163,-1.2167725616
3.0515402645,-0.6065104163
3.0458028859,-0.8115176598
2.1594449204,-1.2769859143
2.9810070517,-0.6607386469
2.7462681716,-1.0426514989
3.0216253065,-0.4851965456
2.5113092630,-1.1202015474
3.0557967327,-0.4598341193
2.5396947766,-1.0124571011
2.9059589606,-0.9634975048
3.0639372156,-0.7828134428
2.4515959973,-1.1794179662
3.0393515834,-0.8196699873
2.1904142074,-1.2488839277
3.0072407023,-0.6376203347
2.6742729951,-0.7528296227
3.0365394849,-0.8497729480
2.3077306792,-1.1426217800
3.1069570902,-0.8481480932
2.2693459216,-1.2580391815
3.0634812178,-0.5948318633
2.4441855908,-1.1208743187
3.0399821091,-0.8458088385
2.2808608069,-1.1657808177
3.1191329712,-0.5525739394
2.6571824800,-0.7617172514
3.0305390336,-0.8429633055
2.3071711144,-1.1426663008
3.1046702384,-0.8481966598
2.2499571179,-1.2655902459
3.0466657271,-0.6076132894
2.4471232969,-1.1317585516
3.0377219578,-0.8432927334
2.2794551308,-1.1664956693
3.1179820662,-0.5530953807
3.1003594349,-0.8481673519
2.2386656730,-1.2720868609
3.0276054467,-0.6200992067
2.5316741999,-1.1102912436
2.6280055315,-0.7868334174
3.0675544664,-0.8535538902
2.1796862124,-1.2498652693
3.0086119341,-0.6371621856
3.0967041441,-0.8479975177
2.2097666509,-1.2826725606
3.0021806490,-0.6420396460
2.5463726475,-1.0087251369
3.0507679558,-0.8034892583
2.1621363452,-1.2906591643
2.9761201745,-0.6636168051
2.5833368253,-1.1159492654
3.0333094991,-0.8256121643
2.2304391790,-1.2126557083
3.0525956033,-0.6020959385
3.0788943419,-0.8518883381
2.1646923268,-1.2798979784
2.9748173788,-0.6626670842
2.6112471484,-1.1071378821
3.1283621207,-0.4017793706
3.1046445195,-0.7521617855
2.6103715449,-0.9586837695
2.7749040144,-0.6717217623
2.8848651136,-0.6992564053
2.4528389468,-1.0295974756
2.4694224944,-0.9028801734
3.0998483202,-0.8516682072
2.1919234188,-1.2865203164
2.9967010527,-0.6491117289
2.4089817339,-0.9444029284
3.0453177706,-0.8533765856
2.2863619361,-1.1614339795
3.1251223826,-0.5479856945
2.0294387392,-1.2108319324
2.9255722953,-0.6999484314
2.2355060943,-1.2067919151
3.0597366020,-0.5950357113
3.0363574418,-0.8275975824
2.2281509780,-1.2097802880
3.0603047166,-0.5990341713
3.0413783344,-0.8141016392
2.1695583773,-1.2692895274
2.9837493169,-0.6546367488
3.1114844217,-0.9015309179
2.1705196406,-1.2603710943
2.9969579333,-0.6471721774
2.7636312999,-0.8276096765
3.1153062866,-0.8468968632
2.4095886493,-1.2004613893
3.0330873461,-0.9124153529
2.6299898106,-0.8948162923
2.9710251906,-0.9398427505
3.0695620276,-0.5565567740
2.8246975787,-0.9920385349
2.8744609273,-0.5976269993
2.1563399765,-1.2871340397
2.9744290060,-0.6643695575
2.5411122569,-1.1351646049
2.6039208869,-0.9602082384
2.5721962564,-0.8272764065
2.8165181459,-0.7895891541
3.1235780964,-0.5149387778
2.2922395507,-1.0335404056
2.8639093087,-0.9795719425
2.4434722507,-1.1141808158
3.0422843718,-0.8480556037
2.2642431043,-1.1765232165
3.1033330107,-0.5625290272
3.0355174713,-0.8199940357
2.2013541423,-1.2377488035
3.0203943855,-0.6268044833
3.0594833634,-0.8506190203
2.1974099792,-1.2387659880
3.0180296483,-0.6268259894
2.7115116023,-1.0424887805
2.6366743340,-1.0688712196
3.1026959915,-0.8943495140
2.1863573589,-1.2472925690
3.0132071554,-0.6362590584
3.0623856294,-0.7925181572
2.2709350552,-1.2580430562
3.0639600442,-0.5957226809
2.6691239465,-1.0558426096
2.8655897605,-0.6048047350
2.1796160823,-1.2616267399
2.9934953421,-0.6487866163
3.0451581975,-0.8130910117
2.1628336170,-1.2725466380
2.9853102986,-0.6576774616
2.9538872779,-0.9557737207
3.1258902996,-0.4065170688
3.1188033028,-0.7356494366
2.4793541816,-0.8958732063
3.0338438618,-0.9127702129
2.6314501545,-0.8942861695
2.5292295935,-1.0216615863
3.0377041916,-0.8505071186
2.3079395503,-1.1485173441
3.1393388605,-0.5340104326
2.7555860075,-0.8358909033
3.0940307935,-0.7575280494
2.4528355491,-1.0954856385
3.0739707305,-0.8490176742
2.1617441829,-1.2787593253
2.9742350027,-0.6611501365
2.6592632990,-1.0835433977
2.4507060125,-1.1016666906
3.0607844357,-0.8506530423
2.2008469305,-1.2379477675
3.0200134559,-0.6269670944
2.4687122455,-1.0843195150
3.1137866192,-0.8468793530
2.3594879207,-1.2194625810
2.5019663748,-1.1218362457
3.1369012334,-0.8410777100
2.5261116016,-1.1435658063
2.5271506766,-1.0243775318
3.0297495380,-0.8390545660
2.2923466266,-1.1542328184
3.1340578532,-0.5388280583
2.7000241162,-1.0445110665
2.4379273443,-1.1167130424
3.0369294366,-0.8457987396
2.2773532665,-1.1705807085
3.1078141237,-0.5562962732
3.0864746217,-0.8505924435
2.1583086319,-1.2886238101
2.9743614400,-0.6660109675
2.4919759008,-1.1592100489
3.0618427376,-0.8499311397
2.1891871366,-1.2469695034
3.0082441016,-0.6348104099
3.0418771817,-0.8104321770
2.1669110060,-1.2750330897
2.9788104413,-0.6593022670
2.7906298700,-1.0264988056
2.7764808294,-0.6711326436
2.8721467081,-0.7083431484
2.5657694938,-0.9413150683
3.0454070162,-0.8527017622
2.2784809366,-1.1725233750
3.1063242870,-0.5599876921
3.0305351773,-0.8282487942
2.2473730334,-1.1972030810
3.0725376422,-0.5855587968
3.0607922416,-0.9062399617
2.4419067252,-1.0373018575
3.1395680025,-0.8395814606
2.5046291566,-1.1224993761
3.1326078986,-0.8444698698
2.8029045567,-1.0178661772
3.0440935203,-0.4688253783
2.4828243777,-1.1276384066
3.0835573120,-0.8491641772
2.1659442729,-1.2882892773
2.9714375292,-0.6650243015
2.5055351240,-1.1556500613
3.0830079031,-0.8509645898
2.1554552317,-1.2854580003
2.9743839163,-0.6653451847
2.5107649464,-1.1500269881
3.1124208160,-0.8441583182
2.4215992218,-1.1934786897
3.1034791532,-0.7526901265
3.1372587128,-0.8447640086
2.9334283630,-0.9642819860
3.0342493105,-0.8426985755
2.2843415758,-1.1661397513
3.1144241641,-0.5522084291
2.7382867285,-1.0270586977
3.0578142673,-0.7993724165
2.1950400037,-1.2857235014
2.9989217589,-0.6478875681
2.7824005518,-0.8144791597
3.0585313881,-0.8501797465
2.2042210211,-1.2339117859
3.0246276664,-0.6226587359
2.4720748024,-1.0783934631
3.1366260206,-0.8418420258
3.0936780909,-0.9090566054
2.2740462468,-1.1711930916
3.1116479909,-0.5584308902
3.0469486830,-0.4668737942
2.4883580570,-1.1261188170
3.0967768775,-0.8476195045
2.2146374288,-1.2807917200
3.0067846040,-0.6373501769
2.8914770109,-0.5867047098
2.2627617142,-1.2610259962
3.0569795378,-0.6009935921
3.1402378018,-0.8795864022
2.3645870372,-1.2166588128
3.0797198990,-0.8507297241
2.1649873241,-1.2819107301
2.9738030661,-0.6639442554
2.5590052747,-1.1315822605
2.6066478492,-0.9589580278
2.7549007243,-0.6900757448
3.0367998460,-0.5814511373
3.1098243729,-0.8472671924
2.3350596837,-1.2331320762
3.1136058469,-0.5536491205
2.4836773026,-1.1267380301
3.0899324367,-0.8473033459
2.1856873364,-1.2882878420
2.9847250781,-0.6529788764
2.4185415914,-0.9393682966
3.0707069062,-0.9031621345
2.3678363289,-1.0953567459
3.0544016574,-0.7960305104
2.2173063095,-1.2794173077
3.0097281935,-0.6338987505
2.5221567086,-1.1154273732
2.9736672006,-0.5213699680
2.0958488307,-1.1649245285
2.9980940640,-0.6451658988
3.0841806418,-0.8540131086
2.1592852568,-1.2811368829
2.9783894233,-0.6639447923
2.5938133351,-1.1128905204
3.0465552599,-0.8533288925
2.2765065743,-1.1687955290
3.1147941986,-0.5555280324
2.5006919241,-0.8804498486
2.5901196984,-0.8152407648
2.7290446157,-0.8613356503
3.0408974948,-0.8080136215
2.1613053699,-1.2799272386
2.9733904807,-0.6617213540
2.6291313876,-1.0972458865
2.4444694244,-1.1188628536
3.0408163700,-0.8467205603
2.2787631264,-1.1671585741
3.1171154395,-0.5538701857
2.5321592657,-1.1108717478
3.0568763763,-0.9063165674
2.4680929044,-1.0225263623
3.0074085361,-0.9252837524
2.8492559176,-0.7227797694
2.7478418264,-0.8042849250
3.0901573431,-0.8489928352
2.1814753896,-1.2890987343
2.9816413876,-0.6552599370
3.0447557832,-0.9230972123
2.6278547970,-0.8984194040
2.4972000529,-1.1246101994
3.1121577571,-0.8473990421
2.3291507597,-1.2331128837
3.1171830964,-0.5536266335
3.0296896214,-0.8333430043
2.2751761075,-1.1749585315
3.1029025461,-0.5624048053
3.0343008980,-0.8208170203
2.2057491440,-1.2330517532
3.0259446523,-0.6219601842
2.4021108598,-0.9523798651
2.8140780439,-0.9977955014
2.5109529054,-1.1185320938
2.3549917764,-0.9838039773
3.0487073574,-0.8489568300
2.2311183625,-1.2082559139
3.0567359886,-0.5957999702
2.4814151418,-1.0724174156
2.6188694678,-1.0793987340
2.9157723698,-0.9551701127
3.0521919228,-0.8491389630
2.2168704083,-1.2204448886
3.0408023937,-0.6082614583
2.4503877161,-1.1089833948
3.0512386319,-0.8510047031
2.2459352608,-1.1942364310
3.0805676745,-0.5826742890
3.0529269856,-0.9054857812
2.4731251544,-1.0164269023
3.0041974447,-0.9277501105
2.8835851160,-0.6977183163
2.4485164932,-1.0376505172
3.1405828890,-0.8437096837
3.0963772409,-0.9042227773
2.2324737674,-1.2093528944
3.0562001579,-0.5981422172
3.0381965225,-0.8323812064
2.2342591054,-1.2038711341
3.0677422442,-0.5925984291
3.0331902206,-0.8489688056
2.3110965010,-1.1434809980
2.5620900530,-1.0000183797
3.0630481493,-0.7858669900
2.3835428410,-1.2113583019
3.0781106543,-0.7713299315
3.0909834999,-0.9080175829
2.2723554966,-1.1704577839
3.1117769041,-0.5564680369
3.0783370436,-0.8539686598
2.1628426189,-1.2719438685
2.9856783084,-0.6572356033
2.9837556131,-0.9441074272
3.0192077118,-0.5963634515
2.5338837862,-1.1101704175
3.0564042877,-0.7948498648
2.2302627254,-1.2758051976
3.0193315531,-0.6283208798
3.0391048642,-0.8235390601
2.1985025340,-1.2343693910
3.0283294124,-0.6230995551
2.5265943963,-1.0289912271
3.0564742420,-0.7908371538
2.2670406621,-1.2607456991
3.0529540741,-0.5995298946
3.0094200996,-0.9240678722
2.8307436519,-0.7365420928
2.8894883021,-0.6948459589
2.3997447968,-1.0701399892
3.0342346940,-0.8442163275
2.2811698021,-1.1668819762
3.1126535064,-0.5519754182
3.0440835735,-0.8073682965
2.1637039601,-1.2828934390
2.9727651043,-0.6639764207
2.5480619823,-1.1360245069
2.2576221481,-1.0530880746
3.0806769768,-0.8514014243
2.1632397416,-1.2836377271
2.9721126073,-0.6644225517
2.5284181726,-1.1450569195
3.1013248808,-0.4241576133
3.1215586988,-0.8431142293
2.6242265454,-1.0999130569
2.3492519303,-0.9895520571
3.0394266306,-0.8468080763
2.2789834114,-1.1711673801
3.1077951875,-0.5579962888
2.7916917592,-1.0046863038
2.4615884612,-1.0950374340
3.0803579710,-0.8520238359
2.1598236649,-1.2781293185
2.9804155779,-0.6619080919
2.6909935208,-1.0680414098
2.2316178547,-1.0748357762
3.1266326090,-0.5411944986
3.0780670681,-0.8529279431
2.1571871706,-1.2762819371
2.9804542088,-0.6597040934
2.7842046494,-1.0246379032
3.0293457564,-0.4790398651
3.0723399068,-0.9022935732
2.3517884754,-1.1076164684
3.0996784473,-0.7518009430
2.4615381307,-1.0927409344
3.0856209194,-0.8507307081
2.1567545164,-1.2883796803
2.9737134953,-0.6659122610
2.4889354634,-1.1601701197
3.0571748435,-0.8496014714
2.2008715576,-1.2350889269
3.0223811810,-0.6230449894
2.5090666410,-0.8755663415
3.0615322226,-0.7896974815
2.3235423966,-1.2377354961
3.1034359655,-0.5610308032
3.0466280085,-0.8013684787
2.1691525713,-1.2899834315
2.9731990628,-0.6620659202
2.6171020720,-1.1028189958
3.0298814061,-0.8447130513
2.3214703909,-1.1372374643
3.0305377693,-0.8378490361
2.2841121268,-1.1665976599
3.1139094415,-0.5528443883
2.4600828520,-1.1328137677
3.0449574439,-0.8489487935
2.2632717352,-1.1845891744
3.0897359774,-0.5726161989
2.7253633349,-0.8638983214
2.3067832978,-1.0212739729
3.0775973847,-0.7780732092
2.7812239073,-1.0267438182
2.1106616263,-1.1567665250
3.0044854569,-0.6356705061
3.0130864111,-0.4923941171
2.5741650224,-1.0977181875
3.0583521359,-0.7910868676
2.2754581013,-1.2580880679
3.0594344929,-0.5957876528
2.7394436942,-1.0263914165
3.0638036818,-0.9035014096
2.4083888221,-1.0686312020
3.0412178015,-0.8469889739
2.2782343690,-1.1676588419
3.1164612031,-0.5544466185
3.0316133953,-0.8315602001
2.2532986494,-1.1862707997
3.0904743916,-0.5732706762
2.0763707891,-1.1784376561
2.9782188894,-0.6630663120
2.5991957664,-1.1107714411
3.0928094152,-0.8526776558
2.1656743065,-1.2904428933
2.9778450912,-0.6640379547
2.5870045157,-1.1156674144
3.0330352906,-0.8314900482
2.2510421519,-1.1891133713
3.0870637988,-0.5767883261
2.5567646558,-0.8408845386
2.4556757508,-1.1012900958
3.0646376174,-0.8522303740
2.1939885848,-1.2390288199
3.0227787142,-0.6279048540
2.5378472967,-1.0184724696
3.0624122218,-0.8515125278
2.1863313445,-1.2479745740
3.0126949834,-0.6370292924
2.6490832168,-1.0679187637
2.5771905214,-1.0963348158
3.0333894940,-0.8205687111
2.2042425885,-1.2332644661
3.0251980635,-0.6216925939
2.4637277342,-0.9067896393
3.0336219224,-0.8489404081
2.3037623457,-1.1484813978
3.1380300405,-0.5319576922
3.0428247091,-0.8519372785
2.2849125060,-1.1666365574
3.1141271482,-0.5533054898
2.7156118631,-0.7204023853
3.0439110285,-0.8169072652
2.1677370716,-1.2645077919
2.9928947184,-0.6507827097
3.0961459612,-0.8511178899
2.1802641390,-1.2889907237
2.9885415453,-0.6539098691
3.0686929970,-0.8552001912
2.1931414979,-1.2412282602
3.0206797708,-0.6305705841
2.4462620940,-1.1111687607
3.0463940369,-0.8495101220
2.2534551180,-1.1860357686
3.0907331814,-0.5730046096
2.7095123836,-0.8780242247
2.5987422649,-0.8056059661
2.4376284152,-1.1297120467
3.0325902467,-0.8407368802
2.2833088030,-1.1667579822
3.1134855961,-0.5527453154
2.6975087777,-1.0464385640
2.7660001894,-0.6796037556
2.9535542719,-0.6475850081
2.3886362808,-1.2073031847
2.4858960880,-1.1263775052
3.0934454990,-0.8473604109
2.1999690161,-1.2848917974
2.9954648010,-0.6452631390
3.0608730168,-0.7906570121
2.2956456716,-1.2506128957
3.0764712981,-0.5838685708
3.0091053612,-0.9248195224
2.8395402570,-0.7303931235
2.8287901604,-0.7420483597
2.9321604387,-0.6595383069
2.1768152456,-1.2891488145
2.9782119459,-0.6590181893
2.7994131626,-1.0218469845
2.0067813003,-1.2241483474
2.9133226184,-0.7129500093
2.3581143315,-1.1036272973
3.0825354380,-0.7683293209
3.0490226458,-0.8512928030
2.2479853724,-1.1905514830
3.0846597691,-0.5777779314
2.3376999186,-0.9985274206
3.0327900094,-0.8375662893
2.2745537835,-1.1749436313
3.1027034353,-0.5621099632
3.0359317781,-0.8173620612
2.1892264295,-1.2480342238
3.0074445022,-0.6361151094
3.0259926325,-0.8408829136
2.3130943081,-1.1418096446
3.1000064546,-0.8463950227
2.2510840481,-1.2669773154
3.0389888071,-0.6102973498
3.0852564249,-0.8513097794
2.1664523902,-1.2877721278
2.9718163452,-0.6653060794
2.5008708651,-1.1582449089
3.0708150343,-0.8520210299
2.1736838097,-1.2584777756
2.9996734513,-0.6458140234
2.6027815488,-0.9595559696
2.6789632274,-0.7459969684
3.0038633502,-0.9272862029
2.8798604666,-0.7000129003
2.4769055947,-1.0149391350
3.1042987799,-0.7474513989
2.8504795645,-0.6167011611
2.2544624103,-1.1850551190
3.0921712510,-0.5713650808
2.6787345312,-1.0554177318
3.0357546898,-0.8456259284
2.2894377842,-1.1565449024
3.1308576882,-0.5413206405
3.0496086473,-0.4661468397
3.1058161799,-0.8480554875
2.2820345123,-1.2556665069
3.0650175824,-0.5917699448
3.0336503741,-0.8489655865
2.3024921002,-1.1492791292
2.9377822359,-0.9477899804
3.1055791455,-0.7478838199
2.4395325129,-1.1275620695
3.0348323043,-0.8418450414
2.2751034053,-1.1675809762
3.1154906735,-0.5528814611
3.0211003078,-0.9174068944
2.7291155131,-0.8188737555
3.0326691121,-0.8216293347
2.2098341024,-1.2281523064
3.0315982677,-0.6166044865
3.0115082024,-0.9228085187
2.8111199700,-0.7511448900
3.0162580295,-0.5978676283
2.4507530130,-1.1081476728
3.0523236279,-0.8511831839
2.2408362249,-1.1983269033
3.0750541943,-0.5868674072
3.0374836768,-0.9106885618
2.5935461967,-0.9228595470
2.7230064530,-0.7101725084
3.0458501922,-0.8535413655
2.2854750990,-1.1623655381
3.1239339167,-0.5491086958
2.9197262163,-0.5637479879
2.5658071606,-1.1011321470
3.0267372255,-0.8413976289
2.3148674731,-1.1410018936
3.0791540271,-0.8494233592
2.1611048762,-1.2852764645
2.9703510297,-0.6645961120
2.5073875554,-1.1538615906
3.0915719330,-0.8492809572
2.1701004922,-1.2907109664
2.9814512634,-0.6586658538
2.8609473868,-0.9977100522
2.8174210850,-0.7901652506
3.1272213615,-0.5133854215
3.0513334618,-0.9112586846
2.5390911243,-0.9636752731
2.8241221385,-0.9955237722
2.4949739354,-1.1249429338
3.1084245222,-0.8474001040
2.2906549960,-1.2492053133
3.0825942180,-0.5798864749
2.6664104048,-1.0609093907
3.0450499382,-0.8480414262
2.2609828054,-1.1812428720
3.0977896023,-0.5686659587
2.8741489759,-0.5976875801
2.1567516666,-1.2863695577
2.9749292505,-0.6643959388
2.5450197478,-1.1336803657
3.0519070912,-0.9070772390
2.4961373279,-0.9997793830
2.6640070169,-0.9093069292
2.7087685733,-0.8718501487
2.4452823826,-1.1297591099
3.0379865931,-0.8427874077
2.2791385718,-1.1673511569
3.1170608183,-0.5543474838
2.5196227729,-1.1172226406
2.7018640932,-0.7277638073
3.0450018541,-0.8486709282
2.2571697507,-1.1886529966
3.0838354511,-0.5764016926
3.0128144371,-0.9185236184
2.7684470353,-0.7867470656
3.0340883850,-0.8405650700
2.2825799355,-1.1687914982
3.1112837079,-0.5557420495
2.7851621979,-0.6650852839
2.8138333949,-0.7538658727
3.0303361756,-0.5852387697
3.0511776929,-0.8535416260
2.2464220721,-1.1918036705
3.0829614163,-0.5790795951
2.5104595887,-1.1210502444
3.0367971727,-0.8249148392
2.2135102918,-1.2215398987
3.0447332563,-0.6105848870
2.2296817851,-1.0734767239
3.1331219925,-0.5392666769
2.4651211166,-1.1320745660
3.0505572462,-0.8501568096
2.2428529991,-1.2018203195
3.0667198237,-0.5908386167
3.0372219516,-0.8339977228
2.2420177613,-1.1967709339
3.0768941571,-0.5849172483
3.0250128118,-0.9145684014
2.6835452010,-0.8527044405
2.4650191303,-1.0858575032
3.1067535320,-0.8467956086
2.2977258129,-1.2496091099
3.0785870077,-0.5818908448
3.0658915011,-0.9048508126
2.4057948327,-1.0657565900
3.0406814189,-0.8474149818
2.2660137941,-1.1799580505
3.0950391265,-0.5664086053
3.1021376481,-0.8494873190
2.2353449109,-1.2743020154
3.0232664867,-0.6257348012
3.0543894010,-0.7964396031
2.2111924548,-1.2819298248
3.0037749833,-0.6401058950
2.6011707986,-1.0845213030
3.0489340509,-0.8003136550
2.1770075401,-1.2896021365
2.9781358796,-0.6589901361
2.7997831861,-1.0216028745
2.1411890805,-1.1341529640
3.0426006639,-0.6113565507
2.8642218067,-0.7524779807
2.8187986466,-0.7469942588
2.9814165075,-0.6256884992
2.5785989279,-0.8195583325
2.8107437355,-0.7902606088
3.1326641488,-0.5109884841
2.4688912515,-1.0869566083
3.1056204209,-0.8493994253
2.2382744000,-1.2713359289
3.0347628920,-0.6194889070
2.7634655663,-0.8315952486
3.0374531825,-0.8179517720
2.1916115996,-1.2476301777
3.0086943650,-0.6364239361
3.0469185424,-0.8040995006
2.1668250379,-1.2882852269
2.9719611406,-0.6647253804
2.5189338593,-1.1495362044
3.1207941182,-0.8461904636
2.4788490197,-1.1652448847
3.0411243229,-0.8475661861
2.2640996695,-1.1814555070
3.0929703959,-0.5679666023
2.8795278358,-0.7409762972
2.6936988667,-0.8441468106
2.6196036764,-0.7899713909
2.5288799017,-0.8566577742
2.5759515061,-0.9845512934
3.1078383590,-0.7488456240
2.4510454928,-1.1333408240
3.0379314179,-0.8455880559
2.2750371913,-1.1676057328
3.1154420709,-0.5528997050
3.0739235570,-0.7816635517
2.5972326502,-1.1103199359
3.1017696727,-0.8502361521
2.2128350272,-1.2796016327
3.0144894597,-0.6335604554
2.6054089406,-1.0838815497
3.0366691504,-0.8501083128
2.3088045124,-1.1473095596
3.1408081477,-0.5323958201
3.0397929829,-0.8200137144
2.1874340023,-1.2449977815
3.0154901053,-0.6334525762
2.5324193126,-1.1117908963
2.5994638328,-0.9671796972
2.4770247961,-1.0754790585
2.0472941791,-1.2002725315
2.9415704283,-0.6879989848
2.1675522684,-1.2761069345
2.9785322868,-0.6598989436
2.7611422079,-1.0396962028
2.7173469327,-0.7163466867
3.0798200202,-0.7707381049
3.0569512870,-0.7994979079
2.1915359696,-1.2865092131
2.9964752326,-0.6492409475
2.4729758190,-1.0798690200
3.1315833071,-0.8440051249
2.7996066548,-1.0185839943
2.5817828258,-0.9836110612
3.0656789284,-0.7880670674
2.3556394776,-1.2212914812
3.0383050262,-0.8504234321
2.2867135307,-1.1623803272
3.1188480510,-0.5471239499
3.1166314254,-0.4139262816
3.0150366386,-0.9228784928
2.8010040266,-0.7602036826
3.0834200029,-0.5486348609
3.0724221156,-0.8513833240
2.1667725000,-1.2713990070
2.9811154300,-0.6560620086
2.9842372243,-0.9460399949
3.0281769848,-0.5852580550
2.5253281580,-1.1136453546
3.1063624311,-0.8469731613
2.3049895074,-1.2453697413
3.0868340656,-0.5734303548
3.0317963381,-0.4739533473
3.0446090773,-0.8145423472
2.1669023810,-1.2679694975
2.9901133782,-0.6542615122
2.8572170092,-0.7534096121
2.8376600624,-0.7346425792
2.8623665223,-0.7123978066
2.6259384076,-0.8978623963
3.0325799903,-0.8250873967
2.2287385900,-1.2134184576
3.0513059591,-0.6025463768
3.0584645483,-0.8528565991
2.2124935943,-1.2264150847
3.0340428861,-0.6152188518
2.5786794246,-0.9841473041
3.0667227179,-0.7821970159
2.5142501597,-1.1503840131
3.1131605500,-0.8459869052
2.3848562664,-1.2118450254
3.0571438832,-0.7947828118
2.2373864322,-1.2730775190
3.0256731574,-0.6228975181
2.6589410267,-1.0606565877
3.1289230561,-0.4032014725
3.1062278053,-0.7468389410
2.4868285268,-1.1271249021
3.0889160170,-0.8496283093
2.1622288641,-1.2911517709
2.9761824360,-0.6628621556
2.6211867522,-1.1034896671
3.0403361068,-0.8202786050
2.1885424687,-1.2446445501
3.0162013236,-0.6333796290
2.6143978818,-1.0784733950
2.7681241045,-0.8273113082
3.0768910835,-0.8521737768
2.1667963555,-1.2758108258
2.9782209134,-0.6600855998
2.7491032149,-1.0449547265
2.8110523728,-0.7914830796
3.1401521945,-0.5067474246
3.0509913201,-0.8518934226
2.2464132495,-1.1929705368
3.0818904087,-0.5809021582
2.9924948676,-0.9261425864
2.9063411696,-0.6810216347
2.2473503104,-1.1907282299
3.0844052148,-0.5774030339
2.6263539395,-0.7858114352
3.0645100369,-0.7881715778
2.3444231356,-1.2258393832
3.1320419065,-0.5412627903
2.4409849757,-1.1316066014
3.0335804551,-0.8415654605
2.2852484834,-1.1658395923
3.1150160105,-0.5521295240
2.8823525872,-0.5922868089
2.1827750333,-1.2877657106
2.9909682407,-0.6515158692
3.0453606063,-0.8078383418
2.1657333322,-1.2826220536
2.9738033251,-0.6642556045
2.5494083258,-1.1362504091
3.1189362902,-0.8442469533
2.5309445519,-1.1436860240
2.4508278467,-1.1332596452
3.0379224109,-0.8454326230
2.2760734629,-1.1670781164
3.1162929821,-0.5525087072
3.0971354005,-0.8522804767
2.1785058860,-1.2895364468
2.9864567680,-0.6573670214
2.9956016639,-0.9401085170
2.9570861208,-0.6439528294
2.5024903366,-1.1546837573
3.0847129724,-0.8487465044
2.1677106046,-1.2893994167
2.9721550715,-0.6640299705
2.5418012308,-1.1385234189
3.0357844186,-0.8295712711
2.2394465755,-1.2005740082
3.0725516044,-0.5897011507
2.5753235136,-0.9838382271
2.5891545049,-1.0885298844
3.0610511871,-0.7891829455
2.3157410513,-1.2416927892
3.0954161084,-0.5682891536
3.0354341332,-0.8498157022
2.2965310739,-1.1540120544
3.1356335025,-0.5404523126
2.9127763911,-0.5679127399
3.0912024131,-0.9093644618
2.2856630493,-1.1612988428
3.1249787606,-0.5475571557
2.7544385743,-0.8361236376
2.2252505441,-1.0764559369
3.1286785887,-0.5425894163
2.5134677283,-1.1169133362
2.7309742441,-0.7047543776
3.1335894537,-0.5110042981
3.0397945364,-0.4681459187
3.0397013928,-0.4727444072
3.0321586216,-0.8428239852
2.3088633211,-1.1432519247
3.1231450292,-0.8470569957
2.5167541436,-1.1473436669
3.1321522802,-0.8408226535
3.0093289057,-0.9366436388
2.8813241858,-0.6970234764
2.4407726424,-1.0410587616
3.1229278855,-0.8445720727
2.5851656904,-1.1200817809
3.1134190476,-0.7415792999
2.7905403456,-1.0057041253
2.6619150140,-0.9099872549
2.6803280041,-0.9013682616
2.8269542701,-0.6332719139
2.4502450616,-1.0354730605
2.9344401667,-0.9530511916
3.0407444065,-0.8241982360
2.1970461541,-1.2364000681
3.0261091174,-0.6253652555
2.6801348165,-0.7432890580
2.4511926640,-1.1334956297
3.0376608721,-0.8462610270
2.2704952739,-1.1751752964
3.1067279807,-0.5631527464
3.0482859806,-0.8095458117
2.1582106682,-1.2827537712
2.9770661330,-0.6644776852
2.5628481751,-1.1268122679
3.0914963786,-0.8515836244
2.1645023847,-1.2910363635
2.9774773468,-0.6624322854
2.6399641639,-1.0896857065
2.9450295413,-0.9461695694
2.9881147062,-0.9290255429
2.9449528689,-0.6527565929
2.2513099782,-1.2655831680
3.0469399401,-0.6088075429
2.8616711711,-0.9760789379
3.1362129266,-0.8431821348
3.0388007462,-0.9279124193
2.6954346504,-0.8420817833
3.0478717472,-0.8490925352
2.2487086695,-1.1907659052
3.0847166596,-0.5784222559
2.6575253747,-0.9135168442
2.5839326058,-0.9814317895
2.6686883324,-0.9062714442
2.0809585088,-1.1773440937
2.9746633522,-0.6601426159
2.6776571632,-1.0758134675
3.0298749863,-0.8327189597
2.2726632076,-1.1772045013
3.0999180001,-0.5649056571
3.1061024660,-0.8482385957
2.2816797762,-1.2559772951
3.0644685678,-0.5924976688
2.0549655348,-1.1908536972
2.9595820028,-0.6746733595
2.2303892168,-1.2728271830
3.0298829327,-0.6207267981
2.4408837764,-1.1145285798
3.0402262590,-0.8472553592
2.2735811981,-1.1749420148
3.1023695594,-0.5616908133
3.0380344907,-0.8130462934
2.1726137275,-1.2645933584
2.9883148960,-0.6505733616
3.0366617867,-0.8136072659
2.1743055513,-1.2615123402
2.9912419576,-0.6476353467
2.8814338979,-0.7393318035
2.6748352194,-0.8586051272
2.5661100246,-0.8320513973
2.6847321448,-0.8964532834
3.0388966101,-0.9152044663
2.6330237195,-0.8906046668
2.5887977836,-0.8122546599
2.5754209875,-0.9889353928
2.0738407186,-1.1827027794
2.9671809818,-0.6669110376
2.4062640068,-1.2012482344
2.8821326089,-0.9680385854
3.1089145135,-0.7463641930
2.7542818827,-0.6911187511
3.0424927497,-0.5772776857
3.0446823194,-0.8048165829
2.1629309320,-1.2870523967
2.9704921255,-0.6648105077
2.5028700780,-1.1561792107
3.0791866569,-0.8506820327
2.1542923972,-1.2817242712
2.9758862097,-0.6631837165
2.5936639732,-1.1107680251
3.0835350031,-0.8515734278
2.1653045582,-1.2858041907
2.9720093614,-0.6653750181
2.5003055172,-1.1586912160
3.0690753757,-0.8521891185
2.1796140030,-1.2527277384
3.0063762687,-0.6407562923
2.6370110673,-1.0721544872
3.0346870802,-0.8245833644
2.2125661513,-1.2202755441
3.0454681274,-0.6083692826
3.0386776805,-0.8481169072
2.2860170521,-1.1650170838
3.1160610275,-0.5511452535
3.1105598950,-0.8442069774
2.3902212612,-1.2078266883
3.0319030345,-0.8380935193
2.2849576248,-1.1671883230
3.1136210624,-0.5542005454
2.4910070749,-1.0590760251
2.9875978063,-0.9281561011
2.9380733440,-0.6569804132
2.1899188061,-1.2861571995
2.9963755733,-0.6473400675
2.5221509236,-1.0357637289
2.1485954376,-1.1312598327
3.0422915253,-0.6061547861
2.8564301981,-0.6138117739
2.2318483421,-1.2068677329
3.0643775296,-0.5956538148
2.7249167038,-1.0333508678
2.8264730926,-0.7776562426
3.0479578134,-0.5742056647
2.5933116188,-0.9742118824
2.8158988987,-1.0131795915
2.9374781092,-0.9477823898
3.1038784966,-0.7491798059
2.5216229563,-1.0285085265
3.0503170046,-0.8025145438
2.1755827612,-1.2892774748
2.9766023792,-0.6623125362
2.6454691761,-1.0922072848
3.0284607047,-0.9146835976
2.6729049172,-0.8622194534
3.0616474246,-0.7948999075
2.2504543800,-1.2658146173
3.0464686084,-0.6086832718
3.0060633935,-0.9271913656
2.8727175791,-0.7061540517
2.5523902271,-0.9570109154
3.0712758653,-0.4479537362
3.0481544096,-0.8081112678
2.1563577935,-1.2853733823
2.9748882915,-0.6652643261
2.5178297402,-1.1469829681
3.1347629900,-0.8405924912
3.1136100011,-0.9004526364
2.1626426108,-1.2687235595
2.9877550605,-0.6540637546
3.0929967801,-0.8529714693
2.1657006462,-1.2902380223
2.9778068469,-0.6645147498
2.5706829912,-1.1235824224
3.0773148559,-0.7737829354
2.9549098610,-0.9587132451
3.1326974501,-0.7228305502
2.1333060588,-1.1417025495
3.0268883746,-0.6181958956
2.8745272969,-0.5975575905
2.1680937690,-1.2862934913
2.9735535654,-0.6641232233
2.5518251467,-1.1348395515
2.6003252054,-1.0842886457
3.0324449783,-0.8197071031
2.2003561006,-1.2354437154
3.0219148144,-0.6232708627
3.0330868266,-0.8232921509
2.2189015671,-1.2215416231
3.0406202884,-0.6106007362
3.0881545429,-0.8524772176
2.1578819144,-1.2891689369
2.9739925316,-0.6657958816
2.4948591092,-1.1574876220
3.0691108496,-0.8494098466
2.1686807499,-1.2682675445
2.9840649764,-0.6534445635
2.6253537218,-0.9418354878
2.5918461259,-1.1146178767
3.0336175745,-0.8447552591
2.3129892976,-1.1405346808
3.0629443819,-0.8531522913
2.2038067501,-1.2303774202
3.0336227960,-0.6195766090
2.6624989435,-1.0617498044
2.9123326767,-0.5662249719
2.7890958819,-1.0232082917
2.5045282600,-1.1227585396
3.1306609840,-0.8451251865
2.7205074312,-1.0545644918
2.8774338881,-0.9705468915
3.0353945401,-0.8492458643
2.3078795915,-1.1418619367
3.0779265684,-0.8511847139
2.1671748244,-1.2777646866
2.9771640839,-0.6617340119
2.6706442250,-1.0807767550
2.3837368093,-0.9639096911
3.1181696194,-0.8444992417
2.5007546396,-1.1582514636
3.0708778011,-0.8519230276
2.1726649821,-1.2592758112
2.9986720305,-0.6464312496
2.8182593109,-0.7840968696
3.0931927096,-0.5401949655
3.0642798865,-0.8534759823
2.2002709278,-1.2395200719
3.0185081777,-0.6288954597
2.4734257893,-1.0752054229
2.5728641835,-0.8238675819
2.8549559728,-0.7546974888
2.8507216104,-0.7241519459
2.7526548763,-0.7963641880
3.0995292174,-0.8456217018
2.2538736644,-1.2657337258
3.0477550353,-0.6099987583
2.8964210179,-0.9642662604
2.4750526539,-1.0773770658
3.0215638147,-0.9181072669
2.7354435783,-0.8148151744
3.0275661706,-0.8327680368
2.2743616605,-1.1738757328
3.1036617851,-0.5602807632
3.0451826115,-0.8034880038
2.1640107153,-1.2886182244
2.9705234779,-0.6643965315
2.5153451892,-1.1500903605
3.1152854482,-0.8459275878
2.4146606882,-1.1986427666
2.3789368535,-0.9691529507
3.0966228269,-0.8489660816
2.1907380371,-1.2863143394
2.9968061667,-0.6470496859
2.4517157745,-0.9150573907
3.0699994414,-0.7866449250
2.4209987613,-1.1929362692
3.0979676037,-0.7559569359
2.5525980220,-1.1037510623
3.1296318148,-0.8424886850
2.8493738069,-1.0010179870
3.0920876168,-0.8506639049
2.1813883545,-1.2891935806
2.9805188542,-0.6588304193
2.8398982541,-1.0060131758
2.4636346367,-1.0903716634
3.0929411938,-0.8499482500
2.1719842822,-1.2904564291
2.9823439613,-0.6591653217
2.8396034256,-1.0014247694
2.6900597772,-1.0496318966
2.4609457451,-1.1326597307
3.0459881917,-0.8491722613
2.2577175803,-1.1888715276
3.0838211870,-0.5769864420
2.8081066049,-0.6473945272
2.6191154310,-0.9040377760
2.5242636525,-0.8607603712
2.5286351276,-1.0300306185
3.0764833022,-0.7747168723
2.8822721630,-0.9884755075
3.0365745547,-0.8167019212
2.1858744986,-1.2513918581
3.0035056660,-0.6392354567
2.4544405406,-1.1332261181
3.0403119719,-0.8472872747
2.2665962087,-1.1793403217
3.0958227779,-0.5656726456
3.1323487902,-0.7318194081
2.3907616315,-0.9626618104
3.1270175794,-0.8460462711
2.5988627943,-1.1104039886
3.1029604090,-0.8508105211
2.2143381576,-1.2794995567
3.0151121516,-0.6340800436
3.0641364995,-0.8520994053
2.1867810564,-1.2431089374
3.0167140825,-0.6308010003
3.0235509398,-0.9171304148
2.7177937867,-0.8281913514
3.0517528856,-0.8024835485
2.1661433322,-1.2907987497
2.9785811652,-0.6617383974
2.6790709772,-1.0719413338
3.0330229733,-0.8373513309
2.2677131463,-1.1795960069
3.0959671602,-0.5665599788
3.0386447376,-0.8508697831
2.2992124661,-1.1490561119
3.1413242257,-0.5334572021
3.0318441030,-0.8481449048
2.3090112537,-1.1441558515
2.6802170089,-1.0547565218
2.6407458090,-0.7760186711
3.0834267178,-0.8540332112
2.1598250185,-1.2798316348
2.9793852092,-0.6631883812
2.6308973860,-1.0958340973
3.0273090609,-0.8422432930
2.3155525023,-1.1404481599
3.0643950014,-0.8504797509
2.1819288186,-1.2537522811
3.0000976166,-0.6409431237
2.4329174779,-1.1264024529
3.0387863290,-0.8437719482
2.2809719367,-1.1661913779
3.1187800378,-0.5532917941
2.4456110887,-1.1318084279
3.0365460402,-0.8429344149
2.2778852338,-1.1666284685
3.1173302396,-0.5525948124
3.0454086684,-0.8531339747
2.2772505205,-1.1673842968
3.1163885249,-0.5535628158
2.4428469360,-1.1070127653
3.0481559594,-0.8488043010
2.2314835643,-1.2076052390
3.0634115823,-0.5971715575
2.6104027220,-0.9587166537
2.7700201059,-0.6754790129
2.9191925919,-0.6730471653
2.1818635096,-1.2503516604
3.0092377999,-0.6380419709
2.7825529228,-0.6671193695
2.8304873686,-0.7404738146
2.9170868949,-0.6706536218
2.1782430012,-1.2584392955
2.9952315131,-0.6448854112
3.0468979439,-0.8485990581
2.2539586497,-1.1925716202
3.0790863951,-0.5811865692
3.0737020199,-0.9026762416
2.3511900815,-1.1089677471
3.1081180839,-0.7456265085
2.5236106178,-1.1135584127
3.1216093280,-0.8484482190
2.4474119728,-1.1805424743
3.0402545959,-0.8156316622
2.1754530393,-1.2628823532
2.9907026225,-0.6495555004
3.0266776617,-0.9174788797
2.7027390700,-0.8347645377
2.5674641022,-1.0983164235
3.0802699248,-0.7754239615
2.9158160335,-0.9709453277
2.0620059553,-1.1865084347
2.9660165596,-0.6700030218
2.3254248222,-1.2341557991
3.1144245182,-0.5550575429
2.4426808266,-1.1320826299
3.0342692164,-0.8421325177
2.2864267924,-1.1653141412
3.1159142530,-0.5518091543
3.0847469696,-0.7652291201
3.0074875247,-0.9238220088
2.8339117677,-0.7332083282
2.8571000952,-0.7187841063
2.7002520757,-0.8427530603
2.2885429316,-1.0350353097
2.8813118998,-0.9718028528
3.0364430449,-0.8499141893
2.2934704904,-1.1568009929
3.1265096362,-0.5410140241
2.4533028323,-1.1330419882
3.0400096231,-0.8459457393
2.2804175495,-1.1659735897
3.1188005212,-0.5526869109
3.0444573281,-0.9119123711
2.5729461085,-0.9357623938
2.5257570200,-1.1127809606
3.0409776579,-0.8217577806
2.1897915076,-1.2432564411
3.0177874767,-0.6319923681
3.0366722838,-0.8400592697
2.2648353052,-1.1771617372
3.1029386720,-0.5638062012
3.0296665708,-0.8430725778
2.3091282790,-1.1405378404
3.0470782921,-0.8506361186
2.2598606254,-1.1874152464
3.0859175665,-0.5756173784
2.4891860290,-1.0636559761
2.7336569038,-0.7055426311
3.1318491815,-0.5081662467
2.5371117499,-0.8542208607
3.0362463144,-0.8162665981
2.1844275889,-1.2523331745
3.0022069690,-0.6399239486
2.8065658237,-0.9989302550
3.0318467267,-0.8397406810
2.2962386209,-1.1532616056
3.1362738734,-0.5390412227
2.8980461026,-0.5776018755
2.4843505317,-1.1653535046
3.0448553221,-0.8490616239
2.2617839797,-1.1797318962
3.0994768279,-0.5666019898
3.0350209902,-0.8310542373
2.2473727110,-1.1936885577
3.0815875235,-0.5823890957
3.0678856331,-0.9009162668
2.3633111182,-1.1027406306
3.0863675011,-0.7698585577
3.0484581898,-0.8014534387
2.1732910168,-1.2899349429
2.9757804002,-0.6603002206
2.7134876669,-1.0591767215
2.4577828478,-1.0921906552
3.0847807339,-0.8489024543
2.1677591788,-1.2892283496
2.9721842188,-0.6642521465
2.5352792813,-1.1417333408
2.6582686358,-0.7593648095
3.0393597557,-0.8166336817
2.1729974886,-1.2565165072
3.0008950328,-0.6431308451
2.0758570494,-1.1790127557
2.9777240863,-0.6630874041
2.5933970551,-1.1131492913
3.0432710193,-0.8525407620
2.2907114292,-1.1574316441
3.1304145890,-0.5433976065
2.1463162126,-1.1300995484
3.0489918521,-0.6039088244
3.1118006064,-0.8474954919
2.3524412030,-1.2259751306
3.1291769786,-0.5422260203
2.8543124502,-0.7563928204
2.8668060972,-0.7128653913
2.6219584523,-0.8984432066
3.0551209886,-0.7916810283
2.2506393672,-1.2670443955
3.0386954377,-0.6104384858
3.0524132815,-0.9085219521
2.5017258240,-0.9903009370
3.0321320583,-0.8279778292
2.2440446327,-1.2010700467
3.0678393954,-0.5901341941
2.7426600533,-0.6982545411
3.0916959638,-0.5388588154
2.0508241307,-1.1961876841
2.9535518006,-0.6822165625
2.1695496488,-1.2898369781
2.9805272642,-0.6621855254
2.6843662989,-1.0712121715
2.4627800111,-0.9071115825
3.0402957924,-0.8514122634
2.3069173809,-1.1453922885
3.0611687994,-0.9029770289
2.4120861865,-1.0642894242
3.0462744086,-0.8494926043
2.2549203556,-1.1850243118
3.0921786470,-0.5720369911
2.6801167890,-1.0506247892
2.8576889067,-0.7579448001
2.8731200936,-0.7054991028
2.5421570973,-0.9642489889
3.1036735555,-0.8475802825
2.2711516220,-1.2594782653
3.0561249758,-0.5976478571
2.2172523115,-1.0845919581
3.1113355421,-0.5543239881
2.4347414510,-1.1248523634
3.0320508887,-0.8417039197
2.2834098742,-1.1654023883
3.1148299221,-0.5505656261
2.9986965879,-0.9275474415
2.8965903141,-0.6856521956
2.3068727265,-1.1467215500
3.1408988278,-0.5301274461
3.0927401980,-0.8518397554
2.1670838682,-1.2903499929
2.9786110605,-0.6639333194
2.5985860918,-1.1107104644
3.0932638552,-0.8523247334
2.1672687095,-1.2906597651
2.9788988161,-0.6627918901
2.6425799628,-1.0897058487
2.4514547486,-1.0960255430
3.0719408856,-0.8487898417
2.1618281026,-1.2765189163
2.9822730222,-0.6611102150
2.7464587092,-1.0437631278
2.6489295774,-0.9209248707
2.6971504763,-0.8878957618
2.5667664217,-1.1004498202
2.5426562910,-1.1085922528
3.1009626191,-0.8494921146
2.2284114728,-1.2765865895
3.0176333129,-0.6298106230
2.7067089690,-1.0433422961
2.4876238563,-1.0621728246
2.5223436368,-0.8616479015
2.7366649010,-1.0304141870
3.0541918825,-0.8009446769
2.1915232710,-1.2873639299
2.9878880929,-0.6533081770
3.0581494745,-0.9042546719
2.4386016321,-1.0438557509
3.1099036796,-0.8476945306
2.2997853655,-1.2457503970
3.0903192399,-0.5745346536
2.8222009158,-0.6370633843
2.4966373482,-0.9943900600
3.0674102254,-0.7841217481
2.4594054133,-1.1779876602
3.0406393551,-0.8250283727
2.2014539577,-1.2328425195
3.0307091744,-0.6220794146
2.6303237472,-0.7811432012
2.5923789396,-0.8086955865
2.4717364443,-1.0841777007
3.1158120364,-0.8481055193
2.3561643780,-1.2222651729
3.1408213634,-0.5368650342
3.0291076666,-0.8298119784
2.2561301671,-1.1890883691
3.0830848017,-0.5765971311
2.8955833498,-0.5798403318
2.4247936391,-1.1919232813
3.0936997425,-0.7615560778
2.7341936298,-1.0331405166
2.3494289089,-0.9894265724
3.0395553679,-0.8469670720
2.2740850237,-1.1742111066
3.1032372778,-0.5607314245
3.0470239456,-0.8015901554
2.1696810830,-1.2898742353
2.9734537037,-0.6622445437
2.6135668745,-1.1047536223
3.0361786068,-0.8348100124
2.2569532243,-1.1858171244
3.0921581732,-0.5741515417
2.2279270950,-1.0768080937
3.1228008197,-0.5448664141
2.4517390974,-1.1043597284
3.0574705510,-0.8514410023
2.2134252691,-1.2202673195
3.0457726038,-0.6087570860
3.0755641209,-0.8481902045
2.1598196263,-1.2828396818
2.9776751847,-0.6650454126
2.5507373359,-1.1332449608
3.0534658706,-0.9093377872
2.5075975285,-0.9869131735
3.0345177223,-0.8483598037
2.3123789208,-1.1389281463
3.0339919239,-0.8432571877
2.2885229559,-1.1573146748
3.1298137521,-0.5421650846
2.0078217785,-1.2263869657
2.9045944825,-0.7177454385
2.4272464190,-1.0544014916
3.0721037577,-0.8523813471
2.1740192570,-1.2593430090
2.9991678882,-0.6469464810
2.6674021892,-1.0593718938
2.9084502908,-0.9783879137
2.5970864020,-1.0855132382
2.7695352724,-0.6773189090
2.9301413010,-0.6651251071
2.1583851604,-1.2846497600
2.9763512650,-0.6646549247
2.5504559690,-1.1322432221
2.5626605855,-0.9965083406
3.0403304253,-0.8100665317
2.1647929485,-1.2749690016
2.9779591086,-0.6586874361
2.8068449329,-1.0183436665
2.9786162251,-0.5206688515
2.0615896998,-1.1901917494
2.9555364105,-0.6767573468
2.2107134929,-1.2818750332
3.0034924586,-0.6403218880
2.7244106375,-1.0336751908
2.7125783043,-0.8695061189
2.7701535343,-1.0134769689
2.6500119635,-1.0667026863
2.4405901762,-1.1288046325
3.0351251588,-0.8417385020
2.2752188724,-1.1678759720
3.1152474909,-0.5534163694
3.1011802677,-0.8491461674
2.2332968369,-1.2746946241
3.0220332009,-0.6259380773
2.7277668969,-1.0342976413
2.6574265572,-0.9172421285
2.5829293829,-0.9782073813
3.0446043503,-0.8115092099
2.1585157703,-1.2762052736
2.9811072367,-0.6598374844
2.7869522831,-1.0240143317
2.7059617223,-1.0420964865
2.7528199092,-1.0214013464
3.0766379803,-0.7805105878
2.6588490842,-1.0833693615
2.4613320404,-1.0886233639
3.0963864022,-0.8476851212
2.2120021163,-1.2816328312
3.0046113250,-0.6390773426
2.4667717650,-1.0815291279
3.1223432338,-0.8430274633
2.6343976086,-1.0957825112
2.5824210103,-0.9756642585
3.0838238196,-0.7676486019
2.4685506116,-1.1315230902
3.0548555686,-0.8507534955
2.2156924561,-1.2167976212
3.0496066625,-0.6045448464
3.1037039161,-0.8487182785
2.2556559400,-1.2663719573
3.0413351243,-0.6107465338
2.2643150106,-1.0511504017
2.6082281966,-0.9616159215
2.3134021899,-1.0145951435
3.0526340110,-0.8007734020
2.1869569371,-1.2881830698
2.9847950857,-0.6550160638
3.1145607161,-0.9014949187
2.1669818076,-1.2660597785
2.9914085549,-0.6525119517
3.1252342147,-0.7303373601
2.4402374285,-1.1237518844
3.0363198064,-0.8435814586
2.2775237896,-1.1661183791
3.1176968538,-0.5515956384
2.4437652463,-1.1191382546
3.0402087535,-0.8464245113
2.2784086462,-1.1670315668
3.1171179703,-0.5535003587
2.3843328875,-0.9623390316
3.1259691039,-0.8419179129
2.7690692725,-1.0347119347
2.4897613675,-1.1259115597
3.0987403076,-0.8477709109
2.2243408066,-1.2778126459
3.0144775333,-0.6318860231
2.5269738793,-1.1149940909
2.9477155371,-0.9462301929
2.5685548243,-0.8261554390
2.8493241265,-0.7649280364
2.9377844472,-0.6563303301
2.2064431323,-1.2831351510
3.0000067197,-0.6431631636
2.3764858230,-0.9692696809
3.0960686704,-0.8474036488
2.2126496146,-1.2812717959
3.0054053739,-0.6380107135
2.1720192011,-1.1163157625
3.0652004565,-0.5889986613
2.6283335362,-0.7845784146
3.0271684247,-0.8341700085
2.2818579636,-1.1677075459
3.1120919189,-0.5536240951
2.4344979183,-1.1277899284
3.0310538942,-0.8405165048
2.2816452741,-1.1664914720
3.1131918757,-0.5515437462
2.8787512093,-0.9704631433
3.0317662030,-0.8451964289
2.3123716551,-1.1388262851
3.0333332085,-0.8420903927
2.2862449110,-1.1590297635
3.1274066947,-0.5439419459
3.0573913750,-0.8530956802
2.2196654621,-1.2206582620
3.0416423572,-0.6096834821
2.6110041390,-0.9563987207
3.0804359185,-0.4370218958
3.0665343759,-0.8498460746
2.1719688304,-1.2629162257
2.9957317287,-0.6504170239
3.1065688153,-0.7473953026
2.4460500924,-1.1134079027
3.0446214043,-0.8489737293
2.2641443824,-1.1781101444
3.1018048862,-0.5650443794
3.0701241585,-0.8536047353
2.1737511001,-1.2562785609
3.0013452167,-0.6431907963
2.7950106014,-0.8090181506
3.0374970622,-0.8393098980
2.2682485650,-1.1764429895
3.1047782294,-0.5641694531
3.0315359862,-0.8375495373
2.2857157641,-1.1612564045
3.1250901402,-0.5473617207
2.6570629480,-0.9151462892
2.5668608856,-0.9893110692
2.0823215486,-1.1777328432
2.9747434072,-0.6618655418
2.6154582157,-1.1056764221
2.5381970088,-0.8500164157
2.8019079404,-1.0011538711
3.0327425814,-0.8476320976
2.3218932109,-1.1373747387
3.0314872467,-0.8404656409
2.2930628365,-1.1598448563
3.1234106820,-0.5458562990
2.4836630350,-1.0701186339
3.1294718733,-0.8459413889
2.6900382879,-1.0673570258
2.7406254360,-0.8457307185
3.1090389006,-0.8480591060
2.3110818163,-1.2440276787
3.0907013491,-0.5724806943
2.4417412739,-1.1264259780
3.0367836498,-0.8428266981
2.2780628156,-1.1668325255
3.1171948155,-0.5530095072
3.1215620147,-0.8440988701
2.6061968196,-1.1081502860
3.1141908307,-0.4149667394
2.7839850980,-1.0110506802
3.0399074184,-0.8512916985
2.2910308564,-1.1605380269
3.1220599182,-0.5460816993
2.7204058524,-0.8669348357
2.5791552704,-0.9822425316
2.5517089652,-0.8412052394
2.4470172729,-1.1047875417
3.0537341051,-0.8499788252
2.2210103041,-1.2187317089
3.0438113698,-0.6073840739
2.5710529465,-1.0977507741
3.0578451885,-0.7885751818
2.3021551473,-1.2459858473
3.0907587083,-0.5763408583
3.0294951230,-0.8289159020
2.2517555353,-1.1929138794
3.0780170461,-0.5807328714
3.0719798782,-0.9019625796
2.3493118876,-1.1090888381
3.1059082272,-0.7456816875
2.3020907708,-1.0255390730
3.0991923805,-0.7599109532
2.9818843130,-0.5140564554
3.0959135955,-0.8489408784
2.2056074465,-1.2833240569
2.9998737556,-0.6420035503
2.5876431099,-0.8127340343
2.5991981245,-0.9691690470
2.4535242498,-1.1331383820
3.0400320866,-0.8460714708
2.2799086652,-1.1662112146
3.1184032953,-0.5528432676
3.1290639306,-0.8426469291
2.8531626186,-0.9983399355
2.8788249925,-0.5958204609
2.1652716693,-1.2887336153
2.9782763243,-0.6642062119
2.5854313125,-1.1168181228
3.0438322921,-0.8147684507
2.1669815611,-1.2668486027
2.9909280074,-0.6530999047
2.3872948209,-0.9604812800
3.1346573955,-0.8408634508
3.0910919513,-0.9082702081
2.2744712366,-1.1690431528
3.1138342980,-0.5551223001
2.4530639170,-1.1331213514
3.0396484356,-0.8460139800
2.2789111969,-1.1665088157
3.1177854146,-0.5528741991
2.6117811560,-0.9546733932
3.0495869775,-0.8078435368
2.1580939621,-1.2863338285
2.9752234715,-0.6657946652
2.5055215142,-1.1532927150
3.0927848085,-0.8478128025
2.1941828941,-1.2865564993
2.9906394723,-0.6495673011
2.5031199460,-1.0493988249
3.0476069776,-0.8043846704
2.1679189382,-1.2881132156
2.9725294273,-0.6648803232
2.5196116779,-1.1496795598
3.1204911847,-0.8467056940
2.4579781462,-1.1753476126
3.0318962481,-0.8311792437
2.2468964005,-1.1964397081
3.0730680532,-0.5841746108
3.0528166274,-0.9079925541
2.4937527714,-0.9960937672
3.1020326952,-0.7519564928
2.4676227495,-1.1308300903
3.0575264178,-0.8494694171
2.1979601883,-1.2373776025
3.0193815559,-0.6251264693
3.0487512134,-0.8022571658
2.1724718916,-1.2894931334
2.9748890813,-0.6626015439
2.6164291518,-1.1046406261
3.0645723630,-0.8502776352
2.1796617397,-1.2555461821
2.9978257773,-0.6423948499
2.4893367233,-0.8854012147
3.0874328778,-0.7643009436
3.0369262877,-0.8183564976
2.1829866093,-1.2521193523
3.0018028557,-0.6391744871
2.5570939275,-1.1048342400
2.8976537425,-0.9636551185
2.7484192462,-0.8439796058
3.0441214078,-0.8514037035
2.2614688998,-1.1829002219
3.0907057835,-0.5691288361
2.5746882952,-0.8240911757
2.8704638313,-0.7439045735
2.7373080327,-0.8129526965
3.0840905948,-0.8515333483
2.1556290427,-1.2861499290
2.9741283375,-0.6655891696
2.5014492390,-1.1543828029
3.0852701881,-0.8479758898
2.1696571375,-1.2901641666
2.9733891666,-0.6620265956
2.6205858879,-1.1013034901
3.0037747789,-0.9250473998
2.8573253747,-0.7151084158
2.6607341395,-0.8701115283
2.4678297827,-0.9033440664
3.0947544631,-0.8516385096
2.1731920154,-1.2903029341
2.9831101013,-0.6587924413
2.8687530757,-0.9893743209
2.5447721367,-0.8451412471
2.4519186543,-1.1328652115
3.0394904340,-0.8452541210
2.2812392756,-1.1655164431
3.1195124082,-0.5523133070
3.0659696316,-0.9002845482
2.3630445923,-1.1016113183
3.0793638745,-0.7745063024
2.9740841125,-0.9526241177
3.0992327799,-0.5344085235
3.0342739514,-0.8493862464
2.3123052840,-1.1434242737
2.4578480554,-1.1330363109
3.0429375217,-0.8482868817
2.2679771731,-1.1802279818
3.0954507499,-0.5677171066
2.8900789758,-0.7269922634
2.5411011471,-0.9636271230
2.4442572596,-1.1187895880
3.0406731383,-0.8467101866
2.2782024728,-1.1673778067
3.1167184956,-0.5539726344
2.4611250910,-1.1329630459
3.0450552571,-0.8490955623
2.2710072562,-1.1741669160
3.1078519818,-0.5617535748
3.0475436343,-0.8094698768
2.1573153177,-1.2825174242
2.9768034406,-0.6641577222
2.5705926581,-1.1228080973
3.1212031787,-0.7379644951
3.0653022989,-0.4486845685
3.0322818926,-0.8306855706
2.2498047215,-1.1954175535
3.0750268707,-0.5838189103
3.0210775970,-0.9201537695
2.7518668366,-0.7975201350
3.1168198598,-0.8436684587
2.5040713571,-1.1557592413
3.0817888011,-0.8505160673
2.1538299260,-1.2854844747
2.9736453486,-0.6650577465
2.5123969939,-1.1486080340
3.1298080004,-0.8460903019
2.6569289262,-1.0842265166
2.4440183635,-1.1330474762
3.0340797534,-0.8428110538
2.2860203086,-1.1648420662
3.1162355464,-0.5508474849
2.9197288408,-0.9543463392
3.0402320199,-0.8470757512
2.2670777008,-1.1791345860
3.0961814815,-0.5655551406
2.8519427728,-0.7624718844
2.9156982046,-0.6728529129
2.1915674984,-1.2467875728
3.0094621098,-0.6349276683
2.7216716558,-0.8621881519
2.2058734556,-1.0933249108
3.0993066605,-0.5633734231
3.0611227115,-0.8525869302
2.2002644480,-1.2369995976
3.0205680473,-0.6254626575
3.0641533070,-0.9064676074
2.4317479446,-1.0465836831
3.0971463567,-0.8475546457
2.2172151516,-1.2799526208
3.0089205616,-0.6356563700
3.0520931052,-0.4619940177
2.4531886188,-1.0981188995
3.0686790906,-0.8503894654
2.1768395548,-1.2616958557
2.9920983508,-0.6487513540
2.8515709288,-0.9837848725
2.8675260456,-0.9769041426
3.1357721354,-0.8464004455
2.8251689892,-1.0094772182
2.4314700022,-0.9282160307
2.8136180434,-0.9954002180
3.0589354467,-0.7949062506
2.2290676816,-1.2738993085
3.0280432949,-0.6231183649
2.7339158176,-0.8550181061
2.5555859716,-1.1030031779
3.0329849800,-0.8265736262
2.2282703199,-1.2128787742
3.0516111715,-0.6015547074
3.0835962592,-0.8504742272
2.1638714287,-1.2883205497
2.9704320302,-0.6648934356
2.5002117705,-1.1574231380
3.0729986396,-0.8510868414
2.1620155992,-1.2691214399
2.9872636877,-0.6541427443
2.1333493422,-1.1405030676
3.0342748295,-0.6178148748
3.0714842630,-0.8985557454
2.3239602790,-1.1326105683
3.1317343225,-0.7325930507
2.6299618329,-0.9392106590
2.3432500362,-0.9933101216
3.0339975830,-0.8436305534
2.2836866226,-1.1655588291
3.1147684106,-0.5509545486
3.1212469763,-0.7384910064
2.5352150694,-1.0215865434
3.0327620345,-0.8485178151
2.3092392443,-1.1445889861
3.0317196592,-0.8309790845
2.2515751111,-1.1935251547
3.0773880404,-0.5816185393
3.0510493306,-0.9094180147
2.5178288573,-0.9782440765
2.5719087913,-0.8254956167
2.0003074742,-1.2282246400
2.9071803888,-0.7191889835
2.4317315249,-1.0474407671
3.0947011166,-0.8482716520
2.1995663886,-1.2854096600
2.9943339055,-0.6476639688
3.0473933892,-0.8075792464
2.1551324766,-1.2858131637
2.9741270268,-0.6651845361
2.5131871960,-1.1486211667
3.1218478768,-0.8423046692
2.6539950104,-1.0859808757
2.7679073431,-1.0164882541
2.5244848831,-1.0315850409
3.0994552600,-0.7513253867
2.5147521700,-1.1196934982
2.4715876056,-1.0775819844
3.1396191791,-0.8405574869
2.2870755611,-1.0363015373
2.0028973237,-1.2277470411
2.9015628235,-0.7176121771
2.4274266921,-1.0517309962
3.0792279038,-0.8505070412
2.1536081701,-1.2824103411
2.9751958903,-0.6634655270
2.5882423792,-1.1185907745
3.0701194539,-0.7806676745
2.5758744315,-1.1238535864
3.0643755049,-0.7919395001
2.2955874798,-1.2478661798
3.0860177089,-0.5785395812
2.4588945384,-0.9114417941
3.0270754369,-0.8291982050
2.2539706965,-1.1889410216
3.0824769546,-0.5754239891
3.0602424807,-0.7892832579
2.3087790761,-1.2443844195
3.0894066371,-0.5725361256
2.5780439929,-0.9843606785
2.9709721862,-0.9354584643
3.0401218092,-0.5807195900
3.0648642069,-0.4499454179
2.5781007762,-1.0966235922
3.0378745659,-0.8161437535
2.1835633708,-1.2547227129
3.0000316753,-0.6425863702
2.4531178870,-1.1028361410
3.0605755175,-0.8516767697
2.2026185605,-1.2299380739
3.0335415993,-0.6185040106
3.0986234921,-0.8890623337
2.1723329874,-1.2624423607
2.9961885229,-0.6501100194
2.7801611405,-0.8191938563
3.1073573737,-0.8480335099
2.2700790526,-1.2581421435
3.0635836330,-0.5954748074
2.5983904428,-1.0845342347
3.0624819995,-0.7945849235
2.2505436016,-1.2667752123
3.0451557578,-0.6116615102
2.9206345999,-0.9569885089
3.0613981583,-0.8513910112
2.1965665246,-1.2347871751
3.0272273817,-0.6230284002
2.4953776566,-1.1244751689
3.1123692044,-0.8461479146
2.3711386018,-1.2180059066
3.0327190482,-0.4756107984
3.0288735719,-0.8271157938
2.2420920551,-1.1997706670
3.0683316334,-0.5873052766
2.4440553271,-1.1326046694
3.0345972524,-0.8426969019
2.2869328464,-1.1648625790
3.1165181163,-0.5513010584
3.1270680490,-0.8416965829
2.8212691966,-1.0115394629
2.4381322466,-1.1304565150
3.0325324251,-0.8407449728
2.2832739816,-1.1667175507
3.1135130798,-0.5526630036
2.5185656481,-1.1169652134
2.7401561769,-1.0286452751
2.6818859532,-1.0543517387
3.0821778892,-0.8500011623
2.1619791956,-1.2882285894
2.9695602235,-0.6647808610
2.4955717806,-1.1589762964
3.0649813923,-0.8508982422
2.1902877499,-1.2487611313
3.0072618301,-0.6375034744
2.7545560161,-0.6918930052
3.0429321589,-0.5767318839
2.5251465637,-1.0260136842
3.0331985201,-0.8272007832
2.2270688802,-1.2076371632
3.0618086131,-0.5953541003
3.0609495972,-0.7897663948
2.3074501419,-1.2453733915
3.0876059380,-0.5746580395
3.1096040575,-0.4192470590
3.0312150349,-0.8216710636
2.2113227848,-1.2257137725
3.0342302160,-0.6136857369
2.7669987064,-0.6775266388
2.9290227255,-0.6637779739
2.1674684947,-1.2854857273
2.9734418143,-0.6645567515
2.5372775051,-1.1418392245
2.6591904859,-1.0630761308
2.4635978123,-0.9047040206
3.0654285408,-0.8537084886
2.1879627483,-1.2423340218
3.0177908686,-0.6301913213
2.7779496750,-0.8189955030
3.1046456355,-0.8470154492
2.2750750010,-1.2588656984
3.0582676635,-0.5977475506
3.0118442625,-0.4930142465
3.0006307760,-0.9234743357
2.8574851201,-0.7187463790
2.6937748363,-0.8419296318
3.0440063141,-0.8086182040
2.1652680803,-1.2804447314
2.9748006954,-0.6629695869
2.6008018907,-1.1121680862
3.0575708521,-0.8526878414
2.2150244925,-1.2240708373
3.0369873993,-0.6128249060
2.3449399159,-0.9913671076
3.0353865251,-0.8451126746
2.2768685304,-1.1699442223
3.1138289768,-0.5575513543
2.6843539721,-0.7434785933
3.0597923486,-0.8544516309
2.2160155000,-1.2184872635
3.0482592192,-0.6071747445
2.7713047426,-0.8247628819
3.0314568313,-0.8410059037
2.3019078726,-1.1483582400
3.0314824332,-0.8236689633
2.2210083605,-1.2182988803
3.0442081698,-0.6066844963
2.1353100179,-1.1367356682
3.0381920637,-0.6128822800
3.0592223242,-0.9047313747
2.4402217485,-1.0434450022
3.1120847164,-0.8480167086
2.3159949133,-1.2393291995
3.1044091941,-0.5643876689
3.0303449038,-0.8378154588
2.2876068202,-1.1587310851
3.1281474438,-0.5440716694
2.8755786691,-0.5936221658
2.1735161544,-1.2892889707
2.9830967171,-0.6608230595
2.7732633026,-1.0320993782
2.6006120540,-1.0849493211
3.1093502922,-0.7434935203
2.9054381358,-0.5740154671
2.6859375437,-1.0737459929
2.3599035107,-0.9819044755
3.0550281415,-0.8500594477
2.2161590562,-1.2229923061
3.0383361922,-0.6116992799
2.6309694257,-0.9398146646
2.7829377483,-0.6673270085
2.8372288835,-0.7365743591
2.8803192140,-0.7000601139
2.4747433968,-1.0166547880
3.0675344789,-0.9001794730
2.3561855283,-1.1074535198
3.1056260138,-0.7511476822
2.7384228033,-1.0288979947
2.4745005084,-1.0795656116
3.1334008380,-0.8444077266
2.8277589495,-1.0072631847
2.6549644904,-0.7657445360
3.1088824231,-0.7442518853
2.7299888117,-1.0308871673
2.8656483225,-0.6051233706
2.1691940728,-1.2619190719
2.9955437269,-0.6476698767
3.0368810023,-0.8503813627
2.3101322159,-1.1464661068
2.4881913192,-1.1269887946
3.0906267274,-0.8498229300
2.1659244142,-1.2910133468
2.9784016105,-0.6616886276
2.6789465606,-1.0718345542
3.0399641596,-0.8204514165
2.1899436276,-1.2432326306
3.0178665273,-0.6320115434
2.5727815567,-1.0976508849
3.0555819956,-0.7923360088
2.2474012555,-1.2685787178
3.0354466940,-0.6135810183
3.0618739330,-0.8514924637
2.1875605073,-1.2466558679
3.0142073883,-0.6357521945
2.5667799475,-1.1006585645
2.6923624572,-1.0488946945
2.6831100845,-1.0520266952
2.7133055789,-0.7227526886
3.0371937294,-0.8330037474
2.2409580429,-1.1982135361
3.0752132744,-0.5867033703
3.0513640734,-0.9058494854
2.4834240346,-1.0082497280
2.4341612550,-1.1207779612
3.0411159778,-0.8464985185
2.2813161172,-1.1660355886
3.1190418797,-0.5532001757
3.0858835904,-0.8530023829
2.1567795871,-1.2861145735
2.9746617458,-0.6657788616
2.5008267840,-1.1551306803
3.0817954955,-0.8487515338
2.1635127460,-1.2880071495
2.9703562642,-0.6649717165
2.4972787109,-1.1587978818
3.0666751798,-0.8513073835
2.1772630469,-1.2524160743
3.0056847218,-0.6395700520
2.4385161734,-1.1252663527
3.0346733976,-0.8425174532
2.2870503522,-1.1650061854
3.1164184015,-0.5515907809
3.1384443880,-0.8782706041
2.3829955731,-1.2117991470
3.0625452272,-0.7868838031
2.3682818831,-1.2179162634
3.0138589395,-0.9179612701
2.7588590866,-0.7939513928
3.0775528014,-0.8501287916
2.1655667823,-1.2794402294
2.9754664768,-0.6625528292
2.6221068468,-1.1024760834
3.0720279833,-0.8540861172
2.1745448610,-1.2574046338
3.0008169897,-0.6448158907
2.3155915197,-1.0152424349
3.0555152599,-0.8002020490
2.1855524329,-1.2875976080
2.9927725275,-0.6502862532
2.1459348821,-1.1338215716
3.0388023419,-0.6099266376
2.5514718417,-1.0063240858
3.1213225565,-0.7407795566
2.6248873539,-1.0767512866
2.1806969953,-1.1091131811
3.0751842470,-0.5800934864
3.0532597118,-0.9065756776
2.4849615962,-1.0084274833
2.5275261406,-0.8602302400
2.9533665279,-0.5359235619
2.4423299576,-1.1156921119
3.0406155188,-0.8473046843
2.2799039715,-1.1713439685
3.1079343913,-0.5587025482
3.1023697369,-0.8488696496
2.2442375977,-1.2706564655
3.0314775400,-0.6184022295
3.0653005387,-0.4514998888
2.4596018777,-1.1328702106
3.0444913522,-0.8488101029
2.2647475660,-1.1833281954
3.0914257747,-0.5712540859
3.0960182340,-0.8954213252
2.2079709474,-1.2258988199
3.0389130247,-0.6148962492
3.0266293645,-0.4825975177
2.5230898135,-0.8613572669
2.2744042856,-1.0452151496
2.4996761509,-1.1218929302
3.1351305268,-0.8402449872
2.4283696939,-1.1878227177
3.0636372677,-0.7845276851
2.4256188614,-1.1911586967
3.0870842556,-0.7665528126
2.0645034475,-1.1853733529
2.9676605616,-0.6702876433
2.3304315780,-1.2329686549
3.1177044588,-0.5540766711
2.4491548252,-1.1331568128
3.0372224059,-0.8445735457
2.2776611541,-1.1661066817
3.1177531475,-0.5516414035
2.7643940992,-0.6839627338
2.9843647768,-0.6210425619
3.1319159638,-0.3992881937
3.0956856914,-0.7620661093
2.6859462065,-0.8908751662
2.7351304482,-1.0301975241
3.0406853766,-0.8163862384
2.1763357552,-1.2621110452
2.9916209960,-0.6489637354
3.1086307450,-0.8495816145
2.2696360022,-1.2583774132
3.0631157785,-0.5959379468
3.0625795145,-0.9037313064
2.4156903414,-1.0627336872
3.0502854475,-0.8507309024
2.2477156162,-1.1924167469
3.0828545545,-0.5805902703
2.8803487847,-0.9692247008
3.0440894860,-0.8107552359
2.1562360538,-1.2778157198
2.9791220375,-0.6606018539
2.7283289812,-1.0492385976
2.4351088248,-0.9277709072
3.0429714910,-0.8144687534
2.1657398890,-1.2669596768
2.9903397891,-0.6528464458
3.0543835534,-0.8016978763
2.1764353350,-1.2895725381
2.9860041658,-0.6553214522
3.1174929084,-0.9018464418
2.1662049221,-1.2695455232
2.9886604832,-0.6559588103
3.1090789647,-0.9005246571
2.1804375162,-1.2584391830
2.9959112027,-0.6462642437
3.0399687948,-0.8444085310
2.2716954208,-1.1725899400
3.1095782478,-0.5595006423
3.0970651644,-0.8511745006
2.1834747936,-1.2883209047
2.9908459618,-0.6523711059
2.4442250518,-1.1224435130
3.0396034140,-0.8451334099
2.2816896448,-1.1654411622
3.1197350450,-0.5523959538
2.9192782017,-0.5619170787
3.0338034551,-0.8268940589
2.2250492540,-1.2097419094
3.0592152698,-0.5977118300
3.0355952921,-0.8487684053
2.3169466291,-1.1367736546
3.0403630145,-0.8216126972
2.1892650260,-1.2430693243
3.0177321914,-0.6315563014
2.4352036812,-1.1192040205
3.0339211787,-0.8441911600
2.2799929317,-1.1673315305
3.1173629319,-0.5547145825
2.4698312229,-1.1316711579
3.0548155458,-0.8514041870
2.2276459475,-1.2088071303
3.0609622586,-0.5974155943
3.0311651553,-0.9150007096
2.6671042418,-0.8679317600
3.0683290029,-0.8523293956
2.1799640986,-1.2575871137
2.9963998981,-0.6449638446
2.9061054316,-0.7177883917
2.4162925257,-1.0572190386
3.0598810260,-0.8495470211
2.1910131512,-1.2440964033
3.0112462568,-0.6316818916
3.0436565281,-0.8084931747
2.1647280139,-1.2805065785
2.9745309449,-0.6628869824
2.6007966878,-1.1119344578
3.0617497405,-0.8524424989
2.1978056279,-1.2393098656
3.0177347292,-0.6277136511
3.0535619190,-0.4573927421
2.4661532613,-1.1318257209
3.0523445825,-0.8502067495
2.2323307445,-1.2101059854
3.0555190953,-0.5990969588
3.0348115263,-0.8273127825
2.2267550580,-1.2093422569
3.0601851088,-0.5978053418
2.4449545040,-1.1184098893
3.0413203966,-0.8470416441
2.2783438506,-1.1676472974
3.1165089021,-0.5544777559
3.0477875392,-0.8535419063
2.2706044460,-1.1734848658
3.1083558158,-0.5604789544
3.0302943571,-0.8384488755
2.2907251236,-1.1562404475
3.1315807179,-0.5414016805
2.7735702391,-1.0160298841
2.5031947115,-1.0519579269
2.4368363789,-1.1306913534
3.0314770137,-0.8403635081
2.2818339131,-1.1669035763
3.1128557348,-0.5523072042
3.1371914085,-0.8463074983
2.8721936835,-0.9897639408
3.0641129884,-0.8514288733
2.1917747101,-1.2405522550
3.0206968964,-0.6291615813
2.6866173497,-0.7378321458
3.1368724734,-0.8395992164
3.0895054226,-0.4353567149
3.0351115659,-0.8338631975
2.2527276616,-1.1881680759
3.0885200165,-0.5760313846
2.4348919641,-1.1287494923
3.0309980469,-0.8403099023
2.2813446587,-1.1667900164
3.1128034576,-0.5518960893
2.4628661118,-1.1323036288
3.0483863932,-0.8495864439
2.2463632174,-1.1979543194
3.0714787821,-0.5863451201
2.9364636663,-0.9508753974
3.0582585008,-0.7976297993
2.2105055811,-1.2802701852
3.0126575286,-0.6349052015
2.5813819318,-0.8199295241
2.8467649481,-0.7631098526
2.9292286909,-0.6657157849
2.1585705989,-1.2827909095
2.9773867645,-0.6639119310
2.5848278940,-1.1163748344
3.0381451191,-0.8209273068
2.1920902910,-1.2395972293
3.0216123592,-0.6279091386
2.6229066742,-1.0787790765
2.8242244009,-0.7807340539
3.0700922436,-0.5587331352
2.1951056601,-1.0997978625
3.0893040189,-0.5698698829
3.1275266566,-0.8834621414
2.2066591340,-1.2813714928
3.0098846660,-0.6363213014
2.4450219057,-1.1085989331
3.0479009274,-0.8494392861
2.2467983757,-1.1973244734
3.0722082683,-0.5855510336
3.0547426260,-0.9080280603
2.4867904485,-1.0021820362
3.1057666347,-0.7452715492
2.7708517465,-0.8281188692
3.0730158134,-0.7824309474
2.5634930173,-1.1258952796
2.5766350430,-1.0952558358
3.0327976408,-0.8379127953
2.2856870654,-1.1621915811
3.1241828225,-0.5488876188
2.7502315943,-0.6931719416
3.0591646221,-0.5642447185
3.0222648278,-0.9194242334
2.7397927883,-0.8065396121
2.9540932628,-0.9427576438
3.1268685963,-0.5167930586
3.0309651347,-0.8445014058
2.3130392701,-1.1382017216
3.0325546526,-0.8354528659
2.2615222851,-1.1789414065
3.1001393425,-0.5651868818
3.1195330799,-0.8463987841
2.4882076875,-1.1645744301
3.0484636536,-0.8503176656
2.2559986958,-1.1858234719
3.0918098824,-0.5737788833
2.0394547147,-1.2039636171
2.9352723018,-0.6916658000
2.1783241448,-1.2590114381
2.9948181649,-0.6456478195
3.0292368967,-0.8408367604
2.3015302434,-1.1466238902
3.0295323262,-0.8304900765
2.2605346148,-1.1862164278
3.0872849577,-0.5739649816
3.1385304268,-0.3940374432
3.0760249046,-0.7801443135
2.6876047977,-1.0685527126
2.7305937701,-0.7078924748
3.1094059915,-0.7515263482
2.7935981654,-1.0080677313
2.4126144373,-0.9431570687
2.7174391578,-0.7143381966
3.1009220447,-0.7498451188
3.0289046461,-0.8284682897
2.2496290364,-1.1940195531
3.0762545145,-0.5815532005
3.0377087516,-0.9130734303
2.6120124695,-0.9043941298
2.3247798363,-1.0074341316
3.0370792338,-0.8214088808
2.1980519575,-1.2402127637
3.0171184843,-0.6289443116
2.7737902447,-0.8236228884
2.8494968181,-0.7623067798
2.9148005791,-0.6716373825
2.1828020643,-1.2523625925
3.0080663205,-0.6408821832
2.5209299528,-1.1176373906
2.5407574474,-1.1101992013
3.0728547180,-0.4469162900
3.0432158703,-0.8513037125
2.2656419742,-1.1795086690
3.0953363587,-0.5655276846
2.3808384618,-0.9642151432
3.1255450239,-0.8467743630
2.5425328592,-1.1369930211
3.0654447812,-0.8527016821
2.1891325341,-1.2483952774
3.0070949778,-0.6366408095
2.5412921630,-1.1088269380
2.6589329356,-1.0625089329
2.6300503364,-0.7802583257
2.4826554364,-1.0675527562
3.0510963525,-0.8036231078
2.1626558949,-1.2905840984
2.9763864785,-0.6636933176
2.5835078619,-1.1160984980
3.0347531351,-0.8237809185
2.2077597073,-1.2239901592
3.0405067227,-0.6118977282
2.7838030663,-1.0093557217
3.0809410084,-0.8484104857
2.1630554476,-1.2874987061
2.9703102572,-0.6650456752
2.4947135886,-1.1600182577
3.0615440432,-0.8513066375
2.1937904978,-1.2367349744
3.0245698715,-0.6246949740
2.9725010033,-0.5248353710
2.9234611459,-0.9560074060
3.0481328897,-0.8498358479
2.2475321152,-1.1911464283
3.0839556136,-0.5785157960
2.4908519169,-1.0647775867
2.8669707907,-0.9944191529
3.0851788689,-0.8504133351
2.1661389820,-1.2891463568
2.9713700711,-0.6643997691
2.5231908215,-1.1469567587
3.1387483507,-0.8425416587
3.1119574074,-0.8971417907
2.1626904963,-1.2762607796
2.9761495353,-0.6595665172
2.7448131658,-1.0449819534
2.0159884572,-1.2173162432
2.9221036531,-0.7063174458
2.2842414881,-1.1626956293
3.1233189150,-0.5487663219
2.8922089556,-0.5842161463
2.2895579826,-1.2499781660
3.0809926592,-0.5820570219
3.0655241451,-0.9001681337
2.3633299031,-1.1011075540
3.0769309588,-0.7764265044
2.8437981421,-1.0047912651
2.9218939225,-0.5608152325
2.5511082294,-1.0098328892
2.5653544557,-1.1005296429
3.0202068495,-0.9189354355
2.7491618575,-0.8045526911
2.4580468332,-1.1329604733
3.0434534793,-0.8483383258
2.2602059945,-1.1855206371
3.0878099543,-0.5727533765
2.5355008254,-0.8514063340
2.9263890716,-0.9507005170
3.0422057920,-0.8240876716
2.1962134631,-1.2385230697
3.0240654201,-0.6279576415
2.5968854110,-1.0880944967
3.0712480861,-0.8510822228
2.1657061924,-1.2710301380
2.9874871707,-0.6571517301
3.0180755287,-0.9325948321
2.8224123287,-0.7479088395
2.9851328390,-0.6205495497
2.5402184184,-1.1084635699
3.0291837934,-0.8461102748
2.3216440966,-1.1353724771
3.0465579775,-0.8035231436
2.1658053742,-1.2893941933
2.9713030443,-0.6637048207
2.5435932573,-1.1369259246
3.0629041031,-0.8531788297
2.2012453093,-1.2377317134
3.0203406877,-0.6268247786
2.7215856549,-0.7138246702
3.1079620856,-0.7492947746
3.0572403290,-0.7982028970
2.1992924581,-1.2841848817
3.0029063240,-0.6436271804
2.4630298350,-1.0847866448
3.1091293236,-0.8448715315
2.3608380084,-1.2210604500
3.1386712405,-0.5330023765
3.0693468333,-0.8531909121
2.1726368411,-1.2565085705
3.0007272546,-0.6431032193
2.1372870754,-1.1376399194
3.0380923884,-0.6153627980
2.0712654467,-1.1847270606
2.9644058318,-0.6695312196
2.3361883973,-1.2327082265
3.1144534162,-0.5533014497
2.4710469454,-1.0808962574
3.1268179630,-0.8442928934
2.6680369383,-1.0767488808
2.6108730861,-0.7965602653
3.0354892359,-0.8464984491
2.2934682932,-1.1586119905
3.1247404532,-0.5440154351
2.8885752364,-0.9693304762
3.1235389066,-0.7302351323
2.6184354813,-1.0787724752
2.5579904099,-1.0038684549
3.0422198424,-0.8169873457
2.1745428554,-1.2583012906
3.0001786901,-0.6457836231
2.4445783235,-1.1334575434
3.0336500400,-0.8434110766
2.2837470588,-1.1653629245
3.1149783605,-0.5506594998
2.5269313656,-1.0310674228
3.0929736438,-0.7589766035
3.0454934449,-0.8081853488
2.1534263056,-1.2839262473
2.9743296186,-0.6640950668
2.5594521152,-1.1318127349
2.4891991587,-1.0600828939
2.6265143374,-0.9453421269
2.6630708512,-0.9141190615
2.5751925762,-0.9863715135
3.0517905894,-0.8527139394
2.2406883874,-1.2022831343
3.0655300888,-0.5906500658
2.3409910468,-0.9946178737
3.0323990911,-0.8422523518
2.2834563225,-1.1652691082
3.1149740556,-0.5503687516
2.0045277363,-1.2261720405
2.9108165869,-0.7157177336
2.3902523095,-1.0792242718
3.0320747635,-0.8334534028
2.2575199562,-1.1881643534
3.0844236009,-0.5757467603
3.1089902807,-0.8886824462
2.1654689360,-1.2792067298
2.9755191470,-0.6625229107
2.6236802464,-1.1017665373
3.0943807732,-0.7610559016
2.1415780010,-1.1357335504
3.0416473922,-0.6131338096
2.8543274692,-0.7562472858
2.8654127678,-0.7138087393
2.6333093208,-0.8895307600
3.0391427941,-0.8210967138
2.1940699732,-1.2451275646
3.0116295985,-0.6340459671
2.1585778694,-1.1221170836
3.0602877826,-0.5971918259
2.9757512541,-0.5182434835
3.0285191329,-0.8392163639
2.3049584768,-1.1505933285
3.1363414946,-0.5360464614
2.7727468997,-1.0162743490
3.0513314325,-0.9083972761
2.5042573115,-0.9878341740
3.0298721327,-0.8445930374
2.3212929790,-1.1374339641
3.0309188474,-0.8399463917
2.2914050151,-1.1607474240
3.1219878892,-0.5465776488
2.0640226214,-1.1852482564
2.9676095910,-0.6697158790
2.3403301127,-1.2282425798
3.1273777795,-0.5459372581
2.7537821400,-1.0206064022
2.6269271742,-1.0768530814
2.2510545273,-1.0612423620
3.1232449248,-0.8431877859
2.6573638175,-1.0851176529
2.5275494116,-1.1139137005
3.0616567834,-0.8532402364
2.2059475885,-1.2334495754
3.0256633941,-0.6226678697
2.6907204487,-1.0476881632
3.1018960016,-0.8889595329
2.1688704384,-1.2684008427
2.9840131866,-0.6537645422
3.1330515594,-0.8901027462
2.2305520930,-1.2746937419
3.0212237334,-0.6242390402
3.0635975011,-0.4543148472
2.8733225396,-0.7433886857
2.7223618671,-0.8196682653
3.0293379356,-0.8348539663
2.2833951913,-1.1682895098
3.1120428821,-0.5552811834
2.7536199118,-1.0221003167
2.4505661530,-1.1051354315
3.0556596044,-0.8511330736
2.2178144858,-1.2159756087
3.0510986276,-0.6041734321
3.0653333363,-0.8534594156
2.1970105162,-1.2426797418
3.0146996897,-0.6319489242
2.5112055746,-1.0450539419
2.5119322856,-1.1183696782
3.0384267918,-0.8505033235
2.2879235857,-1.1616809168
3.1199267189,-0.5465283227
2.5625524849,-0.8305734747
2.7570611594,-0.8391205537
3.0945491320,-0.7576348334
3.1341585408,-0.3977105490
3.0893669058,-0.7681443791
2.8941500602,-0.7237916913
2.5021465630,-0.9938845119
3.0663085852,-0.7806076512
2.5299316279,-1.1432378685
2.8249328546,-0.6386096044
2.5069775330,-0.9890730879
3.0322470877,-0.8380166612
2.2864594288,-1.1611015122
3.1254854000,-0.5474512295
2.6242538568,-0.9426438678
2.8177979125,-0.9963057680
3.1117569142,-0.8458383717
2.3766862873,-1.2147439630
3.0391407180,-0.8483062302
2.2790803878,-1.1696270252
3.1093061940,-0.5555290951
2.5709067631,-0.8247616171
2.8597159491,-0.7571366490
2.8650352817,-0.7124386246
2.6262469811,-0.8998238375
3.0601416472,-0.7887252652
2.3155259512,-1.2412703914
3.0959237465,-0.5670465094
3.0779434520,-0.8528180562
2.1570469650,-1.2763344750
2.9803613250,-0.6597126853
2.7825884363,-1.0252872352
2.7364022041,-0.7027907327
3.1194600034,-0.5227811572
2.9980563945,-0.9280165158
2.9030078297,-0.6809833007
2.2584123729,-1.1863430350
3.0865541091,-0.5728996315
2.9766622257,-0.5161499536
3.1018616334,-0.8517037805
2.2012771330,-1.2839760856
3.0039417679,-0.6437268760
2.5162953101,-1.1169441844
2.4445025470,-0.9187167069
3.1242136459,-0.7344826111
2.0677941626,-1.1822876704
2.9719198394,-0.6648101063
2.4963625706,-1.1611612408
3.0599394907,-0.8523525829
2.2155320807,-1.2206949990
3.0461853571,-0.6102101442
2.5321014775,-1.0255924466
3.0302862882,-0.8265803656
2.2374500268,-1.2044874715
3.0624050875,-0.5926215595
2.4478133488,-0.9160258072
3.0714141697,-0.7810782391
2.5700289469,-1.1219312108
3.1000119629,-0.8516263807
2.1931487695,-1.2861533756
2.9977404731,-0.6481392716
2.6679994310,-1.0569214105
2.7349193008,-1.0283328581
2.5703106510,-0.8294774020
2.7519124581,-0.8429813087
3.0303566935,-0.8461886849
2.3208872284,-1.1368884854
3.0303412631,-0.8315121458
2.2549463072,-1.1896462601
3.0821544249,-0.5769692735
2.1064131611,-1.1571743961
3.0091144158,-0.6355624265
2.6952285922,-0.7335519858
3.0897842619,-0.8488008801
2.1792232284,-1.2894357147
2.9791265210,-0.6595964594
2.7858757859,-1.0288650745
2.5999730182,-0.9662924337
2.5396716148,-1.0171297993
3.0819689629,-0.8498959739
2.1616577194,-1.2882942144
2.9693882079,-0.6647321691
2.4954140300,-1.1589113536
3.0650608681,-0.8508005300
2.1890646277,-1.2496999325
3.0060483410,-0.6382783933
2.8786442820,-0.7375551546
2.6654800168,-0.8686297693
3.0275954539,-0.8396469200
2.3069163928,-1.1481543509
3.1393748545,-0.5328914837
3.0613919906,-0.8542192234
2.2078627950,-1.2253659903
3.0393536522,-0.6139936128
3.1318561732,-0.8421389791
2.9640973146,-0.9535495792
3.1232443745,-0.5137942243
3.0735166520,-0.8526236921
2.1733476434,-1.2672547946
2.9866901206,-0.6537740474
3.0896255394,-0.4324384200
3.0459283618,-0.8092381165
2.1658673541,-1.2817876656
2.9743086663,-0.6638764622
2.5661341734,-1.1285475783
3.0469821769,-0.8081069994
2.1550732539,-1.2847594457
2.9746216149,-0.6648014082
2.5291527856,-1.1412080781
3.0881100255,-0.4362107317
3.0350654952,-0.8428849283
2.2889142568,-1.1583920630
3.1289022241,-0.5441294233
2.4437722064,-1.1063938368
3.0494917030,-0.8490800662
2.2285827940,-1.2105104294
3.0538093476,-0.5981751356
3.0541168966,-0.8531164388
2.2356328075,-1.2074122334
3.0591071523,-0.5963856499
2.3611090128,-0.9830557160
3.0536043370,-0.8509958185
2.2275793648,-1.2079772403
3.0616731009,-0.5961323723
2.8255508948,-0.7804046760
3.0676799546,-0.5611799594
2.8955577893,-0.9638491184
3.0232103884,-0.9182057496
2.7228903211,-0.8187378193
3.0352570609,-0.8212304462
2.2068475703,-1.2329979754
3.0264046374,-0.6222970651
2.8312775622,-0.7751082559
3.0287839032,-0.5898078758
2.7975749197,-0.6554354222
2.7099997091,-0.8335714674
2.1647315843,-1.1167367312
3.0677721181,-0.5897135969
2.2222629632,-1.0788452845
3.1248864636,-0.5467880988
2.6397105587,-0.9298275418
2.8028414340,-0.6533963484
2.6831898020,-0.8505620362
2.5240825877,-1.1131902386
3.0789230544,-0.4431685542
3.0271251261,-0.8429835671
2.3169609014,-1.1388131335
3.0341909450,-0.8461368532
2.2895521916,-1.1600942253
3.1220114873,-0.5446477595
2.4380509429,-1.1246457454
3.0345462086,-0.8426103946
2.2868699001,-1.1649219538
3.1164399083,-0.5513695085
3.1083969157,-0.7462963064
2.5193420346,-1.1160733367
2.5215176628,-1.1164368091
3.0357371512,-0.8413339686
2.2782372916,-1.1724686393
3.1063033423,-0.5597639937
3.0283581963,-0.8329822381
2.2750462333,-1.1740428448
3.1037322306,-0.5608613202
3.0476760664,-0.8017705941
2.1708513678,-1.2897531599
2.9740730750,-0.6622789588
2.6190063996,-1.1026744776
3.0404286863,-0.8514876512
2.2891193855,-1.1565441239
3.1307494960,-0.5411830173
2.7451983176,-0.6984667878
3.0897189320,-0.5414691488
3.0429137060,-0.8077789142
2.1629255721,-1.2815358133
2.9731635732,-0.6631068143
2.5795148497,-1.1210598072
2.9145295543,-0.9564947772
3.0686757152,-0.8496799899
2.1718546709,-1.2655077831
2.9873169323,-0.6514548744
3.0561258979,-0.7984065992
2.1957258872,-1.2847916155
3.0008384370,-0.6438356170
3.0338814773,-0.8473251674
2.3178089944,-1.1357550240
3.0550742320,-0.8016172330
2.1779158798,-1.2894264940
2.9865405596,-0.6562068120
3.0641248094,-0.9140932691
2.4486859828,-1.0354490414
2.8965225371,-0.9639103736
3.0196877743,-0.9199182179
2.7537895734,-0.7953387664
3.0900199394,-0.8470453445
2.1872028949,-1.2879161719
2.9925207577,-0.6535170187
2.7886037713,-1.0074333026
2.4800918696,-0.8964491344
2.8988887814,-0.9636823066
3.0377317308,-0.8429841727
2.2693582829,-1.1730260667
3.1083762375,-0.5591522344
3.0755682305,-0.8527402921
2.1710208770,-1.2709753735
2.9831679400,-0.6568506775
2.9741108862,-0.9522433530
3.0965138332,-0.5361202584
2.5182943923,-0.8659800011
3.0789368364,-0.8503909974
2.1598725010,-1.2848071790
2.9700258607,-0.6642392556
2.5146428017,-1.1500412911
3.1150544708,-0.8455837689
2.4205531047,-1.1956242547
3.1239153439,-0.7384186068
3.0849596382,-0.4377575066
3.0517911966,-0.8516412422
2.2353662223,-1.2008170004
3.0708637930,-0.5884155990
2.4432873594,-1.1264723403
3.0378430880,-0.8432465985
2.2795456411,-1.1665926542
3.1179198868,-0.5532951696
3.1012300440,-0.8481489590
2.2448645271,-1.2698546340
3.0328442963,-0.6161447025
2.4768806479,-1.1297395493
3.0680201200,-0.8511871537
2.1726447009,-1.2568551950
3.0004708155,-0.6435222193
3.1215981364,-0.8484997291
2.4445878819,-1.1819603284
3.0442013431,-0.8104744972
2.1646035624,-1.2792643018
2.9752014424,-0.6620446158
2.6373128055,-1.0949290780
2.7737317472,-0.8197962387
3.1140200653,-0.8436693161
2.4584115172,-1.1764280437
3.0349773154,-0.8288620266
2.2343185173,-1.2092133073
3.0570461057,-0.5985146737
3.0395458865,-0.8147759709
2.1746966597,-1.2633608876
2.9900494805,-0.6498538163
3.1190213331,-0.8451266567
2.5210249465,-1.1481082846
3.1306568904,-0.8440086507
2.7750264196,-1.0291409601
2.4475383271,-1.1313346370
3.0383194700,-0.8434257256
2.2802078510,-1.1664951699
3.1182345955,-0.5534385760
3.1012856112,-0.8484348499
2.2418716047,-1.2711577154
3.0299892971,-0.6187729433
2.4449189513,-1.1336206967
3.0336148182,-0.8436519513
2.2825755045,-1.1658644179
3.1141047064,-0.5509464705
3.0328543936,-0.8363270251
2.2775552524,-1.1685721591
3.1153718420,-0.5556045486
2.5020566318,-1.0520348880
2.4450486639,-1.1337386755
3.0335170725,-0.8437915700
2.2814014100,-1.1663881095
3.1187341677,-0.5538162072
3.1388965260,-0.3934812818
3.0752201051,-0.7813859898
2.6356678174,-1.0925138304
2.6366803035,-0.7765153682
3.1055674570,-0.8486843471
2.2700118217,-1.2609893387
3.0536326405,-0.6015619379
3.1357644297,-0.8428831846
3.0437670298,-0.9256537346
2.6518826328,-0.8753140445
2.6214768025,-0.7909225245
2.5367577056,-1.1086133338
3.0879564077,-0.8534464630
2.1587832086,-1.2870048691
2.9751794924,-0.6662307199
2.4927862139,-1.1594954236
3.0616058966,-0.8503825386
2.1948799299,-1.2427679265
3.0138077973,-0.6312979187
2.8787755025,-0.9732897825
3.1153136088,-0.8453770483
2.4511643857,-1.1801105541
3.0416337410,-0.8175516579
2.1698088689,-1.2601436708
2.9969085322,-0.6464405122
2.4588588128,-1.1330941389
3.0433355344,-0.8483682852
2.2715123300,-1.1727746223
3.1093386212,-0.5597259555
3.0649822706,-0.8541744938
2.1933989791,-1.2380845389
3.0233166097,-0.6264093628
3.0406692724,-0.8518545911
2.3077641805,-1.1448686232
2.6564848447,-0.7639476121
3.0786168103,-0.8510072403
2.1618833986,-1.2823564678
2.9721983175,-0.6635347907
2.5562309662,-1.1315614046
3.0553707686,-0.8533643941
2.2323172927,-1.2105244976
3.0551401420,-0.5997284083
2.4420681216,-0.9224984017
2.4355269355,-1.1275310329
3.0319483420,-0.8408205944
2.2828488376,-1.1663597556
3.1137178486,-0.5518804650
2.7961421942,-1.0023940041
2.9091880340,-0.9624946464
3.0460158986,-0.8480144965
2.2449809138,-1.1977587505
3.0711727270,-0.5854520001
3.0330145768,-0.9146183276
2.6561071108,-0.8767015548
3.0650119126,-0.7934192957
2.2865571852,-1.2519234738
3.0775029492,-0.5856643800
3.0315409346,-0.9127443824
2.6394018054,-0.8873224328
3.0524898721,-0.8514233478
2.2391125373,-1.2050252354
3.0624950707,-0.5941892027
2.4423532771,-1.1238482107
3.0378858806,-0.8440470841
2.2797729566,-1.1658523430
3.1187021243,-0.5521897090
3.0686284432,-0.9028223739
2.3716095650,-1.0913227487
3.0430060780,-0.8075649269
2.1595131355,-1.2842075711
2.9768738417,-0.6654291081
2.5313609240,-1.1420288844
2.9842514958,-0.9340696716
2.9936112949,-0.6129634730
3.0705939385,-0.9026994199
2.3628892169,-1.0987137900
3.0635788483,-0.7854618078
2.4069128715,-1.2000641565
2.8146426749,-0.9962567563
2.5743086620,-0.8273814272
2.8565752269,-0.7583620120
2.8773697985,-0.7018277702
2.4970182015,-0.9988568291
2.6200640362,-1.0757826666
2.1761907894,-1.1128396526
3.0692297219,-0.5871322877
2.4489425800,-1.1329033100
3.0373850623,-0.8444057584
2.2784327417,-1.1659177031
3.1181916514,-0.5516843892
2.9583334289,-0.5306292326
3.1192641451,-0.8461935101
2.4899176759,-1.1635698781
3.0510286270,-0.8508800664
2.2443744421,-1.1951005339
3.0792312281,-0.5833563781
3.0164612362,-0.9178662521
2.7494929980,-0.8019932135
2.5454799763,-1.1070782836
2.6125696926,-1.0824334768
3.1066643426,-0.7457454001
2.4444425930,-1.1048378505
3.0519624047,-0.8491570878
2.2167941804,-1.2202444494
3.0470386707,-0.6100491380
3.0157611936,-0.9232193418
2.8024293400,-0.7596804917
3.0799640767,-0.5517856554
2.1868209313,-1.1028242277
3.0891654671,-0.5739702827
2.6344442414,-1.0722261394
2.9193361654,-0.9589798734
3.0874501371,-0.8512784353
2.1593884374,-1.2884026513
2.9749409924,-0.6661731968
2.4925332062,-1.1594150893
3.0616528800,-0.8502492096
2.1932324731,-1.2439628324
3.0122112164,-0.6322949861
3.0539284503,-0.8546583721
2.2506876789,-1.1909475536
3.0852380032,-0.5795714371
2.4409670751,-1.1324629725
3.0327081554,-0.8417110865
2.2843274904,-1.1654576448
3.1150800079,-0.5510787259
2.6414695944,-0.7738457217
2.4508501964,-1.1067331388
3.0539353722,-0.8512614751
2.2305727701,-1.2062313116
3.0643014224,-0.5947133139
2.4477410097,-1.1012450101
3.0595516930,-0.8495478186
2.1920445619,-1.2431068624
3.0124412544,-0.6307344358
3.0767858537,-0.4445061091
3.0365447222,-0.8344982769
2.2444237583,-1.1942048736
3.0800770191,-0.5819442393
3.0637878236,-0.9006774580
2.3755203484,-1.0914537316
3.0482653117,-0.8069126250
2.1666798049,-1.2868954452
2.9722901452,-0.6652633605
2.5061675965,-1.1560532229
3.0819239891,-0.8516355192
2.1575212752,-1.2819559729
2.9771572961,-0.6640541114
2.5775156661,-1.1197420122
3.1133917717,-0.7446244735
3.0742642582,-0.7734485906
2.8934760297,-0.9818291044
3.0248620363,-0.8366971827
2.2946510513,-1.1555305449
3.1335576448,-0.5420617858
2.9730848436,-0.5217448706
2.8056598492,-1.0000079427
2.4477575765,-1.1336988876
3.0435708396,-0.8482515841
2.2769974169,-1.1696834808
3.1141197732,-0.5571856467
2.4782074166,-1.1296198118
3.0693636617,-0.8514894949
2.1722393564,-1.2582902988
2.9992331508,-0.6451210734
2.8351700874,-0.9923253822
2.5146793104,-1.1174354221
3.0646342065,-0.8537956963
2.1902793947,-1.2399889945
3.0205735029,-0.6278656766
3.0691623094,-0.9009334854
2.3588825184,-1.1066979822
3.1047896096,-0.7537942784
2.4599684511,-1.0925160697
3.0852661814,-0.8499677055
2.1556781830,-1.2896425708
2.9728150192,-0.6654170970
2.5066891556,-1.1562260693
3.0816463061,-0.8519980832
2.1590703732,-1.2802066087
2.9788397642,-0.6632660013
2.6221852895,-1.0995501653
2.5600630781,-1.1004893278
3.0598488235,-0.9018801308
2.4041118326,-1.0689366465
3.0378750223,-0.8458168306
2.2841859215,-1.1672275051
3.1133203786,-0.5539280664
2.7016900535,-0.8794096519
2.9088480567,-0.5716435662
2.7834337209,-1.0260665466
2.5095063049,-0.8740963797
3.0332920486,-0.8335959756
2.2635618237,-1.1798870530
3.0999520789,-0.5676048760
2.4886937153,-1.1267797864
3.0923922053,-0.8494706189
2.1719671737,-1.2904584129
2.9826208806,-0.6581626480
2.8930931249,-0.9783548301
3.1404975092,-0.7195259497
2.5825056219,-0.8201344951
2.8571548900,-0.7563036234
2.8579944823,-0.7152518995
2.6601267974,-0.8709309827
3.0535374403,-0.8001138897
2.1927810047,-1.2869360717
2.9892629045,-0.6513461221
3.0829168422,-0.7670530007
3.1171546111,-0.7365769859
2.4750111923,-1.0721637140
2.4045107438,-0.9513822125
2.8692946083,-0.9751502481
3.0731764857,-0.7766461762
2.7482103352,-1.0450811291
2.6139563679,-0.7981728770
3.0208560797,-0.9214795486
2.7672143206,-0.7868661034
3.0332553027,-0.8407753305
2.2823640371,-1.1679548796
3.1120167279,-0.5542751303
2.4988434186,-1.1237893029
3.1194431844,-0.8456868487
2.4724930536,-1.1675089313
3.0350711119,-0.8449336040
2.2779586182,-1.1691069396
3.1149908488,-0.5566836577
3.0092881112,-0.4925272927
3.0209402054,-0.9195913155
2.7460401038,-0.8014293754
3.0316542510,-0.8378765888
2.2873065396,-1.1601193325
3.1267105165,-0.5462245365
2.4895374264,-1.1253636763
3.1027998126,-0.8460723770
2.2741519732,-1.2583057362
3.0587472018,-0.5956647820
2.4388264531,-1.1116517682
3.0492709749,-0.8506232603
2.2568186960,-1.1858548900
3.0920649105,-0.5741868743
2.2869283106,-1.0353706270
2.1413354745,-1.1328424759
3.0440177467,-0.6085788004
2.7122827526,-1.0399424738
3.0400447980,-0.8196342197
2.1856893004,-1.2466791979
3.0134838738,-0.6350384837
2.7104118983,-0.8703092276
2.5912532575,-1.0914924437
3.0851713404,-0.8510590352
2.1663447351,-1.2880515842
2.9716871262,-0.6651801967
2.5033146874,-1.1569427655
3.0767655645,-0.8516330288
2.1607111646,-1.2737233642
2.9836045587,-0.6583330729
2.8936714086,-0.9792268866
3.0984467216,-0.7568250246
3.0208173822,-0.9193444730
2.7437127999,-0.8029508880
2.1184290940,-1.1508403660
3.0192051171,-0.6300195325
2.6599739184,-0.9171607551
2.5853424606,-0.9783040275
2.4456471294,-1.1329170551
3.0352192123,-0.8433495347
2.2874732252,-1.1646014591
3.1169492220,-0.5511219243
3.0377230765,-0.8447563662
2.2734806885,-1.1745936645
3.1026701331,-0.5610751912
3.0444444810,-0.8043807620
2.1625340718,-1.2875284990
2.9701363865,-0.6647019097
2.5028339249,-1.1558998462
3.0802008090,-0.8503542115
2.1658462977,-1.2823225420
2.9739572386,-0.6643318606
2.5484766893,-1.1368362207
3.0585822124,-0.8546438083
2.2240598648,-1.2121160428
3.0567466050,-0.6009399673
2.7591049929,-0.8309765248
3.0281057057,-0.8318315605
2.2688928771,-1.1785502938
3.0973632243,-0.5653894475
2.4459723209,-1.1087988733
3.0483549384,-0.8497102510
2.2496982817,-1.1957484046
3.0746713123,-0.5843317940
3.0398672950,-0.9138281709
2.6130903556,-0.9050210041
2.8459578093,-0.7618411490
2.9182803881,-0.6723524507
2.1774304983,-1.2527661328
3.0056285334,-0.6395756482
2.4385051869,-1.1265254376
3.0343289988,-0.8420149863
2.2864195230,-1.1654702151
3.1157611535,-0.5520619270
3.1083326028,-0.8500623468
2.2606804764,-1.2622317525
3.0548542235,-0.6028652730
3.0930077005,-0.8515420196
2.1684724386,-1.2908434544
2.9800385750,-0.6606084040
2.7432779014,-1.0430326827
3.0601390062,-0.7898225113
2.3011440536,-1.2477586180
3.0822306047,-0.5784033901
2.4443601640,-1.1136847272
3.0432352923,-0.8484351278
2.2630249621,-1.1778947123
3.1016261402,-0.5641983497
3.0421779190,-0.8520474550
2.2898561771,-1.1628457469
3.1194307907,-0.5493498436
2.7024217232,-1.0455927910
2.5821025731,-0.9804525574
2.7818415347,-1.0138340381
2.7024039241,-1.0427745063
2.3788470499,-0.9701814895
3.0926186582,-0.8503687727
2.1697869380,-1.2906345871
2.9806449342,-0.6610633699
2.7316552732,-1.0490285486
2.6575675872,-0.7634607209
3.0487750065,-0.8517090171
2.2398132334,-1.2006597318
3.0725866819,-0.5900427596
2.8020163909,-0.7987383380
3.1200150038,-0.7361374281
2.4943777998,-0.8857019845
3.0388566505,-0.8231866790
2.2035361827,-1.2312845861
3.0327893684,-0.6206776096
2.8465845554,-0.6181975614
2.2792326517,-1.1705318740
3.1086702398,-0.5565614060
2.7412151929,-0.8456685941
3.1061142956,-0.8488159367
2.2725435266,-1.2601358756
3.0556599188,-0.6002630799
3.1202623083,-0.8453085764
2.5353350062,-1.1419465899
3.0657051741,-0.9029267560
2.3945578644,-1.0795295049
3.0371692483,-0.8331149888
2.2422525025,-1.1972951992
3.0765026435,-0.5858280037
3.0580365078,-0.9037031073
2.4324648755,-1.0480413285
3.0923811714,-0.8495645244
2.1715937486,-1.2905119981
2.9823037380,-0.6585499551
2.8689938661,-0.9884574873
2.6352430954,-1.0734972908
2.8964021909,-0.5818675996
2.3573894681,-1.2207979891
3.0305011456,-0.8244740778
2.2258395379,-1.2136461158
3.0500535303,-0.6017151749
3.0623737360,-0.8517220294
2.1875643166,-1.2469808876
3.0139543658,-0.6361753063
2.9281494707,-0.5564739421
2.6986709417,-0.7310261458
3.0619327008,-0.8501974077
2.1926480476,-1.2446678242
3.0114206445,-0.6330173949
2.8069670482,-0.7952476354
2.9873735443,-0.5088666835
2.3749828735,-0.9706113950
3.0906859394,-0.8483320656
2.1837182759,-1.2888370684
2.9825548420,-0.6562926667
3.0012150380,-0.9407484458
2.9423172217,-0.6514328514
2.2682989370,-1.2606132664
3.0534277597,-0.6001109258
3.0051667340,-0.9239303876
2.8491358294,-0.7271633793
2.7872454692,-0.7718198915
3.0324620818,-0.8273227486
2.2323763464,-1.2091859393
3.0563722930,-0.5976752344
3.1278142626,-0.8437919252
2.7062772967,-1.0593789671
2.4464940004,-1.1038653743
3.0546660253,-0.8496923775
2.2123140921,-1.2253224302
3.0349115428,-0.6135726625
3.0062627155,-0.4949417752
3.0296429711,-0.9151108654
2.6737243051,-0.8623988098
3.0371079383,-0.8365678168
2.2530562160,-1.1877179368
3.0890476025,-0.5754684838
2.4342003723,-1.1205041466
3.0412166316,-0.8466338380
2.2809331866,-1.1662625032
3.1186971210,-0.5533963780
3.1108668362,-0.8471679562
2.3487094766,-1.2272206994
3.1262304910,-0.5439069585
3.0293212760,-0.8462481118
2.3206399547,-1.1360200089
3.0376182884,-0.8147774018
2.1742442067,-1.2615384994
2.9911969358,-0.6476495128
2.8334600248,-0.6289645276
2.4000274618,-1.0756223438
3.0366520140,-0.8395398655
2.2701013308,-1.1742892059
3.1074361033,-0.5615244088
3.0464097909,-0.8098071977
2.1566772903,-1.2812158351
2.9772617693,-0.6632235759
2.6068183300,-1.1055874471
2.5072161689,-1.0448780536
2.6047276108,-1.0849448946
3.0888829168,-0.7650512335
2.5452512203,-0.8436206289
2.4464119581,-1.1310323261
3.0378976546,-0.8430109858
2.2793623126,-1.1669475898
3.1175201947,-0.5537909910
2.4467980460,-1.1325561877
3.0364776930,-0.8435241198
2.2778298619,-1.1661257225
3.1177920201,-0.5517475493
2.9685259214,-0.9370920267
3.0582654920,-0.5677688180
2.8430473415,-0.9846182567
2.5249396924,-1.0260813714
3.0333414697,-0.8266609313
2.2240132608,-1.2101161935
3.0585100197,-0.5978538235
2.4604520056,-1.0898427212
3.0924589534,-0.8483001930
2.1901988308,-1.2876103500
2.9872688468,-0.6528503471
2.7215933569,-0.7143123563
3.1010544450,-0.7561021401
2.4660741469,-1.0861585431
3.1065035844,-0.8474808391
2.2717395140,-1.2569125435
3.0658154974,-0.5927404780
2.6969645492,-1.0451187948
2.0136606491,-1.2211985948
2.9112906247,-0.7096846294
2.3347226789,-1.1242649918
2.8647076374,-0.7525027386
2.8188670760,-0.7473143746
2.9841527725,-0.6239810250
2.5275267739,-1.0246793740
3.0305784860,-0.8370803652
2.2825600293,-1.1626765768
3.1226785730,-0.5482424112
2.7801355366,-0.6690972066
2.8562900221,-0.7167550980
2.6764455953,-0.8583291688
2.5173906398,-0.8689833922
3.0545095502,-0.7918423156
2.2458995502,-1.2687125973
3.0409128932,-0.6153046761
2.5356760572,-1.0205782745
3.0395772840,-0.8506471630
2.2797567199,-1.1677485975
3.1168820486,-0.5553009317
2.5606715771,-0.8353589761
2.6350955477,-0.9342382181
2.8025204099,-1.0037437942
2.8236930617,-0.9943573807
2.5444715787,-1.0113448690
2.8775279569,-0.9741490878
3.0321416789,-0.8206509260
2.2051292952,-1.2313644902
3.0271233013,-0.6193635266
2.3808722633,-0.9674412268
3.1055133860,-0.8468318850
2.2858072592,-1.2544265492
3.0679822960,-0.5899929051
2.4401196575,-1.1273054699
3.0352836557,-0.8421294822
2.2758588162,-1.1673181574
3.1159942204,-0.5527966060
2.4146525938,-0.9415747267
2.5560190140,-1.0036353769
3.0312619496,-0.8321498832
2.2558760327,-1.1838540395
3.0936099135,-0.5705544179
2.5310171829,-1.0232075212
3.0331162475,-0.8452989148
2.3137009292,-1.1391898128
3.0391528357,-0.8477775174
2.2885158955,-1.1586521516
3.1285162131,-0.5443844498
3.0837420094,-0.8500321868
2.1640383425,-1.2890165461
2.9703515390,-0.6644934176
2.5110284746,-1.1520578094
3.1023199634,-0.8478059501
2.2470198251,-1.2700314024
3.0332774381,-0.6178578314
2.7888429090,-0.6642049999
2.8057723728,-0.7570100045
3.0588565067,-0.5670479512
3.0269673101,-0.9140056597
2.6702639961,-0.8631010237
2.1559799006,-1.1262376053
3.0491421477,-0.6022931847
3.0537238918,-0.8524758899
2.2263579574,-1.2133126284
3.0505147433,-0.6014906490
3.0718451510,-0.8511144529
2.1652577920,-1.2719686219
2.9801002688,-0.6561884218
2.9612622922,-0.9541953182
3.1376521902,-0.5090067789
3.1059238084,-0.8499406248
2.2370181256,-1.2718252747
3.0336566800,-0.6204014585
2.3699399158,-0.9740118220
3.0779202765,-0.8494302100
2.1626336277,-1.2826015072
2.9723955244,-0.6638119752
2.5495245357,-1.1349990101
2.2444366764,-1.0669964666
3.1386544602,-0.5333402464
2.4622597077,-1.0863751793
3.1036158533,-0.8460955964
2.2807885179,-1.2557169858
3.0645359591,-0.5913293585
3.0700335212,-0.9048910384
2.3905869338,-1.0791026862
3.0326186916,-0.8334088973
2.2571523489,-1.1889609131
3.0835543696,-0.5768474616
2.8380669419,-0.6242678386
2.3436008987,-1.1183162328
3.0301037831,-0.9187244993
2.7053431390,-0.8351208280
3.0901936046,-0.8975776088
2.2422308276,-1.1969143957
3.0767927183,-0.5853688582
3.0407893803,-0.9094085096
2.5660344865,-0.9440540453
2.4443498615,-0.9184871639
3.1044845780,-0.7496868720
2.9310130413,-0.5532757351
3.1342443732,-0.8418324081
3.0282738532,-0.9308280942
2.7635089328,-0.7886920527
3.0376532299,-0.8459358259
2.2753285194,-1.1724279426
3.1053625804,-0.5583912627
3.0354458355,-0.8498431419
2.2979559549,-1.1531149593
3.1369692703,-0.5396317718
2.9736020402,-0.9342498251
3.0246095330,-0.5921951956
2.5668931305,-0.8316758815
2.7515050105,-0.8408924500
3.0427334368,-0.8183470832
2.1799245812,-1.2542607302
3.0053609491,-0.6426677085
2.7194142452,-0.7153047946
3.0954610997,-0.7574516272
2.4963042559,-1.1232031668
3.1228065644,-0.8427529092
2.6559517901,-1.0857240158
2.6645226773,-1.0599023254
2.8991168387,-0.7235011741
2.4859890283,-1.0032135702
3.0314266358,-0.8244413993
2.2180806498,-1.2194122476
3.0421643125,-0.6071648346
2.4483448338,-0.9204893199
2.4473857562,-1.1326984349
3.0367833308,-0.8436860037
2.2782253907,-1.1660440849
3.1180020530,-0.5517950609
2.4461430190,-1.1076543530
3.0496746279,-0.8498141810
2.2418190462,-1.2018684937
3.0663093443,-0.5904791095
2.7292206672,-0.7057069265
3.1385471237,-0.5068510397
3.0574779326,-0.8519464980
2.2101239882,-1.2218978282
3.0431513424,-0.6098451280
2.5369717982,-1.0175674669
3.0838281728,-0.8532621045
2.1568809871,-1.2830996153
2.9762399677,-0.6645792375
2.5514439581,-1.1316744485
2.4449779849,-1.1116927215
3.0450730177,-0.8490494006
2.2544603234,-1.1844968712
3.0925109603,-0.5709949446
2.4206616503,-0.9370687008
2.2108206514,-1.0857201506
3.1140240577,-0.5544876016
3.0257609524,-0.9178879561
2.7106476874,-0.8287521412
2.4638858480,-1.0920628705
3.0886942998,-0.8512143316
2.1607686630,-1.2893486830
2.9753448912,-0.6658332352
2.5060727891,-1.1531054268
3.0940070432,-0.8477218505
2.2000866751,-1.2850291000
2.9952277270,-0.6460573116
2.5297997910,-1.0287951373
3.0585376494,-0.7921975248
2.2648374986,-1.2627404941
3.0494250181,-0.6044073037
3.0817406074,-0.8510286094
2.1628060420,-1.2857676530
2.9708899204,-0.6649910379
2.5011045936,-1.1573789918
3.0737600306,-0.8513353577
2.1626285163,-1.2693548515
2.9873551017,-0.6545653295
3.0666936246,-0.8514829815
2.1754174755,-1.2594361338
2.9996615186,-0.6475110556
2.8297225190,-0.6332182570
2.4532983105,-1.0306569718
3.0324322505,-0.8486421796
2.3117370792,-1.1426219894
3.1289188888,-0.8414220477
2.8879578212,-0.9836339192
3.1154898064,-0.8496767077
2.3352113790,-1.2314847114
3.1214106080,-0.5519389345
2.9595348315,-0.5313103700
2.9488888806,-0.9425068470
3.1334295931,-0.5097623718
2.7342410319,-0.8537610630
3.1270183292,-0.7294914772
2.1980164287,-1.0956311696
3.1003793934,-0.5651009700
3.1413203050,-0.8435508088
3.0676324407,-0.9058081793
2.4105574964,-1.0636186773
3.0459073211,-0.8491026606
2.2565173948,-1.1895951214
3.0827326312,-0.5776086402
2.6679275812,-0.9098892637
2.6822253322,-0.8971900097
3.0407836728,-0.8450547672
2.2719869248,-1.1726765219
3.1095944951,-0.5597736550
3.0706047684,-0.8540700375
2.1768003629,-1.2544689685
3.0039298984,-0.6419814710
3.1154064160,-0.8837652833
2.1714476285,-1.2904172759
2.9812126371,-0.6622817780
2.6888778166,-1.0696963983
2.4479925514,-1.1331612427
3.0364863821,-0.8441725587
2.2769572557,-1.1661575553
3.1174699089,-0.5514019389
3.0549291172,-0.8541598651
2.2342222808,-1.2025662439
3.0688809866,-0.5906339069
2.8052457796,-0.9996360490
3.0418697319,-0.8114642322
2.1694347205,-1.2723985365
2.9815931859,-0.6576201383
2.9096205164,-0.9771074128
3.0369082361,-0.8228277412
2.2025138138,-1.2302332527
3.0332773459,-0.6188125146
3.0263805358,-0.8299565523
2.2595774593,-1.1841725068
3.0945911168,-0.5726851753
2.9846779761,-0.9309630714
2.9710406918,-0.6335405243
2.7350306159,-1.0511166182
2.0562167756,-1.1913019004
2.9598559083,-0.6753995005
2.2247186753,-1.2753076073
3.0244496267,-0.6259186464
3.0307805196,-0.8450301534
2.3112939815,-1.1386993216
3.0314626216,-0.8384194790
2.2862612286,-1.1656920291
3.1154971599,-0.5523456730
2.8926917953,-0.9646593775
3.0295622353,-0.8237510821
2.2231649756,-1.2149649204
3.0479194014,-0.6026049132
3.0617902149,-0.8550338705
2.2156937905,-1.2202209326
3.0466491734,-0.6095886138
2.5720827531,-1.0951905908
3.0292845950,-0.8367078050
2.2929171313,-1.1608246527
3.1224132300,-0.5474004018
2.4043749937,-0.9490811130
2.6818345133,-1.0511941779
2.2445323889,-1.0653717966
3.1405501373,-0.5297264412
3.0279400800,-0.8347824281
2.2716197303,-1.1743189511
3.1079251891,-0.5622500190
3.0518952870,-0.8053235608
2.1623841079,-1.2895789418
2.9762092732,-0.6652786617
2.5306749552,-1.1417728016
2.4795343260,-0.8955269715
2.4398693920,-1.1164528838
3.0384572779,-0.8464032450
2.2790372105,-1.1705229585
3.1084318015,-0.5569689913
2.4721248269,-1.1295569164
3.0750775148,-0.8525391160
2.1693558086,-1.2654267854
2.9928721418,-0.6523947102
3.1284727366,-0.7333866956
3.0259444586,-0.9157138993
2.6935013618,-0.8464246116
3.0869944921,-0.7674130503
3.0482285263,-0.8533655560
2.2590523930,-1.1812294130
3.0971359391,-0.5678036771
2.7004660446,-0.8842156702
3.0407104261,-0.8518813922
2.2946657808,-1.1530498627
3.1359552959,-0.5379757429
2.4633917101,-1.0884263104
3.0981242341,-0.8483740862
2.2154487122,-1.2810012925
3.0066735413,-0.6387360889
2.8349401340,-0.7729415931
3.0118034982,-0.6032943228
2.1252250601,-1.1445659605
3.0271009524,-0.6229877142
2.4399732901,-1.1246629211
3.0359463166,-0.8430935524
2.2771552998,-1.1663786452
3.1173251440,-0.5518525381
2.7694100855,-0.6791435542
2.9500418909,-0.6472905682
2.3842525137,-1.2117455203
3.0582318039,-0.7929969165
2.2588952157,-1.2648132004
3.0445542590,-0.6077372677
2.9877580287,-0.5094688598
3.0342118588,-0.8477688456
2.3176720293,-1.1358031095
3.0543766428,-0.8023162861
2.1736827745,-1.2900977608
2.9835107823,-0.6585256886
2.8879295513,-0.9814790521
3.0389581565,-0.8509895189
2.2968243392,-1.1507455799
3.1389010999,-0.5351502415
3.0655825081,-0.8532043852
2.1946453880,-1.2446460421
3.0122107493,-0.6337020076
3.0437238646,-0.9120797927
2.5778028423,-0.9319311528
2.4790080932,-1.0677045506
3.0473929927,-0.8018809387
2.1700436666,-1.2897414889
2.9736065242,-0.6625242071
2.6054780885,-1.1088019009
3.0554063223,-0.7962531755
2.2164607237,-1.2804677350
3.0077662201,-0.6375080914
2.9765828839,-0.5222535405
3.0359044064,-0.8242132022
2.2101504493,-1.2233101361
3.0419749977,-0.6118424882
2.4938459655,-0.8818660590
2.7923635962,-1.0059955351
2.6592806346,-0.9134675133
2.5764983218,-0.9812673046
2.4393775908,-1.1202427793
3.0366315294,-0.8448497600
2.2864634151,-1.1653872136
3.1158537214,-0.5519518695
3.0687352114,-0.8513810374
2.1717634804,-1.2640764511
2.9883078748,-0.6498568974
3.0527270335,-0.8547965863
2.2580681289,-1.1850694427
3.0932216854,-0.5734958080
2.4681494324,-1.0810771271
3.1245732125,-0.8431983927
2.6760365758,-1.0773702508
2.8640554873,-0.9770867343
3.1345240516,-0.8447587979
2.8797771847,-0.9844065940
3.1014962793,-0.8493353216
2.2333062879,-1.2748293767
3.0218332064,-0.6264105253
2.5916868801,-1.0878272718
2.7931003780,-1.0058872548
2.6034554819,-0.9599271144
2.6199042979,-0.7911042820
3.0688208470,-0.7835547882
2.4747673893,-1.1662555040
3.0458257818,-0.8494232738
2.2702247914,-1.1751359378
3.1066729930,-0.5629679705
3.0493719064,-0.8078087494
2.1579363088,-1.2861956337
2.9752138168,-0.6657445134
2.5068633254,-1.1526276441
3.0967431253,-0.8472589641
2.2176326549,-1.2796288839
3.0095675741,-0.6346586504
2.4342761900,-1.1249234876
3.0316739559,-0.8415717536
2.2828853912,-1.1654719930
3.1145891543,-0.5504385895
2.7391310977,-0.7024485961
3.1147708510,-0.5221730802
2.5724198534,-1.0972729995
3.0466984654,-0.8005759381
2.1707673210,-1.2901591511
2.9809422996,-0.6624062131
2.6807087159,-1.0733274763
2.3118740266,-1.0188348987
3.0692096908,-0.7877100729
2.4046988108,-1.1996816469
3.1259196857,-0.8433415945
2.7353992419,-1.0495278713
2.6688762930,-0.7566652258
3.1107569809,-0.7437727132
2.7783193125,-0.6720986815
2.8830398123,-0.6975128459
2.4425701243,-1.0410577045
3.1234912904,-0.8455858452
2.5470547133,-1.1333855949
3.0145172099,-0.9208401932
2.7882893613,-0.7742477063
2.6221279397,-1.0758330716
2.8505446199,-0.6160349560
2.2596923447,-1.1879684926
3.0855289909,-0.5758847815
3.1236357511,-0.8823437364
2.2080693871,-1.2825976384
3.0019037243,-0.6403032449
2.9604203602,-0.9381745657
3.0821453064,-0.5479842058
3.1022555187,-0.8518137585
2.2021065710,-1.2838406684
3.0044122704,-0.6437060650
2.8497736224,-0.9827393959
2.9562236609,-0.5333568582
2.5718316543,-1.0991283793
3.1024077616,-0.7510136060
2.4107415567,-0.9476697624
2.8825292342,-0.5929652669
2.1801442026,-1.2884742546
2.9884898368,-0.6545854895
3.1386382757,-0.8423795365
3.0395910893,-0.8481639230
2.2859904006,-1.1603348426
3.1260596199,-0.5459922512
2.4761765898,-1.1288284485
3.0730485018,-0.8489972099
2.1621352531,-1.2774224705
2.9752290302,-0.6602078477
2.7072478250,-1.0616810828
3.0813700700,-0.7736888167
3.0181127911,-0.9310444176
2.8060287642,-0.7590834518
3.0709447478,-0.5544160886
3.1250470463,-0.8415189820
2.7571468906,-1.0397051521
2.8845980133,-0.5923181757
2.1883092198,-1.2869505414
2.9940206113,-0.6515593155
3.0539892210,-0.8545170042
2.2450628739,-1.1946169475
3.0799113232,-0.5829036400
3.0374655707,-0.9105470611
2.5919267789,-0.9239702309
2.5779149387,-0.8194000387
2.8128848846,-0.7944306838
3.1239741451,-0.7379163120
2.8327036116,-0.6286866620
2.3952205956,-1.0781703614
3.0351404622,-0.8356212969
2.2545927288,-1.1856136173
3.0915285567,-0.5728005860
2.4674404810,-1.0787866814
3.1412077657,-0.8443148290
3.0770044548,-0.9117092644
2.3722797821,-1.0972306973
3.0692103628,-0.7890080382
2.3807924389,-1.2110557858
3.1088174984,-0.7504051479
3.1167107322,-0.8484617342
2.3780702984,-1.2114900297
3.0948205834,-0.7610343906
3.0714467963,-0.4475566526
3.0395328180,-0.8137796981
2.1753984746,-1.2638065851
2.9900137646,-0.6505618202
3.0305682227,-0.8470634792
2.3221257852,-1.1356265916
3.0413137663,-0.8112110114
2.1653259583,-1.2746664774
2.9783786587,-0.6585669746
2.8180277329,-1.0137330435
2.8754052220,-0.9733701403
3.0400060561,-0.8198386703
2.1871302207,-1.2455618036
3.0149262930,-0.6340851213
3.0731836172,-0.7812890019
2.5865108852,-1.1153139903
3.0307455944,-0.8353734144
2.2736631587,-1.1697269081
3.1129657329,-0.5557170161
3.0355792661,-0.8487476919
2.3179650470,-1.1361390958
3.0476739204,-0.8114517058
2.1580782703,-1.2801693714
2.9784780742,-0.6628456724
2.6333913907,-1.0938203588
2.7826440593,-1.0095716737
3.0326677579,-0.8468277776
2.3131497549,-1.1379083079
3.0332664770,-0.8312795591
2.2404398979,-1.1960811750
3.0769669217,-0.5831689651
3.0108410112,-0.9246156923
2.8322532601,-0.7363926316
2.8881212160,-0.6969005903
2.4246532065,-1.0518286369
3.0777140873,-0.8493126331
2.1622168119,-1.2827489182
2.9721328610,-0.6638008878
2.5473478683,-1.1358369141
3.0505120057,-0.8013297449
2.1785303147,-1.2893074748
2.9786388317,-0.6602716001
2.7502223340,-1.0447429181
2.5334901612,-1.1134831067
3.1299676751,-0.8469943081
2.6549911677,-1.0845019878
2.4709791178,-1.1304304677
3.0614809199,-0.8500249883
2.1913018435,-1.2451836360
3.0104867123,-0.6332196320
2.4447391732,-1.1315586900
3.0362414602,-0.8426054458
2.2773019954,-1.1669613461
3.1168174079,-0.5528724441
2.4855770679,-1.1284041519
3.0803824685,-0.8519456093
2.1594220431,-1.2785009210
2.9800157340,-0.6620978588
2.6788583178,-1.0734360439
2.6957009995,-0.8834660542
2.6604898017,-0.7586338523
3.0687952877,-0.7829243712
2.5017015565,-1.1585888548
3.0704464857,-0.8525151857
2.1792102150,-1.2541617052
3.0051238367,-0.6424009115
2.4432308852,-1.1298050089
3.0365096824,-0.8422241644
2.2770843278,-1.1676594012
3.1160785347,-0.5539135062
2.5207120627,-1.0327896813
3.1264376288,-0.7355430930
2.0468951781,-1.1976121021
2.9506448183,-0.6837264292
2.1617796961,-1.2890545160
2.9762731541,-0.6647156085
2.5486654053,-1.1330256122
3.0531184525,-0.9079714278
2.4923387165,-0.9972716228
3.1287853926,-0.7292889855
2.7518239194,-0.6911441872
3.0416215866,-0.5810463950
3.1341924358,-0.8454568544
2.8340141975,-1.0042635630
2.6583572190,-0.9130696410
2.5900985822,-0.9764569887
3.0347429507,-0.4737791246
3.0456924807,-0.8026223857
2.1655783432,-1.2893739463
2.9711908824,-0.6637309770
2.5417020658,-1.1377550306
2.1002719283,-1.1649894729
2.9929862616,-0.6464433066
2.4463167762,-1.1107343800
3.0467913462,-0.8495968401
2.2510283082,-1.1878586496
3.0882038192,-0.5748389353
3.0453897509,-0.8533983751
2.2861595576,-1.1616116535
3.1248846126,-0.5481846239
2.2009555864,-1.0953615582
3.0950283862,-0.5665284290
3.0263100941,-0.8359809227
2.2906910395,-1.1599449810
3.1225381231,-0.5449087135
2.4392074498,-1.1240718735
3.0355287214,-0.8431495045
2.2881714151,-1.1646239926
3.1171591056,-0.5514799989
3.0548719591,-0.9055717431
2.4667745360,-1.0221189468
3.0571446778,-0.8540248160
2.2214715770,-1.2127937702
3.0552107321,-0.6009077234
3.0541528910,-0.9080870904
2.4897721042,-0.9997279963
2.7537081378,-0.8370629864
3.0497574566,-0.8042950186
2.1591252941,-1.2902004762
2.9745141297,-0.6646666633
2.5333262162,-1.1390372132
2.4680630023,-1.0822825407
3.1203232360,-0.8444713526
2.5395672582,-1.1406121203
3.0271692631,-0.8445403682
2.3204348370,-1.1354638191
3.0553200549,-0.8043402811
2.1709985481,-1.2901867045
2.9811276609,-0.6621155750
2.6944016131,-1.0670039726
2.4899880970,-1.0592882655
2.8282035069,-0.7758555273
3.0345879083,-0.5839008682
3.0657483960,-0.8532553474
2.1937747006,-1.2453224972
3.0113340494,-0.6342808033
2.8840783558,-0.7361358471
2.6382713487,-0.8858780209
3.0520448969,-0.8544335536
2.2556771456,-1.1861833160
3.0913624082,-0.5742179692
2.5314106754,-0.8574993306
2.8017167968,-1.0034090689
2.8821870167,-0.9703427372
3.0349742096,-0.8293617071
2.2379484933,-1.2008758287
3.0717464768,-0.5895378665
2.6592261579,-0.9131368587
2.5803548425,-0.9776126935
3.0418318571,-0.4683816341
3.0382032742,-0.9136727862
2.6172455935,-0.9010801360
2.6146189842,-0.9508207902
3.0390841798,-0.8112486392
2.1674481450,-1.2707144127
2.9819005888,-0.6554473235
3.0315071353,-0.9285136596
2.7276193453,-0.8153760365
2.5962184900,-1.0892933593
2.0190915043,-1.2169040563
2.9165703995,-0.7059714011
2.2940817387,-1.1572206330
3.1264115639,-0.5416845095
3.0916838810,-0.8976039071
2.2383213736,-1.2008095017
3.0718890019,-0.5897418151
2.7724202108,-0.8216303291
3.1386202523,-0.8400254431
2.5637162665,-0.9990708696
3.0703776165,-0.8523701806
2.1764106348,-1.2620396131
2.9916718389,-0.6490133981
3.0773022090,-0.8535001107
2.1615350722,-1.2720458449
2.9850643999,-0.6569662133
2.9887351807,-0.9414754570
2.9856587792,-0.6210950076
3.1043354590,-0.8479843468
2.2700415224,-1.2603514683
3.0545377291,-0.5996830542
3.0299647904,-0.8290307206
2.2424081264,-1.1990803204
3.0690724693,-0.5863729268
2.7148629531,-1.0383000805
3.1005956001,-0.8902488337
2.1766455565,-1.2608089021
2.9926371078,-0.6477896103
3.0307296591,-0.8323392337
2.2579889787,-1.1818745358
3.0961835272,-0.5683220738
2.5351402153,-0.8519327504
2.9427804530,-0.9505325756
3.0888623438,-0.7703868231
3.1074094422,-0.8475663485
2.3039782213,-1.2464464021
3.0850177318,-0.5759401249
2.1238606872,-1.1500984173
3.0153132425,-0.6302078265
2.6685210122,-1.0571385168
3.0291266148,-0.8385957727
2.2867514815,-1.1630042450
3.1182628023,-0.5481469502
2.3849348366,-1.2091515975
3.0037688982,-0.4989395864
3.0556510012,-0.9089819967
2.4948794167,-0.9971634102
3.1347799964,-0.7269708560
2.8289108414,-0.9895153142
2.6153287828,-0.9554067311
3.0481316242,-0.8492522573
2.2531910401,-1.1881080487
3.0887252054,-0.5761708297
2.4750760240,-1.0724516205
2.6091008016,-0.9538304478
2.7500279374,-1.0262053420
2.4975451089,-0.8822172161
2.3248759622,-1.0078973294
3.0388675556,-0.8201698447
2.1924751557,-1.2466439490
3.0098073209,-0.6354575212
2.4620919423,-1.1328218509
3.0462344184,-0.8495263314
2.2573456831,-1.1834530457
3.0944766388,-0.5705974952
3.0415297809,-0.8183507936
2.1707744771,-1.2587132958
2.9983572709,-0.6450589314
2.6803899825,-1.0550620075
2.7808257377,-0.6671879410
2.8328195595,-0.7377216266
2.8912293543,-0.6894721920
2.3475082985,-1.1136864055
3.1358921456,-0.7241035863
2.9289159278,-0.9516342133
3.0355717303,-0.8235962110
2.2079378092,-1.2306295906
3.0287945658,-0.6193967926
3.0441992779,-0.8084877214
2.1610422445,-1.2837026753
2.9711639817,-0.6638221643
2.5375514779,-1.1397947115
2.4021230687,-0.9505975515
2.4883812247,-1.0673288224
3.0571095267,-0.7990237625
2.1944234229,-1.2856922319
2.9988246922,-0.6472260421
2.4718250352,-1.0750404746
2.5350467148,-0.8559322572
3.1161074419,-0.8846141055
2.1713806162,-1.2901847395
2.9742817741,-0.6618695547
2.6359870174,-1.0946765986
2.4437766894,-1.1241788466
3.0388115812,-0.8442983366
2.2810929052,-1.1657195027
3.1192702933,-0.5525765896
2.7723517688,-1.0128937913
2.7637441263,-0.6835357844
2.9866628448,-0.6195685354
2.8592646112,-0.9790593438
2.6806119876,-0.8997430737
3.0984189038,-0.4248100621
3.0324656973,-0.8347420856
2.2581607396,-1.1815123465
3.0965794568,-0.5678231727
3.0631540117,-0.7926152936
2.2749994894,-1.2566425643
3.0672258462,-0.5936255185
3.0943131998,-0.8469019739
2.2062463679,-1.2830919778
3.0004582986,-0.6414297223
2.3338908692,-1.0016397383
3.0338184606,-0.8326387767
2.2531173862,-1.1932729313
3.0781579829,-0.5818887787
3.0533289172,-0.9095015738
2.5101127928,-0.9850787369
3.0473314456,-0.8532334259
2.2668426976,-1.1756289579
3.1050556589,-0.5622582327
3.0470457774,-0.8069175477
2.1542352427,-1.2867107111
2.9733054610,-0.6652561035
2.5036800697,-1.1525997586
3.1031575794,-0.8499606233
2.2164996051,-1.2792288889
3.0161964332,-0.6343768424
2.4489001864,-1.1021845432
3.0587791861,-0.8501686669
2.2021051898,-1.2354960671
3.0225111819,-0.6240670119
2.8038012263,-0.7951478011
2.4002364337,-0.9524238093
2.4418282854,-1.1148082074
3.0407401167,-0.8474380378
2.2758423172,-1.1738859571
3.1041389863,-0.5609970623
3.0481966065,-0.8019887580
2.1716644080,-1.2896329785
2.9744869068,-0.6624108019
2.6188144678,-1.1031338758
3.0306099420,-0.8349322647
2.2714385393,-1.1713308390
3.1106924398,-0.5573199933
2.7706823743,-0.8234159037
2.8476640805,-0.7611085188
2.9113921727,-0.6781765916
2.2197002978,-1.2149088880
3.0528490396,-0.6029400508
3.0627109865,-0.8536265985
2.1945746661,-1.2354713100
3.0259042575,-0.6232444919
2.5085746200,-1.1195386038
3.1237845160,-0.7296949014
2.4573808110,-1.1331232914
3.0423930417,-0.8481103001
2.2726922994,-1.1769073469
3.1001980966,-0.5644727293
3.0738358260,-0.8521995285
2.1696508851,-1.2703894241
2.9829965124,-0.6558891061
3.0245940807,-0.9323295593
2.7917729493,-0.7670923784
3.1285540562,-0.5148358685
3.0566577595,-0.7915396248
2.2608607315,-1.2634795568
3.0470840866,-0.6046645625
3.0312312577,-0.8354518548
2.2737055436,-1.1756662424
3.1017304368,-0.5628939248
3.0269609426,-0.8367632493
2.2954930140,-1.1569554644
3.1270281688,-0.5421903982
2.6787358476,-1.0544589478
2.9038203503,-0.5750224176
2.6321624386,-1.0979293218
3.0397665109,-0.9106633290
2.5847504949,-0.9304133984
2.5693168292,-0.9919292661
2.9414503169,-0.5458977201
3.0277450317,-0.8435217405
2.3204613192,-1.1367908110
3.0306705212,-0.8287916278
2.2408432539,-1.2009435027
3.0668201326,-0.5885969972
2.7391381448,-0.7036212031
3.1237574159,-0.5170007996
3.0387736806,-0.8507644996
2.3076775721,-1.1439872226
2.3633053381,-0.9771429215
3.0659721204,-0.8492336502
2.1727125920,-1.2623833154
2.9964192855,-0.6500448857
3.0694255424,-0.8546878215
2.1866143476,-1.2465234147
3.0139409548,-0.6352490907
2.6678872825,-0.9065480393
2.0462594284,-1.2000614695
2.9416194623,-0.6859121848
2.1618461399,-1.2819803692
2.9726026599,-0.6625697359
2.5916994373,-1.1146502675
3.0334216603,-0.8439836494
2.3109282900,-1.1422435059
3.1124345029,-0.8488408797
2.3089119304,-1.2426532135
3.0975568600,-0.5701948602
3.1315780384,-0.3989761203
3.0956358497,-0.7619193108
2.3023415440,-1.0245306435
3.0875981598,-0.7675181597
3.0536341917,-0.8526864444
2.2444716837,-1.1961316959
3.0783275915,-0.5850054357
3.0143371472,-0.9195322597
2.7746383614,-0.7834597278
3.0399887028,-0.8226658852
2.1902833253,-1.2411392790
3.0196709263,-0.6293427883
2.7455701454,-0.6957293919
3.0772665984,-0.5549131997
2.1699554266,-1.1172471390
3.0627263993,-0.5924105696
2.3067026619,-1.0187342796
3.0629603998,-0.7880421631
2.3566317705,-1.2234276284
3.1340131449,-0.5374490288
2.5109917686,-1.0383801196
3.1336973001,-0.7216635908
2.4773068582,-1.1300517284
3.0667830158,-0.8518193874
2.1822722991,-1.2489492570
3.0103430103,-0.6368722225
3.0434117952,-0.8524986360
2.2789763931,-1.1648993028
3.1193422565,-0.5502803831
2.4379250131,-1.1299248979
3.0326144183,-0.8408303863
2.2834663355,-1.1666083345
3.1136823760,-0.5525721326
2.5437661212,-1.1061551147
2.4428077887,-1.1134441310
3.0422761291,-0.8480619319
2.2719073245,-1.1773214049
3.0995390533,-0.5647895624
3.1088502204,-0.8474847321
2.3205229344,-1.2394615201
3.1001037275,-0.5642527575
3.0511431406,-0.8523835343
2.2368367466,-1.2043031277
3.0623335078,-0.5921428953
2.7885733307,-0.6601554431
2.7676243174,-0.7879149600
3.0361357175,-0.8438105985
2.2863817247,-1.1657933583
3.1154352413,-0.5525789361
3.0559990038,-0.7916652453
2.2556513206,-1.2653728437
3.0427043592,-0.6078206604
2.6660422341,-0.9094167147
2.7044336905,-0.8770992970
2.4211942215,-0.9384352589
3.0664848290,-0.8997860836
2.3554979787,-1.1072088774
3.1028402922,-0.7525086273
3.0617545986,-0.8512275815
2.1969829895,-1.2408776969
3.0161444547,-0.6295285507
2.4395630391,-1.1324136445
3.0319226381,-0.8412003224
2.2831531396,-1.1658418406
3.1143196244,-0.5511695903
2.6918440070,-0.7350190694
3.1021159453,-0.8461010541
2.2676080817,-1.2609261868
3.0529334155,-0.6002032785
3.1136966266,-0.8499296154
2.3119931614,-1.2414446174
3.1002197500,-0.5682966772
3.0724347732,-0.7768811506
2.7277911725,-1.0538802649
2.5264075216,-1.1144811862
2.9527362780,-0.9461771816
3.1258136185,-0.7311294705
2.4915481741,-1.1263084648
3.0968579480,-0.8495901590
2.1878119984,-1.2873219448
2.9940462994,-0.6501326261
3.1318119744,-0.7233807194
2.6949021786,-1.0463904380
2.4923757654,-1.1256602799
3.1018572655,-0.8482365937
2.2261719511,-1.2747192013
3.0259838562,-0.6240800922
2.5448108917,-0.8469292497
2.5067921465,-1.1201913063
2.7248019468,-1.0355362171
2.4435196094,-1.1130442315
3.0430615411,-0.8483567142
2.2707216004,-1.1785845366
3.0979390110,-0.5662961635
3.0370428373,-0.8502820375
2.3075350152,-1.1428183908
3.1144785144,-0.8470373091
2.3704619554,-1.2143275118
3.0319672771,-0.8382004678
2.2853849988,-1.1668982431
3.1140427110,-0.5539213603
2.8214446768,-0.6405833594
2.5332865647,-0.9682615012
3.0425929511,-0.8516576445
2.2790951279,-1.1702587138
3.1087009757,-0.5565753023
2.7974492258,-0.8004699648
3.0836722857,-0.7654988180
3.0310709680,-0.8269546420
2.2396525168,-1.2035900595
3.0639992568,-0.5921649281
3.0382506850,-0.8429814940
2.2701853478,-1.1730156157
3.1086656722,-0.5595076767
3.0581914035,-0.8538604790
2.2145525862,-1.2182721214
3.0479070132,-0.6062778358
2.5845329130,-1.0938814009
3.0342271048,-0.8490403855
2.3124588543,-1.1435573802
3.0425273399,-0.8522184452
2.2798194158,-1.1637501123
3.1207257820,-0.5487787526
2.8369697149,-0.6273234559
2.3837472432,-1.0847021198
3.0358663381,-0.8236345162
2.2085540215,-1.2305153650
3.0291222385,-0.6194690306
2.7178315296,-0.7182945898
3.0585900112,-0.7974373340
2.2132458756,-1.2793929205
3.0148621368,-0.6332785444
2.4757369647,-1.1304581012
3.0636524288,-0.8519683956
2.1943092911,-1.2380302258
3.0237116803,-0.6266621943
2.5618286721,-0.9974269541
2.6081773452,-0.8011295876
2.5961202537,-1.0891731511
2.7811445247,-1.0141023281
2.2905819219,-1.0326340441
3.1370488182,-0.7261843402
2.5192203409,-1.0353241412
2.4977810542,-1.1233455070
3.1223058162,-0.8439143717
2.5981305455,-1.1133415014
3.0386852462,-0.8507303515
2.2939693420,-1.1579851364
3.1255131674,-0.5432181122
3.0282932588,-0.8454649134
2.3205075260,-1.1357500591
3.0418823305,-0.8083329714
2.1603348162,-1.2814514729
2.9787167583,-0.6641962201
2.5887516191,-1.1156322615
3.0337860821,-0.8330238019
2.2590770361,-1.1836147307
3.0949356177,-0.5715791225
3.0598370577,-0.9056506131
2.4384752647,-1.0390480239
3.1388166812,-0.8446566002
2.9745498597,-0.9489615699
3.0764043977,-0.5545045348
2.3532990371,-0.9881930091
3.0431337651,-0.8482663641
2.2714333771,-1.1727106358
3.1093725228,-0.5595864683
3.0780390052,-0.8533005390
2.1591045106,-1.2746489716
2.9823200980,-0.6587571823
2.8539891850,-0.9951570081
2.5090436503,-1.0392416983
3.0539421486,-0.8051578797
2.1663024166,-1.2902039442
2.9782932153,-0.6638891229
2.5967185646,-1.1113395628
3.0758169382,-0.8538983128
2.1661403461,-1.2670529024
2.9904042461,-0.6531871999
2.4818758773,-1.1272182979
3.0860125575,-0.8476534630
2.1721014583,-1.2902331643
2.9750466083,-0.6603871549
2.7011461303,-1.0643063849
2.7218848154,-0.8659109692
3.1019163335,-0.4266827523
3.0420736723,-0.8134731976
2.1716094284,-1.2693402954
2.9845631104,-0.6552775020
3.0870463395,-0.9110062722
2.3172051592,-1.1363072745
3.0451608955,-0.8141607175
2.1623457608,-1.2718617018
2.9855632297,-0.6568846120
3.0014695388,-0.9369829968
2.9131937714,-0.6766027660
2.2085691238,-1.2248244425
3.0402120557,-0.6130608477
2.4193738358,-0.9410712322
2.8743850123,-0.7408279704
2.7030132837,-0.8394992674
2.4909029349,-1.1244226327
3.1102859689,-0.8440861789
2.3941150658,-1.2056049811
3.0301886571,-0.8286842045
2.2498138557,-1.1949898759
3.0754247274,-0.5831507933
3.0080907363,-0.9244144142
2.8383125196,-0.7306006852
2.8309203814,-0.7396729219
2.9103292290,-0.6754758886
2.2082489292,-1.2288470034
3.0305337865,-0.6166236219
2.5182658231,-1.1164215915
2.7574807812,-1.0193276138
3.0062617069,-0.4991304640
3.0660441796,-0.9015228741
2.3770041432,-1.0919618034
3.0520485834,-0.8053352992
2.1617939959,-1.2904627119
2.9758948367,-0.6640939342
2.5651548462,-1.1246304209
3.0833338373,-0.8484718148
2.1649267202,-1.2898207243
2.9773653362,-0.6653184485
2.5405832818,-1.1379003403
2.4235369816,-0.9386043992
2.8181719267,-0.9942631917
2.4617194843,-1.1319210235
3.0578477792,-0.8522194567
2.2245105206,-1.2131148255
3.0560395202,-0.6026073337
3.1127480425,-0.8497002236
2.3065106152,-1.2435018821
3.0956079566,-0.5714231309
3.0768346576,-0.4409392724
3.0504346839,-0.9054938087
2.4825832660,-1.0082170127
2.5418962381,-1.1102035608
2.9481544712,-0.5427676416
2.8141196363,-0.9988692192
2.4376580357,-1.1278544391
3.0333142078,-0.8413107778
2.2847137816,-1.1661203392
3.1145675161,-0.5523444506
3.0440203680,-0.4680084808
3.0383959150,-0.8454272706
2.2655976016,-1.1796016077
3.0952375820,-0.5656449225
2.6167944016,-1.0773671636
3.0870603500,-0.8503651596
2.1588571830,-1.2894004900
2.9744065886,-0.6657181711
2.5008625910,-1.1548823251
3.0828151895,-0.8484441748
2.1647071180,-1.2890898664
2.9706714149,-0.6644342206
2.5156960390,-1.1500393049
3.1158031208,-0.8459598420
2.4090803444,-1.1964706731
3.1268735597,-0.7368147558
2.4417378495,-1.1249275873
3.0371746478,-0.8434298292
2.2788479287,-1.1662378257
3.1180250061,-0.5523964272
3.0441919823,-0.8086593930
2.1654613114,-1.2805005143
2.9748525758,-0.6630474922
2.5987109676,-1.1132245816
3.0400525762,-0.8511290462
2.2902410898,-1.1612989653
3.1210599469,-0.5469731716
2.5158024097,-0.8662765475
2.6975455739,-0.7306252654
3.0556090554,-0.8492492269
2.2034034038,-1.2322001293
3.0319594925,-0.6219790871
2.5365918137,-1.1118364226
2.6833868446,-0.7443173795
3.0579483816,-0.8537386852
2.2138952080,-1.2185359602
3.0474370508,-0.6064060704
2.4442046219,-1.1330614392
3.0341804442,-0.8428787848
2.2861287540,-1.1648171185
3.1162955493,-0.5508565209
3.0297140939,-0.8375601102
2.2853721886,-1.1597210244
3.1264548754,-0.5446700870
2.9683248088,-0.9408449209
3.0824975141,-0.5468706258
2.6780719778,-0.9006460694
2.9486445693,-0.5434572351
2.4550748891,-1.1332032235
3.0407412429,-0.8468983287
2.2767778421,-1.1681785404
3.1154774428,-0.5546314798
2.6492322263,-0.7676907971
3.0117334191,-0.4906009864
2.5211642139,-1.0315497198
3.0992823163,-0.7579892090
3.0266873129,-0.8397888490
2.3087274919,-1.1460521982
2.8764263470,-0.9703663644
3.0353196515,-0.8493755772
2.3161362112,-1.1420322388
3.1342037330,-0.8426944471
2.9729788071,-0.9524689488
3.1000341271,-0.5332562124
3.0909301440,-0.4323331081
3.0534486179,-0.8024870509
2.1706836898,-1.2904739734
2.9815870349,-0.6595332325
2.8116554812,-1.0131777539
2.6753671078,-1.0576069704
2.9601098410,-0.9376479839
3.0786522622,-0.5499714297
2.5917438455,-0.8135742246
2.6560910641,-0.9192749355
2.6297182375,-0.9400585779
2.8488202132,-0.9853192056
2.4553583121,-1.0985171041
3.0692943158,-0.8513051491
2.1707514844,-1.2593156866
2.9978728689,-0.6458610472
2.5330667175,-1.1125694151
2.4878217280,-1.1253852042
3.1017566918,-0.8453835763
2.2757475299,-1.2570375255
3.0669789276,-0.5949828301
2.1674308297,-1.1188482674
3.0602957055,-0.5941411047
2.6112901077,-1.0795092992
2.5028624756,-1.0466102673
3.0452542919,-0.8198807734
2.1768921060,-1.2575130743
3.0017063391,-0.6456142626
2.7195113075,-1.0359988523
2.4725654494,-1.1299053995
3.0648845438,-0.8497917583
2.1797877725,-1.2562362625
2.9973514245,-0.6432748111
3.1383355925,-0.8419739136
2.6432768720,-1.0900506615
2.7716667358,-1.0168006910
2.0709610446,-1.1824040354
2.9660088012,-0.6663006070
2.4111944468,-1.1979555829
3.1395288893,-0.7216921600
2.4076076698,-0.9491243430
2.4443685508,-1.1311904877
3.0363555265,-0.8424362731
2.2772366833,-1.1672468512
3.1165230404,-0.5533092046
3.0445754856,-0.8154599254
2.1694685264,-1.2654557356
2.9929299993,-0.6523483072
3.1146920833,-0.7450455832
2.6239300164,-0.7866380179
2.4779690768,-1.1292958440
3.0710492033,-0.8507758920
2.1755476045,-1.2647890135
2.9893369928,-0.6517973478
2.8986763729,-0.9621788268
2.8279515889,-0.9921297771
3.0549174824,-0.7946621414
2.2248937052,-1.2772214820
3.0154921330,-0.6302823171
2.0349227540,-1.2035540598
2.9408810897,-0.6895009095
2.1596662020,-1.2726730218
2.9840217081,-0.6564939330
3.0076204493,-0.9399523546
2.9181362433,-0.6713552450
2.1849925783,-1.2546986264
3.0007426696,-0.6426154684
2.5275349602,-1.1150006839
3.0758291629,-0.4438893345
3.0547441246,-0.8542654899
2.2369017806,-1.2006339775
3.0715728882,-0.5887825054
2.4351116739,-1.1191891010
3.0423174082,-0.8474087475
2.2798567816,-1.1673713343
3.1172793355,-0.5547174458
2.8625563366,-0.7537132676
2.8314216133,-0.7372020933
2.8940657334,-0.6922090372
2.3677346955,-1.0961566800
3.0567084943,-0.7941533046
2.2423623071,-1.2707293774
3.0307122970,-0.6178205489
2.4688449724,-1.0803434640
3.1276147180,-0.8426689847
2.7739342719,-1.0337098411
2.5989714587,-1.0870156039
3.0681640644,-0.9012727644
2.3663764187,-1.1007999055
3.0796476200,-0.7769387279
2.8633270198,-0.9920799813
3.0301472156,-0.8315405588
2.2659809826,-1.1825780396
3.0925665536,-0.5705618149
2.1269257444,-1.1441912777
3.0285585178,-0.6214067228
2.8032125586,-0.6516172903
2.6744562804,-0.8626915182
3.0470009608,-0.8488464216
2.2570567021,-1.1849311062
3.0930040108,-0.5728215004
2.4765691678,-1.1289568010
3.0724766383,-0.8494373453
2.1648922149,-1.2745246792
2.9782494080,-0.6584622303
2.8210423436,-1.0122587885
3.0598460957,-0.8531652427
2.2125241458,-1.2275493912
3.0330905847,-0.6168510848
2.8465854990,-0.9867163484
2.1002460319,-1.1611622536
3.0026776333,-0.6419312816
2.7363713280,-0.8530578939
2.5781793146,-0.8209962897
2.8418425051,-0.7667273946
2.9609662555,-0.6412486356
2.6360717320,-1.0927268180
2.5693250283,-0.9916283896
2.9026005658,-0.7219123162
2.4656297633,-1.0201670545
2.7675122328,-0.6768713608
2.9305688494,-0.6636955737
2.1572548212,-1.2875682251
2.9745700201,-0.6648782512
2.5268705472,-1.1422672476
2.4459440159,-1.1307479578
3.0377095667,-0.8429449887
2.2791077981,-1.1669779297
3.1174059982,-0.5537243096
2.3658273964,-0.9768901442
3.0692949839,-0.8494472210
2.1687232518,-1.2684126897
2.9839809065,-0.6536081591
2.5309920694,-1.0235552001
3.0327438217,-0.8435315654
2.3094268018,-1.1428959088
3.1323318599,-0.8452631683
2.7673295552,-1.0337043588
2.5364870303,-1.1091120003
2.5560934063,-1.0058855203
3.0347392587,-0.8386977661
2.2753737675,-1.1698432389
3.1134280467,-0.5566893061
2.4849639648,-0.8925618180
2.3559687826,-0.9865067786
3.0459971252,-0.8494948734
2.2651857735,-1.1783780322
3.1019089323,-0.5659389543
3.1211738739,-0.8478265472
2.4590662207,-1.1745251607
3.0309507109,-0.8330529646
2.2560578602,-1.1882988714
3.0837937107,-0.5753225632
2.4464391501,-1.1126636124
3.0453978802,-0.8492602786
2.2613894049,-1.1803437008
3.0987686580,-0.5674087777
3.0526795318,-0.7948065125
2.2144144347,-1.2801708816
3.0076466527,-0.6350223600
2.5595690494,-1.1013667532
2.3728912699,-0.9735564782
3.0786817733,-0.8513649876
2.1576294232,-1.2782274673
2.9794176177,-0.6614365457
2.6978320179,-1.0638805508
3.1170248674,-0.7364877379
2.5258157283,-1.0250384874
3.0298677654,-0.8346659694
2.2704067030,-1.1714702153
3.1102127725,-0.5570796883
2.6011427980,-1.0846660922
3.0641105299,-0.7846784063
2.4151885159,-1.1969954119
3.1328121571,-0.7288369387
3.0317867596,-0.8484266419
2.3096074610,-1.1435076106
2.5078641527,-1.1216700685
3.1411880290,-0.8433614729
2.3278468152,-1.2363149279
3.1068754424,-0.5589349862
3.0626629506,-0.8522625754
2.1922082863,-1.2439151369
3.0118516712,-0.6318734082
3.0338653696,-0.8456196761
2.3148518256,-1.1389258336
3.0388565771,-0.8472654410
2.2915228956,-1.1569046584
3.1311947053,-0.5428926331
2.7848212193,-0.8153000322
3.0666781496,-0.8515857639
2.1809172109,-1.2498897819
3.0090786582,-0.6376110900
3.0244393401,-0.4818112271
2.0026821836,-1.2274366618
2.9090819270,-0.7171909691
2.4078389538,-1.0655771922
3.0423011664,-0.8480323424
2.2670376807,-1.1803986533
3.0949696740,-0.5675734893
2.8073074840,-0.6472977759
2.6167361321,-0.9049476828
2.1256952660,-1.1487869168
3.0172130855,-0.6286134820
3.0375039021,-0.8328380662
2.2366166039,-1.2013482696
3.0708445728,-0.5897150599
2.2622427856,-1.0528401334
3.1025515621,-0.7482204998
2.4433233729,-1.1268492752
3.0378089172,-0.8430747999
2.2793459742,-1.1668214241
3.1176349446,-0.5535775473
2.4986299733,-0.8823908946
2.7986202056,-0.8027091883
3.0620533181,-0.7916161720
2.3000442108,-1.2487573344
3.0804903084,-0.5806823412
3.0020769486,-0.9272859393
2.8848243263,-0.6955935283
2.4228373922,-1.0563948438
3.0652563484,-0.8516894252
2.1855618230,-1.2453978069
3.0144194611,-0.6334000925
3.0581838545,-0.7917257870
2.2672220361,-1.2615779661
3.0518429149,-0.6020938199
3.0778716611,-0.8511693973
2.1621041870,-1.2811107866
2.9729940930,-0.6628599481
2.5858546061,-1.1178350763
3.0531033517,-0.7941466671
2.2207708969,-1.2779978123
3.0130196917,-0.6306811439
2.8741295621,-0.9765218957
3.0400962687,-0.8199647253
2.1871657596,-1.2455248125
3.0149692445,-0.6340494913
3.0708386853,-0.8536156581
2.1722918496,-1.2579557251
2.9995022147,-0.6447429997
2.4516971631,-1.1326936927
3.0395010946,-0.8451586993
2.2814499125,-1.1654718754
3.1196254962,-0.5523365592
2.7579280907,-0.6850583618
2.9970808516,-0.6136665975
2.1482336366,-1.1281801782
3.0509158139,-0.6031982453
3.0589441273,-0.8536490226
2.2208276646,-1.2210472512
3.0417346608,-0.6107083117
3.1368278087,-0.7266303753
2.7461914388,-0.8458163718
3.0994380329,-0.8476390332
2.2380161372,-1.2719657501
3.0275762621,-0.6193521308
3.1375272764,-0.3954351985
3.0809561924,-0.7767181762
2.9049048729,-0.9752898949
2.4472948835,-1.1337004635
3.0348266360,-0.8447832750
2.2784062324,-1.1687139973
3.1155147597,-0.5562470204
2.7058211976,-0.7272801711
3.0457945484,-0.8492300173
2.2599918366,-1.1816217499
3.0970946123,-0.5688372131
2.8135522273,-0.9955591693
3.1142490634,-0.7462651814
3.1366927433,-0.7240534361
3.0901541020,-0.8953541531
2.2340961917,-1.2094561664
3.0566996221,-0.5989412643
2.0451851803,-1.2000041074
2.9407851085,-0.6872682237
2.1643463899,-1.2780017017
2.9759950327,-0.6605685507
2.7022450015,-1.0647444431
3.1283715733,-0.8830914532
2.2270567703,-1.2772366634
3.0162572266,-0.6312280835
2.4440127912,-1.1308156492
3.0364021917,-0.8423359398
2.2771524059,-1.1674243377
3.1163255004,-0.5535606864
2.7291847904,-0.8554073527
2.1673869982,-1.1156099585
3.0703384704,-0.5871521026
2.5170644731,-1.1185404258
3.0505777404,-0.8520777884
2.2365951273,-1.2041426133
3.0623929447,-0.5917956559
3.0335716690,-0.4725694020
3.0496715464,-0.8081352897
2.1585363651,-1.2858062786
2.9756626852,-0.6657587683
2.5104931249,-1.1512238909
3.1060427554,-0.8462172837
2.3009597631,-1.2477252373
3.0822553893,-0.5781154214
2.4943623770,-1.0580137616
2.8358610087,-0.7759060870
3.0284902720,-0.5877065774
2.4844117315,-1.1282547853
3.0804964211,-0.8512304569
2.1562055930,-1.2814933851
2.9768492372,-0.6634686532
2.5939946414,-1.1114530807
3.0693237115,-0.8534657373
2.1751556972,-1.2546615841
3.0031297398,-0.6416699143
3.0632575652,-0.7918428520
2.2841929031,-1.2526773160
3.0756889079,-0.5866887972
3.0661543259,-0.9004394750
2.3641463583,-1.1009724500
3.0773631450,-0.7767699200
2.8278416539,-1.0056849953
3.0786526589,-0.9016047752
2.3213081885,-1.1331822046
3.1214208752,-0.7392727326
2.6247938075,-1.0769685666
3.0310593439,-0.8315789316
2.2446921943,-1.1966554233
3.0720972833,-0.5835737161
3.0442796089,-0.9095810879
2.5550830696,-0.9539005096
2.4816442074,-1.0660751563
3.0465832014,-0.8050987499
2.1659325583,-1.2871957164
2.9718403873,-0.6651172653
2.5063249579,-1.1556032934
3.0837317319,-0.8511735672
2.1562746807,-1.2856078682
2.9746775283,-0.6655411581
2.5077594439,-1.1517456641
3.1015644859,-0.8461388518
2.2630666700,-1.2626533336
3.0490193873,-0.6031249433
3.0528054550,-0.8519277570
2.2225609750,-1.2152010075
3.0535087169,-0.6049306482
3.0665212119,-0.8548915339
2.1965494277,-1.2371046215
3.0253214685,-0.6262238111
3.0881564941,-0.7674436307
3.1056928068,-0.8501087658
2.2400518527,-1.2700086343
3.0372283034,-0.6161898714
2.7542175889,-0.8354602309
3.0316363442,-0.8232391025
2.2119456233,-1.2244347522
3.0416884031,-0.6141650486
2.6861968932,-0.8924629544
3.1100203870,-0.4149137382
3.0960757723,-0.4274757517
3.1060247630,-0.8483665364
2.2790602459,-1.2571247429
3.0620088194,-0.5945730419
2.4737264129,-1.1307880353
3.0611396198,-0.8516377350
2.1997241637,-1.2323485482
3.0304413211,-0.6208063547
2.5945496630,-1.0882350886
3.0118756340,-0.9205995089
2.7939233300,-0.7687702651
3.1349015367,-0.5071218185
3.0860621570,-0.8489718055
2.1697321885,-1.2899071792
2.9733099811,-0.6627907969
2.5933196400,-1.1144327992
3.0266668417,-0.8432518778
2.3168411550,-1.1382442123
3.0369429195,-0.8439087855
2.2920133214,-1.1574408935
3.1308418770,-0.5440008178
2.8192393422,-1.0143688788
2.7502088852,-1.0251085636
2.6840217935,-0.8977772672
3.0314821804,-0.8324856608
2.2583193915,-1.1822816654
3.0959164386,-0.5691190823
2.9245389055,-0.5560246965
2.7654192070,-0.8285287839
3.0963418853,-0.8513191608
2.1799862883,-1.2890991684
2.9881814188,-0.6545284979
3.0329196352,-0.8416242543
2.3038473660,-1.1480474180
3.0352009521,-0.8202870101
2.2022816551,-1.2365918398
3.0216977431,-0.6255647759
2.5479507086,-1.0097948784
3.0094530755,-0.9219941980
2.8162288946,-0.7520934838
3.0188296624,-0.5944581196
2.1662940434,-1.1177300134
3.0677487678,-0.5910556686
2.0675543727,-1.1859829162
2.9619619116,-0.6698087238
2.3170724578,-1.2399425811
3.0981805095,-0.5643490982
3.1028442187,-0.8518296319
2.2052357421,-1.2828973952
3.0069243176,-0.6417454085
2.9523833497,-0.9461923758
2.5160254021,-1.0332648659
3.1284970927,-0.7296898998
2.3970105171,-0.9557169428
2.4372166893,-1.1276822758
3.0330369409,-0.8412672042
2.2843976142,-1.1660853964
3.1144963859,-0.5521418077
3.0572125069,-0.8519163485
2.2057601091,-1.2301151125
3.0345780468,-0.6199500231
2.5388439620,-1.1112330683
3.0500047351,-0.9066649370
2.4983896280,-0.9969704514
3.1346779607,-0.7210792525
3.0327106742,-0.8482402562
2.3215214583,-1.1370981069
3.0304194432,-0.8361411242
2.2770425848,-1.1722514952
3.1061138567,-0.5588589031
3.0326860273,-0.8486798665
2.3140940719,-1.1413632242
3.0884649223,-0.8482195890
2.1776675077,-1.2896992095
2.9787489162,-0.6578749202
2.8605368522,-0.9951892614
2.4930513102,-1.1249897451
3.1073157071,-0.8465849394
2.3067662068,-1.2457182987
3.0869436017,-0.5751921786
2.5578880671,-1.1009570580
3.0567325869,-0.8535203095
2.2281778847,-1.2143398681
3.0502695412,-0.6037585484
3.0615285119,-0.8530027727
2.2036426942,-1.2349576347
3.0235384932,-0.6238999900
2.8019120448,-0.6508465721
2.6666885523,-0.8670252392
3.0425965051,-0.8123283855
2.1594980251,-1.2725008035
2.9839474812,-0.6567009653
2.9948012124,-0.9448726388
2.9947193946,-0.6131784344
2.3181396622,-1.0119125199
3.0437278425,-0.8106458780
2.1644505544,-1.2786270291
2.9755177811,-0.6615543598
2.6587428277,-1.0849529467
2.4992412503,-1.1236889201
3.1204369800,-0.8455663232
2.4929681951,-1.1580377605
3.0661998044,-0.8492372750
2.1722504402,-1.2629224640
2.9958425287,-0.6505096252
3.0939421696,-0.7573274500
2.2609879766,-1.0510276250
2.3519590887,-0.9877108409
3.0423450687,-0.8480689152
2.2638179513,-1.1768350148
3.1028944603,-0.5628425372
3.0307944364,-0.8282095681
2.2469865482,-1.1977307706
3.0719189296,-0.5862143564
2.9836150172,-0.9335415104
2.9904016038,-0.6146629901
2.8524038337,-0.6125993754
2.2251599199,-1.2137498762
3.0498848033,-0.6010861099
3.0846567854,-0.8537843813
2.1583358400,-1.2826077777
2.9771474198,-0.6646185409
2.5590829741,-1.1287209750
2.5551866158,-1.1043471963
2.2089801888,-1.0888593825
3.1107097888,-0.5581401171
3.0349014678,-0.8187352649
2.1950620096,-1.2421171111
3.0144279687,-0.6304145619
2.6674053494,-0.9089432923
2.7340181458,-0.8537556839
3.0896067311,-0.8960015510
2.2292957437,-1.2056629460
3.0643160962,-0.5934204586
2.3859151230,-0.9627228884
3.1237265952,-0.8440050889
2.6235644426,-1.1019924608
2.9619517424,-0.9418053697
3.1014162503,-0.5313909654
3.0216910481,-0.9193130194
2.7404452962,-0.8057345565
2.4387837706,-1.1292959230
3.0336138297,-0.8411374161
2.2847498115,-1.1665248963
3.1141890445,-0.5530245464
2.5431301791,-1.1081278227
3.0490700210,-0.8023054126
2.1731093057,-1.2894467079
2.9752354524,-0.6625618200
2.6215462096,-1.1024798298
3.0681803916,-0.8541025086
2.1841230336,-1.2472768153
3.0123748913,-0.6353583327
2.5007185592,-1.0520671552
2.5339869174,-1.1131330699
3.0470421032,-0.8096520833
2.1568375311,-1.2820364289
2.9768630500,-0.6637743346
2.5838658436,-1.1163920608
3.0379727068,-0.8199808298
2.1876765082,-1.2429771892
3.0171910938,-0.6308634780
2.7075973904,-1.0415806364
2.4655509700,-1.1315252309
3.0531468964,-0.8497008523
2.2194994834,-1.2193088675
3.0427550060,-0.6076336465
3.1353483939,-0.8439244255
2.9651201223,-0.9559939967
3.1383678796,-0.5052303951
3.0439967228,-0.8498877995
2.2692213326,-1.1791896000
3.0968550291,-0.5666047416
3.0538759583,-0.8013978266
2.1744848925,-1.2899833766
2.9840729994,-0.6581087841
2.9177602755,-0.9693576928
3.1188386914,-0.8432563290
2.5543630083,-1.1323850938
2.5203116041,-1.0319873079
3.1073492932,-0.7505534210
3.0570660512,-0.7905538209
2.2731279054,-1.2584566056
3.0581548179,-0.5957451388
2.9454059711,-0.5428342769
2.4100290878,-0.9483425333
2.8814023038,-0.9694737232
3.0450736783,-0.8109545694
2.1574063193,-1.2780106897
2.9794990701,-0.6610558952
2.7142415188,-1.0562090344
3.0492885408,-0.8091005677
2.1586531621,-1.2841819249
2.9765064185,-0.6652481950
2.5333793991,-1.1407318505
2.4582343930,-0.9113291145
3.0335435051,-0.8342980148
2.2662306364,-1.1779064679
3.1027194857,-0.5656134406
3.0800331449,-0.8536469988
2.1593593036,-1.2764720414
2.9812524609,-0.6604375562
2.7623239924,-1.0354545336
2.4450188034,-1.1043945345
3.0529741645,-0.8492782454
2.2138645723,-1.2229863505
3.0374941181,-0.6107933167
2.6471536254,-0.9283198776
2.5852041977,-0.8160948058
2.7272951955,-0.8576805490
2.2789459725,-1.0373059954
2.4391949967,-1.1301566360
3.0334584457,-0.8410761636
2.2845311212,-1.1665606394
3.1140819151,-0.5529827570
2.6602442285,-0.9121944809
2.5978979398,-0.9627811819
2.1614361845,-1.1208277560
3.0624607627,-0.5964050961
2.2411219561,-1.0655921965
3.0308671272,-0.8209452671
2.2077347832,-1.2281976280
3.0369454111,-0.6179159473
2.7190455867,-1.0365460530
2.5497950410,-1.1046006920
3.1122955897,-0.8487164240
2.3197187609,-1.2370436157
3.1087334750,-0.5599289724
3.0542771840,-0.8535919785
2.2283883292,-1.2060015836
3.0637195459,-0.5934684951
2.1529277888,-1.1263092719
3.0542338116,-0.6024083620
3.0751708225,-0.8540083170
2.1672924539,-1.2655000418
2.9919734235,-0.6518529701
3.0718134894,-0.7820655972
2.5467667256,-1.1335032678
3.0006435179,-0.9258149441
2.8810799970,-0.7028878128
2.5014102739,-0.9932001447
3.0601953105,-0.7958844681
2.2275786839,-1.2750203891
3.0259314939,-0.6260615916
2.4700558835,-1.0822824655
3.1212963962,-0.8454112913
2.5130856745,-1.1486661269
3.1218325304,-0.8422209242
2.6572242832,-1.0844168143
2.4534026009,-1.1334662964
3.0392209499,-0.8467440586
2.2788191045,-1.1711223645
3.1077833464,-0.5578482171
3.0427970712,-0.9116994111
2.5766892440,-0.9321092218
2.4825724533,-1.0729530365
2.4895585226,-1.0644233144
2.5045275230,-1.0448266594
3.0292563535,-0.8352181968
2.2853544778,-1.1666992602
3.1142265602,-0.5535749013
2.6343809474,-0.9346079074
3.0517949026,-0.4592914321
2.3369211362,-0.9962159446
3.0307074158,-0.8394844487
2.2796145072,-1.1682467645
3.1108216843,-0.5534934126
3.1031386874,-0.8941441740
2.1842886100,-1.2492436323
3.0108746609,-0.6380533092
3.0814643129,-0.4396208571
3.0960341439,-0.8483822163
2.2066291922,-1.2833084542
3.0001812141,-0.6426715803
2.4858905280,-1.1277871154
3.0842639397,-0.8507534116
2.1556437293,-1.2872469372
2.9736443715,-0.6657918486
2.4915042156,-1.1588586081
3.0625299222,-0.8495210604
2.1830585447,-1.2518951648
3.0019793815,-0.6390019301
2.4999749225,-1.1244668906
3.1144749376,-0.8483058061
2.3362244804,-1.2310632425
3.1223163408,-0.5512695602
2.8692250811,-0.7446334275
2.7453712598,-0.8064793361
3.0365772189,-0.8431643669
2.2903751808,-1.1587042356
3.1290842227,-0.5453241279
3.0728309014,-0.9023615423
2.3507712542,-1.1086601927
3.1052593350,-0.7472378152
2.4523850611,-1.1333974909
3.0386453013,-0.8462143272
2.2841348050,-1.1676827270
3.1128646459,-0.5546509769
2.4374315627,-1.1303604554
3.0320975100,-0.8405679572
2.2826510796,-1.1668284849
3.1131992681,-0.5525590766
3.1150859305,-0.8471153044
2.4020666976,-1.2039550987
2.4074928339,-0.9486711054
2.4508466123,-1.1036607283
3.0578859706,-0.8510559336
2.2055269680,-1.2259105250
3.0380223113,-0.6138692910
2.2038576557,-1.0918986470
3.1060208712,-0.5611141818
3.0508084937,-0.8038467764
2.1617412640,-1.2904904403
2.9758748196,-0.6640324228
2.5669693053,-1.1237263499
3.0448356058,-0.8044398556
2.1620318192,-1.2884332059
2.9762684653,-0.6660780699
2.5072331481,-1.1533083245
3.0938960503,-0.8484275999
2.1951955094,-1.2865387427
2.9908873672,-0.6504410365
3.0832912921,-0.8511635291
2.1642075717,-1.2867516976
2.9711178788,-0.6652656843
2.4956110462,-1.1602472442
3.0615818251,-0.8517103491
2.1988971031,-1.2332558140
3.0293764210,-0.6217656202
3.0471526239,-0.8057421260
2.1668749783,-1.2865301769
2.9725153019,-0.6653245622
2.5063890635,-1.1561329390
3.0817816699,-0.8517970658
2.1581867425,-1.2811673018
2.9778970042,-0.6637074394
2.5967742124,-1.1110218786
3.0828263241,-0.8530520283
2.1561436477,-1.2825632123
2.9762130126,-0.6641216103
2.5658032462,-1.1246363760
3.0823206893,-0.8488492173
2.1632960291,-1.2888908833
2.9700174848,-0.6645470995
2.5064184591,-1.1540381409
3.0901450315,-0.8491962265
2.1791346865,-1.2893924025
2.9788949024,-0.6603075959
2.7519837315,-1.0441708787
2.5478323850,-1.1351118149
2.9301433734,-0.5538078959
2.4394382704,-1.1157594698
3.0384966428,-0.8465069655
2.2762455281,-1.1722138114
3.1058747403,-0.5584590251
3.0427676260,-0.8515130331
2.2702788316,-1.1760247364
3.1002202051,-0.5619704595
3.0336162963,-0.8348609325
2.2703112931,-1.1749871292
3.1068532625,-0.5627355999
3.0513409151,-0.8053248097
2.1613280365,-1.2895325840
2.9756892698,-0.6653286073
2.5242244219,-1.1444951272
2.5696879165,-0.9913122233
2.4588437586,-0.9117439905
3.0331325351,-0.8209790135
2.2063732867,-1.2313273648
3.0276220663,-0.6197814573
2.4410081141,-1.1332854177
3.0316490310,-0.8420904363
2.2824032567,-1.1653324535
3.1200775118,-0.5525450080
2.7524096982,-0.6896616603
3.0329278454,-0.5871039784
2.5399317345,-1.0172107574
3.0809078489,-0.8501823700
2.1609304726,-1.2869496897
2.9695316455,-0.6648361759
2.4935479217,-1.1599514992
3.0609129463,-0.8509057850
2.2034549036,-1.2362355069
3.0224141065,-0.6255846926
3.1161044513,-0.7440352805
3.0535362288,-0.8523792657
2.2257982008,-1.2135518484
3.0501004540,-0.6016221808
3.0645928868,-0.8515605323
2.1806011134,-1.2538402915
3.0059195465,-0.6424752895
2.4508986008,-1.1021427647
3.0601738780,-0.8508149080
2.2050769286,-1.2345341416
3.0244353891,-0.6238413822
2.6723691510,-0.9066529383
2.0295202453,-1.2085483902
2.9349742628,-0.6946869586
2.1840534844,-1.2465881490
3.0130159604,-0.6340184817
2.4776230710,-1.1286465454
3.0746578491,-0.8492911480
2.1626753821,-1.2786970959
2.9746711305,-0.6613306947
2.6574696122,-1.0847961646
2.4904557840,-1.1259380387
3.0991138392,-0.8480511483
2.2238499549,-1.2781614965
3.0137804376,-0.6328894621
2.6027854700,-1.0836831151
3.0421258689,-0.8513286680
2.2746420162,-1.1728405887
3.1047327042,-0.5587642259
3.0247056321,-0.8385932103
2.3045410007,-1.1477268588
3.0640407802,-0.7868292206
2.3754091952,-1.2158129633
3.0764166574,-0.8504989043
2.1647391345,-1.2782467651
2.9758277848,-0.6615000441
2.6642350487,-1.0826145972
2.6220869634,-0.9475580383
2.9172701568,-0.5644930548
2.6371595307,-1.0712683921
2.6694881975,-0.9063748860
2.0697069705,-1.1853297051
2.9633086255,-0.6698086329
2.3249303161,-1.2372149324
3.1045340061,-0.5604487182
3.0400884601,-0.8096473443
2.1639367490,-1.2756471640
2.9771609532,-0.6590482192
2.7801451830,-1.0296791975
2.4377587891,-1.1255285575
3.0340705970,-0.8422042990
2.2862015396,-1.1652060402
3.1159439702,-0.5515280840
2.5817938438,-0.8168257086
2.7392479022,-0.8469756498
2.4999342714,-1.0511298365
2.9692335091,-0.5262743792
3.0480512251,-0.8006032280
2.1742748950,-1.2899590084
2.9832710774,-0.6605993007
2.7857414983,-1.0265599042
2.4697738840,-0.9045769743
3.0598055483,-0.8526116226
2.2060081237,-1.2320369707
3.0268650601,-0.6207174630
2.6692865095,-0.7546601348
3.1014617017,-0.7504471008
2.9522488511,-0.5393872368
2.7430849501,-1.0272123741
3.0763646882,-0.8519686096
2.1661167927,-1.2758355697
2.9779175714,-0.6599301057
2.7518381007,-1.0434039225
3.0362761029,-0.8501876575
2.3128324069,-1.1443598641
2.0958261725,-1.1651983748
2.9978197347,-0.6457348207
2.8486594495,-0.6162927669
2.2687339756,-1.1804287273
3.0957026510,-0.5678507321
2.6994269546,-0.7283903747
3.0456645319,-0.8484397148
2.2437144254,-1.1978481139
3.0706456719,-0.5850548183
3.0458037328,-0.9093916039
2.5470886916,-0.9604331386
2.4412381528,-1.1255411575
3.0366314419,-0.8430672888
2.2780496094,-1.1665021080
3.1175058447,-0.5524633873
3.0778378099,-0.4425639113
3.0305606852,-0.8439347975
2.3095235666,-1.1404564905
3.0468769047,-0.8506537336
2.2621224838,-1.1857963425
3.0882093117,-0.5740366032
2.4434469415,-1.1331389657
3.0335115698,-0.8427334556
2.2850718970,-1.1649483571
3.1158187833,-0.5505855332
3.0010683765,-0.5007542613
2.4516539334,-1.1327997349
3.0393072637,-0.8452208546
2.2809065953,-1.1655740992
3.1193461005,-0.5522553687
3.1412131174,-0.8407605504
3.0280207512,-0.8367675860
2.2800433454,-1.1675736176
3.1171551992,-0.5551164400
2.1243847343,-1.1480894153
3.0172318715,-0.6272375790
3.0269059156,-0.8329240460
2.2745592840,-1.1729901921
3.1045757291,-0.5589304565
3.0253137313,-0.8334325148
2.2792677556,-1.1681250203
3.1163727456,-0.5556550033
2.4698750321,-1.1317591679
3.0544494252,-0.8515113099
2.2321853635,-1.2055362759
3.0654994546,-0.5943215992
2.8897523132,-0.7276767976
2.5491151748,-0.9578213699
2.3697681543,-0.9750313418
3.0737230948,-0.8509099379
2.1598274464,-1.2714997836
2.9847244715,-0.6559362812
3.0509045654,-0.9243075330
2.6101979194,-0.9087302425
2.6169071765,-0.9525309406
3.0553077505,-0.7915828430
2.2525793674,-1.2663261234
3.0403498929,-0.6092007047
2.1135177918,-1.1552451888
3.0062707473,-0.6365581373
2.7854095482,-0.6681015822
2.8383392564,-0.7321278028
2.8434896328,-0.7310798801
2.8261799528,-0.7410665746
2.9295975467,-0.6648408344
2.1572837234,-1.2850275945
2.9756752128,-0.6645784968
2.5463079830,-1.1336937766
3.0526849372,-0.9075821165
2.4992634805,-0.9981171708
3.0816389128,-0.8530298171
2.1558275474,-1.2813338098
2.9767754456,-0.6632857907
2.5994810287,-1.1087216483
2.6561740616,-0.9175085738
2.5862140322,-0.9746422160
2.8589757271,-0.9807087008
2.4434702345,-1.1289953227
3.0370279557,-0.8425059978
2.2779271678,-1.1674081774
3.1166003778,-0.5538878502
3.0651713687,-0.9034302243
2.4024368949,-1.0736907950
3.0376116426,-0.8417826037
2.2769201942,-1.1691750157
3.1145811728,-0.5563096238
3.1146679626,-0.8905189789
2.1586479613,-1.2822079775
2.9774625020,-0.6646142426
2.5622845791,-1.1274308668
3.0948075947,-0.8956426200
2.2126706734,-1.2215485641
3.0443620597,-0.6104324979
2.9016425830,-0.5752832955
2.6085402030,-1.1071824772
2.6036489408,-0.8050260031
2.4465393930,-1.1323645928
3.0366556005,-0.8432800479
2.2781430498,-1.1662971328
3.1177328458,-0.5521709876
2.6608553962,-1.0612027457
3.0297703046,-0.4801133501
3.0409473210,-0.8513767717
2.2876236877,-1.1635899955
3.1179721712,-0.5495435715
3.0374611565,-0.8120860629
2.1692956217,-1.2669447764
2.9852831926,-0.6521141250
3.1240801960,-0.7320931491
3.0462925292,-0.8029047098
2.1664974785,-1.2892051098
2.9716662955,-0.6639006739
2.5410329497,-1.1384859257
2.5588718676,-1.1016775952
3.0378659243,-0.8145722699
2.1775450630,-1.2599083678
2.9937302815,-0.6468114057
2.6194204246,-1.0788845996
2.4946414755,-1.0525504206
2.4547169916,-1.0961564916
3.0736404519,-0.8500684268
2.1674111157,-1.2736336432
2.9798904811,-0.6583391970
2.8495814744,-1.0012362482
3.0369216183,-0.8232456905
2.1977847537,-1.2328263494
3.0293317525,-0.6206808012
3.0239921458,-0.9168181581
2.7127625651,-0.8319302530
3.0448990255,-0.8136719681
2.1608920618,-1.2729574976
2.9842237117,-0.6575326044
2.9446248898,-0.9584417815
3.0869122387,-0.7633247849
3.0622438889,-0.8549285759
2.2138249436,-1.2219312896
3.0444937234,-0.6113459652
3.0358975553,-0.8233588329
2.2056854189,-1.2267892602
3.0373591793,-0.6151255325
2.4876251440,-0.8901162657
3.0611692129,-0.7905077694
2.2999149992,-1.2488448108
3.0803260240,-0.5808700322
3.0283548683,-0.9180427658
2.7035348147,-0.8352720660
2.7513218205,-1.0245426943
2.8973014419,-0.5779062066
2.4791598538,-1.1669799190
3.0400551204,-0.8469619997
2.2710214560,-1.1710421346
3.1108175057,-0.5566871615
2.7943023101,-1.0083068405
2.4557023505,-0.9121476977
3.0331015677,-0.8301695042
2.2436331341,-1.1948470313
3.0792164270,-0.5826002241
3.0372129828,-0.9098021037
2.5839727155,-0.9293205488
2.7007840294,-0.8809086339
3.0351553057,-0.8263455702
2.2186303609,-1.2212393156
3.0407789251,-0.6100613371
2.8588134122,-0.7540007211
2.8428538542,-0.7323442342
2.8393556744,-0.7317572462
2.8405034329,-0.7339112068
2.8548773408,-0.7195539469
2.7091950567,-0.8348853511
3.1278185287,-0.4051168953
3.1118318389,-0.7417463844
3.0381762427,-0.8447335562
2.2761455440,-1.1733933796
3.1047135389,-0.5603284328
3.0425925311,-0.8081781672
2.1631897969,-1.2805581587
2.9738346421,-0.6625729641
2.6042053716,-1.1096747677
3.1245997589,-0.8436638936
2.6882104764,-1.0708560163
3.1169300014,-0.8467353672
2.4379236087,-1.1875866633
3.0713978695,-0.7861374650
2.4587429191,-1.1751677724
3.0321449908,-0.8316621233
2.2491270011,-1.1949050368
3.0752602129,-0.5827313943
3.0069560245,-0.9242926501
2.8403861176,-0.7285011562
2.8093021107,-0.7557987688
3.0451868560,-0.5726411847
2.1867093983,-1.1058418605
3.0797354997,-0.5792185979
2.9518264389,-0.9455582617
3.0776293512,-0.7721636850
3.0380968405,-0.9267108772
2.6843950024,-0.8492797954
2.7049065818,-1.0405383019
2.8166148974,-0.6424282671
2.5636999661,-0.9439112317
2.6696452902,-1.0553973297
2.4191849342,-0.9387254198
2.4506519641,-1.1331621045
3.0380438786,-0.8452074766
2.2776587827,-1.1663903335
3.1174805055,-0.5521063157
2.6036661767,-1.0855450492
2.7024309256,-0.8834419695
2.5192144185,-1.1149587093
2.5180237257,-1.0337066919
3.0579070476,-0.8540977874
2.2191333262,-1.2149482989
3.0524737286,-0.6031819336
3.0580483583,-0.8536503899
2.2244505959,-1.2178807930
3.0458111365,-0.6075057422
2.9613774268,-0.9393773653
3.0894825644,-0.5439916535
3.0357472343,-0.8248445989
2.2135760623,-1.2204991048
3.0456490962,-0.6090935757
2.4705596309,-1.0799768944
3.1298971320,-0.8430195363
2.8159136949,-1.0163708232
2.5136985109,-1.0416152969
3.0336536955,-0.8301712616
2.2344972603,-1.2010474931
3.0703630214,-0.5883595454
2.4465760532,-1.1136088620
3.0448679064,-0.8490678152
2.2657499480,-1.1772760988
3.1031361017,-0.5644173266
3.0354041402,-0.8494385924
2.3115495740,-1.1394325695
3.0368900065,-0.8467035865
2.2874815385,-1.1579878224
3.1288174766,-0.5428023402
3.0401235084,-0.8127369101
2.1722168085,-1.2674454284
2.9861284450,-0.6535123430
2.7019798104,-1.0449700525
3.1175842302,-0.8859280168
2.1724954284,-1.2896374088
2.9746346573,-0.6633353101
2.5887347863,-1.1178102687
3.0528890179,-0.7971523194
2.2015114631,-1.2846030981
2.9962880325,-0.6454445025
2.1096272471,-1.1597016537
3.0012034050,-0.6413355531
3.0371109652,-0.8233879219
2.2043592756,-1.2346156585
3.0241168690,-0.6236196710
2.4418302975,-1.1172373418
3.0395235200,-0.8466465619
2.2722150402,-1.1700419223
3.1121709547,-0.5555976102
2.5116290819,-1.0442082259
2.5975662358,-0.8060919849
2.4349463425,-1.1285976558
3.0311601304,-0.8403211812
2.2815022031,-1.1668389284
3.1128083250,-0.5520487668
2.4846730020,-0.8903891009
3.0797641365,-0.7696228615
3.0957425266,-0.8899300814
2.1810003259,-1.2530611391
3.0066396246,-0.6417483989
3.1313984267,-0.8849916798
2.2151236162,-1.2796109509
3.0152314473,-0.6348100486
2.5011544372,-1.1231078523
3.1260595442,-0.8446712074
2.6349269821,-1.0921905992
3.0601593085,-0.7902538694
2.2959216611,-1.2500997117
3.0772715075,-0.5825524636
3.0306199042,-0.9165667132
2.6786178459,-0.8538712011
2.5671815111,-0.9889868065
2.4436829190,-1.1109186896
3.0448035559,-0.8488060733
2.2596788024,-1.1867890601
3.0864407434,-0.5745408087
3.0305683996,-0.8350473309
2.2720284749,-1.1708324758
3.1113645865,-0.5567762500
2.4448393724,-1.1291000939
3.0380245396,-0.8427932435
2.2791778669,-1.1673585218
3.1170669890,-0.5543774253
2.4471313564,-1.1336573518
3.0349023381,-0.8445301374
2.2817055898,-1.1669399675
3.1127747740,-0.5523171075
3.1314038703,-0.8472663750
2.6754772715,-1.0757006416
3.0337548572,-0.8209804996
2.2067603252,-1.2317230103
3.0274361085,-0.6204827691
2.5746844608,-1.0943385400
3.0312484292,-0.8455480339
2.3119444881,-1.1383278807
3.0317755165,-0.8347598514
2.2703128353,-1.1788623692
3.0975474414,-0.5665314423
2.5507202165,-1.1059505639
3.0413305685,-0.9087465785
2.5559875186,-0.9513644786
2.7437471540,-1.0289996724
2.0036928793,-1.2274729337
2.9020965159,-0.7175226112
2.4261139199,-1.0530875060
3.0748608854,-0.8510080871
2.1590311016,-1.2732134385
2.9832391130,-0.6573865996
2.9370221223,-0.9605631313
3.0464042043,-0.8168281320
2.1682909827,-1.2669795991
2.9913734455,-0.6536365799
2.8818332952,-0.5919614594
2.1811909621,-1.2881988176
2.9895067414,-0.6532453903
3.0583019032,-0.8517868877
2.2002712946,-1.2347578536
3.0286612683,-0.6243697085
2.5888999583,-1.0897326529
3.0310586064,-0.8361247307
2.2787740337,-1.1662518995
3.1179923091,-0.5523702163
3.1064918527,-0.8897250625
2.1694960006,-1.2725481878
2.9814423546,-0.6580450754
2.8860424813,-0.9869750965
3.0580274545,-0.7990078815
2.2016720771,-1.2832277147
3.0052345897,-0.6410678393
2.8451967031,-0.9859642098
2.8040684314,-0.7982489303
3.1339932472,-0.7259931337
2.8340611694,-0.6261776037
2.3733008172,-1.0948847325
3.0579932425,-0.7977276826
2.2085270317,-1.2809067900
3.0110529115,-0.6361214156
3.1321572368,-0.8439430379
2.8671519614,-0.9946774385
3.0614004927,-0.8508911818
2.1943393051,-1.2424490696
3.0138557578,-0.6306813492
2.5200433732,-1.1148360158
2.8280822649,-0.6330937925
2.4493333923,-1.0371344203
2.3068698373,-1.0193071264
3.0612617143,-0.7888871673
2.3306129981,-1.2344773699
3.1102486211,-0.5553997801
2.6287152302,-1.0742400190
3.0320429317,-0.8394338144
2.2899324172,-1.1631511748
3.1191698528,-0.5498611745
2.4908510366,-1.0624491295
2.4763768746,-1.1298272908
3.0672677371,-0.8511551515
2.1742118820,-1.2550931473
3.0024281424,-0.6418825635
3.1338869963,-0.4016763938
3.0958588994,-0.7581668314
2.9472536636,-0.9439331555
3.0575169740,-0.7978128468
2.2046600970,-1.2822443167
3.0077412689,-0.6389635635
2.8906901750,-0.7295758216
2.5605963788,-0.9447770757
2.5120355958,-1.0444766685
2.8862516541,-0.9673903606
2.4482935631,-1.1133403812
3.0462620347,-0.8496101670
2.2672493996,-1.1772590919
3.1036634083,-0.5650590987
3.0446103210,-0.8530903137
2.2849632447,-1.1618546202
3.1242541365,-0.5480317244
2.2788421552,-1.0404808643
3.0502832654,-0.7973230787
2.1915282467,-1.2868378815
2.9892604593,-0.6494061682
2.4951025871,-1.0596289833
2.0710586510,-1.1805963977
2.9748700837,-0.6623230266
2.6010530690,-1.1127413044
3.0489262653,-0.8527481941
2.2571769726,-1.1891765279
3.0833475545,-0.5772416189
2.3370357497,-0.9978693243
3.0311444780,-0.8384382806
2.2771745541,-1.1710232403
3.1073346191,-0.5569217842
3.0689053933,-0.8532563541
2.1742021502,-1.2549958296
3.0024965356,-0.6417649106
3.0882822240,-0.8521419008
2.1579210706,-1.2897949026
2.9738617174,-0.6654416465
2.5039589953,-1.1529074899
3.0934500335,-0.8466846817
2.2049366022,-1.2831486793
3.0064093995,-0.6426333403
2.6028683316,-1.0865337819
2.4632930815,-1.0905180876
3.0922787685,-0.8499502269
2.1700337045,-1.2906777313
2.9810251350,-0.6600923352
2.7786503741,-1.0276331401
2.6153248291,-0.9556651878
3.0451937260,-0.8184365682
2.1717480330,-1.2619895869
2.9963409761,-0.6491957375
2.2097676734,-1.0875890018
3.1123274667,-0.5558858433
2.6121592702,-0.7979276883
2.9833140810,-0.9345399134
2.9997928898,-0.6083883585
3.0608419751,-0.7907849542
2.2939008125,-1.2513688847
3.0748489573,-0.5851945649
3.0552999297,-0.9088054158
2.4940850759,-0.9974853814
3.1414669868,-0.7210559998
3.0531365804,-0.8046334007
2.1656358438,-1.2900345432
2.9778920654,-0.6643826959
2.5758618952,-1.1211340534
3.0527849296,-0.9054373236
2.4730821990,-1.0163631040
2.9330977915,-0.9538372203
3.0377756447,-0.8323628519
2.2376101277,-1.2013904891
3.0711613981,-0.5901939522
2.6621088304,-0.7606053323
3.0266820657,-0.8335063114
2.2777556059,-1.1703213236
3.1082074357,-0.5560288697
3.0685758953,-0.8549887412
2.1912297881,-1.2424829464
3.0189365088,-0.6315607862
2.7729260741,-1.0162426437
2.4071280429,-0.9462440995
3.0595805704,-0.8548736687
2.2229202548,-1.2136349968
3.0550026872,-0.6027486100
3.0892781070,-0.8524627818
2.1594123155,-1.2897642726
2.9745978451,-0.6655018690
2.5089536938,-1.1510687280
3.1057550372,-0.8453991084
2.3128253496,-1.2420195690
3.0940356749,-0.5677814736
2.7450659198,-0.6982764408
3.0921553009,-0.5402554573
3.0400570336,-0.8514028904
2.2932599578,-1.1592044328
3.1240906703,-0.5449109555
2.5063665028,-1.1217507914
3.1400482342,-0.8427837643
2.3336381377,-1.2332149990
3.1130419862,-0.5531932710
2.7364646218,-0.8524248497
3.0505747381,-0.8528048000
2.2485998660,-1.1960867681
3.0739730489,-0.5843980600
3.0499850865,-0.9098794812
2.5274959771,-0.9708482865
2.5021313819,-0.8812162176
2.3153136447,-1.0136177448
3.0465569646,-0.8061872056
2.1639527715,-1.2873565772
2.9708559439,-0.6648922162
2.5038811388,-1.1559835569
3.0806077711,-0.8507980346
2.1545435225,-1.2831934155
2.9751659327,-0.6641287595
2.5552003883,-1.1289162868
3.1346153897,-0.7237857720
2.2156306937,-1.0865973356
3.1094095790,-0.5553766491
2.5049586473,-1.0490343337
3.0443260886,-0.8102171218
2.1555773138,-1.2790467130
2.9780796205,-0.6614137979
2.6828675268,-1.0697480491
3.1014351341,-0.8486071813
2.2408965472,-1.2716401196
3.0289719220,-0.6198300989
2.9145248182,-0.5640755193
2.3571633233,-0.9870024656
3.0466514174,-0.8497414548
2.2638827260,-1.1796245636
3.1002955709,-0.5673610719
2.4387536295,-1.1269577294
3.0344022826,-0.8419021306
2.2864069792,-1.1656388286
3.1155942535,-0.5523327846
2.7768255935,-0.8175832176
3.0877407436,-0.8476289256
2.1769383270,-1.2897880485
2.9782434419,-0.6582474869
2.8355731693,-1.0056772289
2.4573931238,-1.1330584629
3.0426041583,-0.8481549847
2.2673358537,-1.1804090027
3.0950613327,-0.5677227694
2.9391280510,-0.5465806876
2.8818037731,-0.9696710469
3.0432405862,-0.8140976205
2.1646470374,-1.2682939025
2.9889575634,-0.6539350863
2.4995412572,-1.0559210720
2.8428514104,-0.9845797341
2.5251864167,-1.0256978327
3.0316597974,-0.8297962825
2.2424707793,-1.1944574338
3.0791639491,-0.5814953849
3.0724557288,-0.9034579735
2.3647822836,-1.0986707806
3.0659875325,-0.7852698451
2.4337166048,-1.1888194784
3.0765130346,-0.7795661980
2.7091434625,-1.0590231505
2.7988922559,-0.6556472793
2.7154888342,-0.8310646396
3.0922299796,-0.8526747015
2.1644942325,-1.2903608303
2.9771772394,-0.6644490203
2.5664931743,-1.1250825149
2.9193943700,-0.5632245090
3.0411139443,-0.8149834785
2.1674487118,-1.2633700963
2.9935973787,-0.6494120724
2.3279145527,-1.0041039780
3.0343743512,-0.8268768616
2.2247050934,-1.2162339045
3.0473622599,-0.6051147917
2.2121653693,-1.0853530418
3.1154339038,-0.5526729201
2.4837836196,-1.1289600663
3.0759505298,-0.8524535587
2.1672554870,-1.2678213713
2.9903283569,-0.6543286296
2.5524538417,-1.1046088153
3.0899889098,-0.8529928974
2.1606596221,-1.2891628638
2.9753293750,-0.6659604595
2.5022218464,-1.1549814263
3.0833493461,-0.8490313935
2.1656077162,-1.2884074466
2.9712467951,-0.6649410337
2.5062065678,-1.1551633744
3.0853662572,-0.8506032627
2.1563443076,-1.2884726524
2.9734892153,-0.6658529263
2.4886222307,-1.1601387242
3.0570396446,-0.8494861052
2.1999183066,-1.2356407115
3.0215619297,-0.6234553499
2.4790112815,-1.1288076536
3.0746054748,-0.8501181207
2.1668292670,-1.2750913408
2.9786972672,-0.6594751705
2.7814715238,-1.0305536519
2.4553902930,-1.1332778879
3.0407649536,-0.8472534993
2.2714934354,-1.1711998331
3.1108261988,-0.5571579300
2.7896512372,-0.6643625903
2.8087629246,-0.7557058039
3.0495367824,-0.5750335659
2.4774847647,-1.0714315318
3.0311435117,-0.8376266908
2.2679563295,-1.1773996757
3.1037797151,-0.5655809811
3.0596013410,-0.8549689057
2.2242264252,-1.2127653216
3.0562389002,-0.6019780812
3.0267664006,-0.8428133324
2.3164129941,-1.1389503321
3.0345774848,-0.8464103438
2.2870576856,-1.1617970066
3.1250084364,-0.5488957870
2.5538758370,-0.8416050117
2.4425205018,-1.1264307270
3.0373499082,-0.8430244404
2.2788319385,-1.1667403096
3.1175401533,-0.5532102457
2.5223529943,-1.1167800848
2.8826720288,-0.7329272949
2.6122687081,-0.9085077810
3.0422746383,-0.4707105336
2.7763474422,-0.6699029146
2.8664658282,-0.7124383288
2.6157447968,-0.9023593057
3.1139690298,-0.4147799868
3.0619665423,-0.9032090404
2.4118307775,-1.0650032414
3.0454911714,-0.8492868222
2.2608598147,-1.1807417735
3.0982147184,-0.5678123842
3.1152616122,-0.8450758626
2.4592068600,-1.1761216132
3.0347831344,-0.8297223740
2.2386430736,-1.2056196372
3.0618098876,-0.5948509797
2.8657424071,-0.9793810797
3.0977613639,-0.4273808490
2.7949149501,-0.8030940884
3.0528047919,-0.7973924263
2.2027798696,-1.2838572282
2.9980263004,-0.6427731547
2.8328815098,-0.6266995892
2.3744716507,-1.0927306712
3.0505469145,-0.8041611555
2.1731002916,-1.2892691713
2.9751554111,-0.6630750528
2.6028534435,-1.1114319211
3.0750952242,-0.8518983959
2.1671746433,-1.2737268802
2.9797281355,-0.6583663066
2.8460120325,-1.0026439837
3.0916696492,-0.8532346415
2.1630529571,-1.2896598156
2.9764195892,-0.6656035725
2.5228561903,-1.1457771218
2.9097252827,-0.5687037655
3.0096634332,-0.9360688135
2.8750986461,-0.7014412524
2.4952833025,-0.9982950493
2.4448580775,-1.1333601037
3.0340017418,-0.8434145216
2.2846752026,-1.1651210112
3.1155197692,-0.5506885221
2.9174810712,-0.9600626144
3.1078437312,-0.8492004763
2.2569833705,-1.2642799864
3.0507999775,-0.6071520241
3.0419843858,-0.8515405306
2.2815928343,-1.1682112047
3.1115046565,-0.5543655716
2.9179635404,-0.9540926819
3.0402550826,-0.8470269728
2.2608361309,-1.1830708523
3.0960354008,-0.5715226223
2.7220174951,-0.8668862096
2.7867506796,-1.0103456068
3.0258231208,-0.9195768565
2.7296336334,-0.8157334026
3.1381099474,-0.7246757244
3.0729684313,-0.7760798892
2.7786540269,-1.0306917229
2.4868266039,-1.1268422042
3.0908197119,-0.8489192290
2.1819472349,-1.2891221499
2.9809451620,-0.6584141940
2.8658991131,-0.9950511298
2.9776158428,-0.9362050709
3.0265623655,-0.5877377838
2.8829783054,-0.7325497110
2.6079184884,-0.9117571522
3.0943744030,-0.8488153190
2.1989642461,-1.2851317847
2.9947466317,-0.6456759932
2.4461104536,-1.1162864115
3.0430537008,-0.8481282210
2.2747408669,-1.1706877375
3.1124062725,-0.5577959855
2.4422085380,-1.1295315638
3.0358962003,-0.8420271548
2.2762851638,-1.1677238968
3.1157494207,-0.5536542991
3.0892668658,-0.8512454264
2.1729928207,-1.2893534128
2.9749504571,-0.6634908870
2.5867477707,-1.1190487491
3.0823303534,-0.7686598794
3.0310656034,-0.8428564541
2.3088486106,-1.1422027835
3.0964066768,-0.8499052844
2.1853707241,-1.2878304813
2.9923844150,-0.6509876427
3.0661095610,-0.8536899621
2.1846087680,-1.2451523196
3.0142414122,-0.6327459537
3.0690359702,-0.8516117616
2.1783429137,-1.2539933932
3.0049069793,-0.6419015540
3.0800379618,-0.8506076144
2.1609102320,-1.2852949456
2.9702530993,-0.6645743252
2.5071260995,-1.1539082013
3.0911904492,-0.8492569168
2.1819342638,-1.2891082765
2.9807383534,-0.6591258200
2.8290791445,-1.0110184157
3.0536139497,-0.7986271260
2.1968142264,-1.2861794384
2.9918672023,-0.6503241669
2.4676600287,-1.0865730640
3.1060124132,-0.8485771796
2.2516649220,-1.2656995923
3.0470753234,-0.6087925520
2.5340487493,-1.1096199569
2.4646401756,-1.0854819464
3.1077304914,-0.8462749413
2.3165329689,-1.2413774423
3.0961494775,-0.5676803804
3.0898811368,-0.7603581953
2.4531848649,-1.1333860116
3.0391595053,-0.8465458056
2.2827847129,-1.1687534527
3.1113840852,-0.5557861807
2.7686504988,-0.6777510090
2.9335071662,-0.6622479284
2.1627718456,-1.2894757266
2.9767850808,-0.6640456906
2.5755919282,-1.1203109757
3.1345595850,-0.7262538434
3.0981093188,-0.8477421336
2.2286571258,-1.2752478403
3.0260077940,-0.6272268147
2.5271818405,-1.0258327123
3.0344437244,-0.8284324152
2.2331224415,-1.2041074859
3.0671267105,-0.5924794176
3.0348847391,-0.8157826743
2.1825835930,-1.2524667379
3.0013770112,-0.6394666931
2.7122903686,-1.0424555536
3.0873118474,-0.7627933327
3.0177892350,-0.4886976205
2.4336720204,-0.9290951021
2.7314149525,-1.0309477279
2.8933284982,-0.5845398047
2.2992283267,-1.2458127177
3.0898698786,-0.5749575426
3.0348169089,-0.8432165286
2.2731518579,-1.1732261975
3.1038697932,-0.5587005588
3.0332438589,-0.8342514979
2.2672099418,-1.1770453496
3.1038619197,-0.5646649081
3.0354732651,-0.8491523653
2.3150094389,-1.1375656136
3.0349605821,-0.8305177060
2.2356596433,-1.2013333160
3.0705187753,-0.5892869017
2.8408510700,-0.7722854115
2.9999090041,-0.6096268118
2.6324926193,-1.0716275398
2.8373144873,-0.9891502088
3.0826384518,-0.8509546297
2.1567213662,-1.2841075097
2.9756337236,-0.6650385558
2.5314426688,-1.1409442007
3.0969915370,-0.8523080465
2.1778126691,-1.2896579476
2.9858987963,-0.6579476247
2.9546920066,-0.9559330803
2.5588560228,-0.8362209479
2.5528736020,-1.0046166460
3.0666710574,-0.7840097317
2.4541355545,-1.1800252519
3.0439073368,-0.8181889983
2.1724785773,-1.2603521375
2.9978318091,-0.6475381117
2.5671945406,-0.9901825109
2.9661253047,-0.5296110826
2.4813229559,-1.1278740249
3.0812945497,-0.8490877610
2.1634012476,-1.2869398230
2.9706759821,-0.6651461175
2.4950591229,-1.1601530701
3.0614379245,-0.8514890022
2.1965460455,-1.2347573186
3.0272440915,-0.6229796140
2.4572550826,-1.1331932733
3.0422578097,-0.8480580293
2.2728222926,-1.1767373218
3.1004036253,-0.5642563458
3.0601011605,-0.8529587977
2.2079182523,-1.2308560475
3.0285741795,-0.6197798347
2.7427299966,-0.6993052879
3.0942188982,-0.5369478988
2.4770818727,-1.0741459675
2.8168038183,-0.7907676698
3.1309052739,-0.5107396704
3.0697338901,-0.4495644063
3.0436863791,-0.8526046230
2.2807940007,-1.1639488394
3.1208586713,-0.5495542245
2.2992178275,-1.0275310889
3.1123997547,-0.7491217819
3.0398969633,-0.8515122291
2.3050663058,-1.1460896586
3.0479152728,-0.8073797176
2.1556940707,-1.2863226211
2.9741414913,-0.6654103802
2.5067850569,-1.1517733026
3.1007555054,-0.8458413730
2.2608106644,-1.2632501341
3.0474415327,-0.6038029153
3.0927524159,-0.8529975730
2.1651384653,-1.2902354020
2.9775026358,-0.6646085248
2.5645510039,-1.1263106257
3.0626595624,-0.8521980545
2.1915579066,-1.2443737864
3.0112321285,-0.6322490476
2.6625883998,-0.9164158651
2.5785645583,-0.9855234422
2.5757943297,-0.9826552086
2.8667838739,-0.6011770221
2.1646488826,-1.2756997587
2.9776572688,-0.6584794980
2.8124379128,-1.0155278472
2.4820061394,-1.0679443713
2.4351756413,-1.1281636806
3.0314816651,-0.8405178999
2.2820488178,-1.1666508169
3.1131713400,-0.5519908891
2.5920649061,-0.9739131839
3.0680663516,-0.9041424031
2.3890978003,-1.0788018706
3.0307602031,-0.8336905856
2.2589555905,-1.1857967909
3.0871327634,-0.5726129665
2.6357596344,-0.7759405941
3.0758345855,-0.8522834861
2.1686389302,-1.2732635490
2.9806469318,-0.6583424036
2.8601265162,-0.9973763240
2.7586867403,-0.8366371495
3.0330669319,-0.8451374671
2.2946601427,-1.1566383539
3.1270602508,-0.5412907011
2.4465342230,-1.1337659386
3.0427400980,-0.8477623370
2.2783963431,-1.1684042611
3.1158058579,-0.5557375200
3.0254043559,-0.9194994386
2.7301712020,-0.8151033546
2.6250289019,-1.0739284605
3.0132491335,-0.4940798127
3.0193572982,-0.9180734352
2.7423418437,-0.8087028129
3.1097079761,-0.8478208667
2.3002733200,-1.2452023074
3.0912226357,-0.5732627026
2.5659683361,-0.9971835381
2.9507157828,-0.5376793157
3.1018196080,-0.8495755011
2.2147289760,-1.2792060641
3.0156831719,-0.6332341141
2.6425196668,-0.7708589420
2.6741019552,-0.7510979566
2.7293900768,-1.0311582863
2.7772688730,-0.6726088332
2.8825845412,-0.6966601274
2.4324563806,-1.0476285981
3.0944105541,-0.8488131245
2.1950912959,-1.2866941360
2.9904893954,-0.6513974340
3.0457469113,-0.8064475442
2.1650639945,-1.2850984935
2.9722822408,-0.6649774738
2.5139631463,-1.1522500541
3.1034414895,-0.8491444372
2.2265391476,-1.2752812543
3.0252805928,-0.6261709342
3.0331710167,-0.8471700248
2.3136179998,-1.1378216822
3.0336892162,-0.8310808411
2.2392065953,-1.1974225103
3.0753118323,-0.5847329793
3.0457744002,-0.9126799183
2.5773474564,-0.9335601578
2.4361983330,-1.1280458708
3.0322601405,-0.8408207848
2.2831405432,-1.1664779903
3.1137002354,-0.5522086055
2.4490780048,-0.9156115346
3.0525304899,-0.7991749355
2.1911094331,-1.2873991209
2.9877279893,-0.6531078891
2.6555612193,-1.0619092007
2.7433423766,-0.6975729997
3.0869984177,-0.5421648803
3.0416441367,-0.8065737891
2.1599918003,-1.2831886554
2.9776164042,-0.6650662197
2.5495753259,-1.1337602468
3.0630151132,-0.9060766792
2.4314185073,-1.0460549736
3.0989416379,-0.8467416906
2.2363225632,-1.2729980418
3.0255160977,-0.6218567736
2.8780722341,-0.5945092980
2.1647265621,-1.2900683139
2.9781939852,-0.6616430128
2.6780323101,-1.0720862033
2.6387008552,-0.9315076047
3.0523988641,-0.4631328646
2.9786854521,-0.9316898173
2.9914776398,-0.6166143828
2.8176186170,-0.6399243291
2.5252190279,-0.9758678751
2.6247141912,-0.9426638535
2.8700273385,-0.6019164445
2.1587883648,-1.2760421436
2.9815469633,-0.6589855458
2.8324013436,-1.0039391752
2.6492177356,-0.9269723864
2.3934041852,-0.9576565809
2.8124247448,-0.9995105954
3.1382291897,-0.8427844791
3.1363584414,-0.8948642637
2.1980685530,-1.2848635629
3.0015670226,-0.6451805965
2.4782923125,-0.8977662652
2.4625850158,-1.1317628733
3.0590019025,-0.8523518317
2.2203923780,-1.2167259682
3.0513936838,-0.6063121989
2.9998719011,-0.9242624052
2.8676261753,-0.7114533297
2.6073437865,-0.9092750312
3.0331769235,-0.8440545929
2.3125088105,-1.1409701552
3.0733755891,-0.8530304311
2.1719339816,-1.2614657272
2.9967681656,-0.6487543836
3.0558332105,-0.7980826753
2.1944559050,-1.2853212856
2.9995308648,-0.6454017128
2.8198898038,-0.9926911942
2.2722687572,-1.0446802200
2.5746843051,-0.8239727945
2.8878448937,-0.7290198211
2.5654607007,-0.9449824938
2.8266013048,-0.6356430324
2.4847414312,-1.0065569019
2.1038821268,-1.1597151634
3.0055050478,-0.6403683062
2.8617802810,-0.9804409109
3.1301834139,-0.8476244419
2.6331143704,-1.0952086027
3.1123459485,-0.8493379739
2.3091427172,-1.2420411779
3.0984589011,-0.5686475632
3.0361022447,-0.8471136933
2.2835619467,-1.1648709742
3.1153913852,-0.5497720065
2.5741134907,-1.0958236021
3.0345711521,-0.8295899697
2.2394706587,-1.1993468934
3.0736645158,-0.5878211065
2.7986585810,-1.0021570999
3.1303648925,-0.8789157948
2.2888170694,-1.2516565733
3.0786838470,-0.5857744059
3.0224927857,-0.9169347187
2.7191358944,-0.8266059743
3.0291863850,-0.8358642056
2.2899030776,-1.1632821444
3.1190361087,-0.5500555969
2.5443601631,-0.8491155242
2.6813556414,-1.0536880092
2.1333463450,-1.1401885717
3.0340294824,-0.6190729154
2.8943499882,-0.9684231705
3.0355247181,-0.8434287224
2.2901108773,-1.1576533744
3.1300093334,-0.5434657027
2.4615612468,-1.1325555093
3.0468763509,-0.8492797846
2.2516341160,-1.1934388803
3.0774742762,-0.5815493736
3.0541768704,-0.9083505555
2.4928780245,-0.9975891883
3.1401265435,-0.7209783779
2.9476059343,-0.5415976085
2.8115940350,-0.9976123706
3.0476673278,-0.8056045195
2.1547823962,-1.2886768620
2.9727673799,-0.6653651999
2.5075602309,-1.1557673239
3.0839581789,-0.8517760990
2.1580339162,-1.2840256428
2.9762568325,-0.6652622919
2.5305376385,-1.1419133637
3.0737686146,-0.4459868908
3.0358848651,-0.8159902689
2.1829398751,-1.2531245777
3.0010091739,-0.6404083048
2.8645361921,-0.6019341986
2.1666491399,-1.2712635587
2.9879669720,-0.6567846744
3.0476176442,-0.9219073709
2.6034678728,-0.9171603755
3.0281014836,-0.8303042559
2.2594971067,-1.1856162921
3.0874906292,-0.5725552867
2.4873877829,-0.8866847167
3.0404330280,-0.4712884984
3.0352078585,-0.8482963207
2.3151589956,-1.1378951556
3.0341152007,-0.8359922700
2.2635157824,-1.1787812718
3.1009699582,-0.5658159518
2.8888943730,-0.7297723049
2.5733862548,-0.9403399609
2.6241820730,-1.0772136352
2.9763622969,-0.5222356257
2.6692059794,-0.9052509113
2.2135117539,-1.0867845704
3.1086120088,-0.5543887790
2.4560512114,-1.1332066863
3.0413657861,-0.8477115874
2.2723782479,-1.1764273652
3.1005481882,-0.5635559118
3.0364672944,-0.8502738755
2.3030091597,-1.1505998204
3.1356960147,-0.5351565714
2.7252900441,-0.8620515812
3.0726810569,-0.8518031052
2.1713840339,-1.2621618269
2.9960401427,-0.6493751745
2.4673102131,-1.0864375634
3.1062295418,-0.8483080504
2.2571021233,-1.2633920145
3.0520682618,-0.6045589907
3.0613424786,-0.8538456210
2.2019883572,-1.2292770515
3.0338559211,-0.6173335510
2.9999989107,-0.9293144666
2.9104963016,-0.6771734126
2.2245892106,-1.2175132538
3.0463200402,-0.6065979562
2.4755177806,-0.8962072033
2.4609756859,-1.1325179856
3.0465270686,-0.8491064518
2.2501786582,-1.1941408124
3.0763187102,-0.5820245918
3.0253189100,-0.9179065225
2.7123577534,-0.8272985324
3.0484464955,-0.8529159256
2.2607514218,-1.1863462630
3.0872211277,-0.5743154014
2.0265308324,-1.2125799400
2.9234323392,-0.6997429051
2.2337230699,-1.2059865211
3.0657662431,-0.5952967698
2.4453671741,-1.1077210421
3.0490436142,-0.8495859920
2.2414163356,-1.2016799398
3.0663376713,-0.5900198139
3.0307214877,-0.8366894346
2.2651296028,-1.1795007096
3.1008463054,-0.5676937347
3.1326258898,-0.8453721665
2.7960099683,-1.0202118403
3.0628270937,-0.9029661747
2.4056655185,-1.0698599743
3.0389869455,-0.8456291750
2.2785877692,-1.1663819335
3.1177986918,-0.5525180295
3.0621570720,-0.4513909416
2.8414125466,-0.6228492523
2.3298219081,-1.1309317513
3.0312047029,-0.8427902912
2.3068900600,-1.1436067938
3.0555373370,-0.7916720769
2.2533517370,-1.2660862108
3.0409424763,-0.6088518498
2.1695803443,-1.1164690941
3.0700687230,-0.5904512509
3.0748608051,-0.8516600809
2.1655952918,-1.2747113906
2.9784212142,-0.6588232820
2.8068767242,-1.0187808416
3.1083983266,-0.4169426057
2.6492090035,-0.9267082925
2.3592795784,-0.9821172437
3.0543348021,-0.8498775437
2.2166458193,-1.2221378851
3.0392525758,-0.6106478969
2.5703653226,-0.9927439881
2.8025156215,-0.7977571112
3.1393819689,-0.7192033608
2.5840329814,-1.0924152141
3.0625798884,-0.8550090229
2.2135971503,-1.2223466443
3.0440550171,-0.6118595832
3.1020150490,-0.8484758059
2.2464494649,-1.2695458609
3.0338006588,-0.6159879719
2.4438326080,-1.1154631744
3.0418188514,-0.8477855460
2.2692318322,-1.1731941731
3.1081706561,-0.5593782089
3.0518126702,-0.8534037609
2.2500204297,-1.1959358497
3.0746097132,-0.5847691919
3.0548473200,-0.9090796648
2.4991562611,-0.9936708417
3.0662946626,-0.7879389966
2.3634773340,-1.2179524482
2.5313293758,-1.0242725760
3.0249606044,-0.8364123128
2.2932789880,-1.1567039473
3.1319733932,-0.5433627777
2.6254133822,-0.9464468243
2.6379094071,-1.0718538231
3.0055288388,-0.9341350632
2.8743735669,-0.7050662319
2.5391140503,-0.9675260615
3.0568371899,-0.8546133265
2.2337171440,-1.2044025181
3.0670572932,-0.5932343833
3.0322935327,-0.8486009771
2.3110965295,-1.1429223105
3.0926475108,-0.8500633290
2.1854492377,-1.2885564042
2.9837343446,-0.6555776231
3.0620374352,-0.9189806839
2.5044858892,-0.9893060189
3.0311255534,-0.8350312397
2.2716320062,-1.1716277697
3.1104756300,-0.5578903558
3.0128118179,-0.9245686844
2.8258419332,-0.7419504751
2.9395059491,-0.6582492402
2.1882103812,-1.2870798903
2.9939728870,-0.6513805075
3.0740764753,-0.8542082008
2.1706079417,-1.2620092669
2.9958338026,-0.6489644469
2.5209028081,-1.1143885998
2.3549826432,-0.9852794106
3.0466614931,-0.8492214864
2.2523575703,-1.1928253139
3.0782932185,-0.5808977569
3.0724978835,-0.9021700931
2.3497957920,-1.1091088459
3.1068405834,-0.7454221249
2.3422586730,-0.9954017848
3.0341714497,-0.8416527404
2.2858084186,-1.1659893333
3.1150572744,-0.5526326777
2.5181369443,-1.1177335377
2.4965774431,-1.1242649902
3.1145884782,-0.8460731661
2.4013982185,-1.2046767832
2.7357925374,-0.8517391137
3.0306676849,-0.8249672637
2.2284343749,-1.2117937864
3.0526326414,-0.5999913994
2.4404395762,-1.1307353354
3.0338849030,-0.8414112757
2.2853661596,-1.1661825330
3.1147240497,-0.5527462012
2.8883614221,-0.9699299633
3.0863932898,-0.7632863967
2.5365153474,-1.1087286737
2.2855046568,-1.0345848468
3.1378186387,-0.7214309523
3.0548212007,-0.8024911255
2.1750421093,-1.2898796685
2.9846880055,-0.6570698514
2.9832896676,-0.9431108196
3.0119381464,-0.6007758421
2.7567826768,-0.6861261002
3.0087241439,-0.6057113248
2.7526979781,-0.6890326823
3.0237063301,-0.5927180656
2.6210839363,-0.7915280272
2.4656453412,-1.1314638027
3.0534750152,-0.8496552119
2.2172034859,-1.2211054394
3.0403511656,-0.6093606238
3.0903187265,-0.8534951838
2.1611932826,-1.2885886397
2.9757354818,-0.6662764494
2.4967499104,-1.1580015326
3.0687411020,-0.8504924831
2.1775423328,-1.2612246616
2.9927275154,-0.6484348948
2.5396709640,-1.0140739734
2.8787402434,-0.5916053284
2.1879399425,-1.2872429963
2.9866309396,-0.6517140276
3.0866971472,-0.7710779406
2.7906644002,-1.0092361627
2.9230728122,-0.5592093404
2.2546831238,-1.0546953648
3.0647265099,-0.7891591781
2.3371530845,-1.2290172190
3.1253360447,-0.5464293614
2.4460498345,-1.1304867487
3.0380681404,-0.8429125695
2.2793878663,-1.1671743025
3.1173128213,-0.5541726753
3.0707470307,-0.7822577045
2.5289254793,-1.1413597054
3.1077968603,-0.8507225387
2.2470511752,-1.2680194843
3.0423194438,-0.6135678159
2.7963368225,-0.6590046412
2.7465954870,-0.8024381086
3.0624233613,-0.7842427317
2.4077068326,-1.1994765519
2.4912634410,-1.1263894990
3.0961532949,-0.8496755088
2.1844239980,-1.2881487786
2.9914410835,-0.6521771904
3.1328894578,-0.7274062170
2.5619909726,-0.9930707120
2.8490527329,-0.7616046569
2.9155289128,-0.6764677037
2.2065100204,-1.2285110392
3.0363351606,-0.6175344602
2.6298446083,-1.0728297858
2.0519394912,-1.1935164294
2.9561061575,-0.6783348866
2.1902560539,-1.2862582554
2.9963167168,-0.6479666164
3.1025392233,-0.8518525171
2.2035098478,-1.2834145999
3.0055480485,-0.6427987528
2.6859567136,-0.7396616903
2.2191104647,-1.0843154382
3.1130780908,-0.5522056891
2.6199041270,-0.9479347095
2.4616005123,-1.0935084343
3.0838192972,-0.8512143265
2.1564213226,-1.2855757284
2.9747588097,-0.6655569069
2.5080403885,-1.1516756819
3.1021011438,-0.8461202735
2.2676536622,-1.2608744784
3.0530209822,-0.6000721372
3.1199687417,-0.4123454871
3.0573621449,-0.7911414859
2.2685689526,-1.2605794414
3.0536873239,-0.5997820227
3.0320762989,-0.8424802126
2.3059741995,-1.1452465179
2.8555525665,-0.7545534138
2.8491676161,-0.7256447322
2.7689699387,-0.7840844171
3.0324515251,-0.8252023531
2.2166589347,-1.2206897365
3.0405304521,-0.6084804406
2.3395176017,-0.9972842938
3.0330278856,-0.8393744477
2.2804506485,-1.1700503009
3.1093637483,-0.5568252674
3.0340073355,-0.8493820543
2.3075930877,-1.1461120646
2.4911778300,-0.8864360063
2.7330527871,-1.0328216106
2.4133568214,-0.9425084909
3.1269392226,-0.4034885940
3.1154039054,-0.7463575270
2.5075755516,-1.0468826253
2.5344195126,-1.0204707260
3.0484797236,-0.8537917486
2.2711448692,-1.1736177755
3.1084132889,-0.5609374766
3.0338918882,-0.8288986059
2.2368885816,-1.2008446818
3.0713972571,-0.5890453725
2.4890039667,-1.0580646220
3.1086986551,-0.8459950808
2.3284330245,-1.2364593134
3.1068475364,-0.5596470877
3.0305010454,-0.8470048115
2.3216639488,-1.1358976778
3.0380423953,-0.8155534839
2.1770908741,-1.2595060555
2.9938456568,-0.6461992402
2.0749199323,-1.1773138595
2.9787892406,-0.6597353274
2.7329030506,-1.0474575048
3.0412898763,-0.8255998300
2.2011403261,-1.2332192689
3.0302788005,-0.6224883173
2.4811821819,-1.1290113666
3.0743323017,-0.8515016345
2.1629563991,-1.2696347218
2.9872975708,-0.6549499771
2.4399667765,-1.1852470825
3.0577836427,-0.7971600709
2.2114293417,-1.2797634206
3.0137287845,-0.6335658088
3.0442046873,-0.9130880978
2.5881428841,-0.9250712226
2.4523199963,-0.9159486033
3.0862835087,-0.7634663972
2.5376839561,-1.1112749876
3.0555117749,-0.9040944838
2.4466669185,-1.0365019185
3.0625306326,-0.7891196482
2.3271314876,-1.2373612660
3.1051444008,-0.5615951389
3.0485590777,-0.8025570735
2.1715877661,-1.2893953126
2.9743579806,-0.6630607988
2.5950204296,-1.1145254722
3.0278756812,-0.8435083902
2.3182491112,-1.1383045563
3.0315393137,-0.8437718303
2.2960372656,-1.1554096951
3.1287138440,-0.5398877462
2.5458355412,-1.0135727350
2.6441063621,-0.7714571398
3.0481585600,-0.8510052055
2.2481058374,-1.1898637670
3.0853354483,-0.5767452595
2.5602337331,-1.0010138575
2.6309356045,-0.9399897063
2.0581317237,-1.1911810095
2.9533528210,-0.6769270791
2.2022542598,-1.2838810306
2.9975539907,-0.6434335367
3.0975060387,-0.4250314181
3.0552423095,-0.7978092068
2.2085085644,-1.2829109611
3.0013013118,-0.6425673408
2.4894046802,-1.0588631028
2.5397861852,-1.1090380353
2.7448633100,-0.8432112979
3.0386009832,-0.8508526861
2.2962179358,-1.1508915978
3.1385616194,-0.5351073972
3.0311840870,-0.8479480947
2.3137831570,-1.1407140097
3.0722330568,-0.8534792541
2.1783521133,-1.2557685406
3.0035681751,-0.6440847375
2.5912444362,-0.8141105669
2.6856117264,-0.8962681304
3.0368058374,-0.8214478751
2.1956372275,-1.2355678014
3.0262542639,-0.6236925367
2.7788244846,-0.8219137092
2.7850915268,-0.8125052889
3.0448731033,-0.8486106078
2.2567221989,-1.1888539861
3.0834934963,-0.5765250779
3.1219814305,-0.4070219191
3.1299730646,-0.7311472275
2.2363913283,-1.0707487508
3.1324595118,-0.5356046930
2.4703994757,-1.1318200364
3.0546703334,-0.8516900091
2.2343923571,-1.2042383370
3.0674481770,-0.5932570208
2.7123540389,-0.7213813105
3.0377349582,-0.8219775977
2.2000356685,-1.2391665166
3.0187303022,-0.6282529094
3.0324158819,-0.8234505593
2.2194044263,-1.2204183449
3.0417767454,-0.6091603332
3.0440017874,-0.8525011565
2.2782983541,-1.1658857196
3.1181713571,-0.5515875904
2.4382224871,-1.1243571129
3.0347164476,-0.8427958742
2.2870704159,-1.1648122479
3.1166123089,-0.5512818487
2.4448207145,-1.1334630817
3.0337933446,-0.8434999707
2.2838146092,-1.1653874912
3.1149768336,-0.5507312063
3.1119265286,-0.8453116843
2.3809253447,-1.2131680502
3.0320642346,-0.8277753984
2.2349092417,-1.2068433877
3.0593767687,-0.5951659780
2.0933199175,-1.1655834491
2.9963584466,-0.6459214733
2.8878835699,-0.5867118240
2.2406585935,-1.2688656470
3.0387747885,-0.6137363283
2.4844759259,-1.1271827292
3.0874575048,-0.8487193284
2.1733827549,-1.2898146071
2.9754166159,-0.6618914865
2.6477550534,-1.0900471009
3.0945928342,-0.8525956791
2.1699785320,-1.2904974073
2.9805196192,-0.6620390525
2.6902315340,-1.0684177460
2.5173442247,-0.8689665355
2.7255089164,-1.0320791413
2.3675900479,-0.9771142415
3.0691445850,-0.8506480606
2.1780852689,-1.2611824461
2.9929777341,-0.6485580498
2.4826657491,-1.1275281480
3.0843887349,-0.8487450798
2.1671568056,-1.2892940798
2.9718747756,-0.6641958867
2.5340564565,-1.1420694666
2.4652337625,-1.1312861949
3.0540582718,-0.8492648339
2.2088386171,-1.2272213637
3.0381570526,-0.6170183222
2.4583145453,-1.0924999654
3.0843218235,-0.8493146402
2.1670347138,-1.2884358708
2.9719319772,-0.6649857778
2.5111412278,-1.1533185951
3.0965539408,-0.8497927642
2.1853816199,-1.2879693927
2.9920599595,-0.6519262242
3.0582152883,-0.7955844969
2.2202702414,-1.2770300125
3.0206369825,-0.6288875262
2.8725427616,-0.7455448602
2.7453441213,-0.8033304316
3.0312141699,-0.8219396194
2.2120785434,-1.2250179331
3.0351065655,-0.6129760710
2.4727747458,-1.1313802048
3.0578843164,-0.8520627829
2.2215510472,-1.2151209198
3.0532101477,-0.6044009383
3.0597514060,-0.8545503249
2.2175629718,-1.2174029721
3.0497656448,-0.6061916628
3.0395743565,-0.9105445148
2.5841291927,-0.9307263912
2.5435742860,-1.0139311374
3.0506014631,-0.8021295745
2.1769970434,-1.2892957393
2.9775087337,-0.6615731466
2.6836553451,-1.0748445378
2.3317531300,-1.0001893685
3.0294002461,-0.8345431216
2.2629004678,-1.1813352789
3.0983705290,-0.5696371985
2.9633192352,-0.9418450596
3.0992126823,-0.5335505407
2.7528295892,-0.8409217257
3.0365082497,-0.8147141037
2.1779050777,-1.2580858297
2.9952341567,-0.6447819945
2.7470110340,-0.6927218513
3.0496915323,-0.5723461020
2.9710434055,-0.9383351513
3.0576020194,-0.5640920229
3.0423371044,-0.9116978756
2.5783902361,-0.9306357987
2.5919336254,-0.9750017381
2.2115685915,-1.0887627605
3.1058855006,-0.5573838756
3.0953489088,-0.8485527143
2.2057568768,-1.2830705795
3.0003627302,-0.6409804556
3.0622539347,-0.7924235743
2.2711893425,-1.2578625140
3.0642915215,-0.5953239965
2.4452892623,-1.1337162425
3.0337139086,-0.8438476763
2.2817970550,-1.1662866561
3.1134379069,-0.5512838033
3.1295605529,-0.8444813711
2.7715067303,-1.0354913876
2.4690060877,-1.1317014470
3.0542379060,-0.8511453695
2.2262936996,-1.2092831116
3.0600527790,-0.5975815820
2.9652001654,-0.5260510565
3.0534800108,-0.8543820742
2.2482222791,-1.1922638719
3.0831693829,-0.5805759298
2.8511673667,-0.9810446633
2.4585734251,-0.9105464970
3.0316256673,-0.8403634416
2.2976293532,-1.1516918778
3.1382512480,-0.5370853037
2.1572233231,-1.1257103252
3.0506725758,-0.6000284722
3.1127928098,-0.8453146228
2.4172311281,-1.1951446172
3.1150614568,-0.7419278473
3.0590836278,-0.9037878006
2.4295211305,-1.0507845243
3.0824732114,-0.8508546863
2.1549929566,-1.2852011464
2.9743052961,-0.6651672673
2.5152415017,-1.1477655913
3.1282427872,-0.8413000762
2.8624336499,-0.9944449513
2.8945744572,-0.9655838121
2.6544017600,-0.9178454201
2.5907993966,-0.9696215810
2.4496375309,-1.1336766513
3.0364091881,-0.8456951338
2.2737315582,-1.1724110465
3.1104333979,-0.5601376527
3.0726729819,-0.8545563404
2.1764429274,-1.2564873840
3.0022637153,-0.6443316212
2.8866482255,-0.9690865551
3.1152600286,-0.7454276811
2.9358301087,-0.9484099067
3.0845401333,-0.7666006076
3.0789157436,-0.8509241308
2.1612967282,-1.2832242472
2.9714711360,-0.6638556204
2.5393777258,-1.1391649276
2.4902658487,-1.1272570762
3.0898059085,-0.8513946594
2.1624206729,-1.2895867727
2.9761168015,-0.6656675854
2.5181009823,-1.1478528252
3.1297528635,-0.8425420834
2.8372568415,-1.0067269938
2.6526695836,-1.0654327967
2.5585785769,-1.0005207896
2.5500214913,-1.0060963003
2.8526485941,-0.9794597306
3.0505933758,-0.8527577637
2.2456543060,-1.1979741698
3.0712086670,-0.5860827346
2.9615463609,-0.9410204020
3.0962484539,-0.5343309760
2.5024084805,-1.1237835310
3.1210724683,-0.8473813335
2.4468885686,-1.1811796789
3.0425843601,-0.8134647593
2.1699130439,-1.2710189979
2.9827153392,-0.6564494894
2.9887705178,-0.9459393412
3.0174615202,-0.5948485958
2.4927433658,-1.0607738507
3.0580732695,-0.8539170229
2.2158493780,-1.2173020471
3.0492238526,-0.6053607778
3.0978617532,-0.7543841393
2.4412817125,-1.1126360165
3.0417665525,-0.8478175650
2.2654194096,-1.1810577210
3.0937957032,-0.5679134505
2.4768998538,-1.0696470733
3.0587393040,-0.8513834809
2.2148196315,-1.2207344950
3.0458881026,-0.6099862688
2.4415306037,-1.1263441559
3.0365976054,-0.8428474110
2.2778798069,-1.1667509552
3.1172114709,-0.5527925661
3.0875445725,-0.8493380021
2.1724844835,-1.2902161319
2.9752919887,-0.6602190955
2.7108644000,-1.0599538350
3.0263350561,-0.8382779382
2.3028064823,-1.1506027930
3.1356368911,-0.5350399150
3.0429340968,-0.8496393033
2.2747222104,-1.1749350807
3.1027591844,-0.5621980587
3.0354134038,-0.8184052331
2.1939615426,-1.2436235975
3.0127908482,-0.6320229053
2.5196971053,-1.1169750942
3.0275990909,-0.9188009198
2.7148016034,-0.8270421773
3.0964405804,-0.4279584614
2.5613688104,-0.9935720419
2.4647805343,-1.0854116598
3.1080307110,-0.8462682841
2.3197297372,-1.2400412788
3.0990447163,-0.5654720105
2.9032107976,-0.5756840764
2.6017268481,-1.1121088999
3.0594863104,-0.8529276920
2.2109394535,-1.2283689634
3.0318039964,-0.6174104691
3.0590815185,-0.9060243421
2.4458725861,-1.0334175761
2.5013177560,-1.1239777719
3.1189306304,-0.8474903963
2.4121945431,-1.1968796381
3.1276455531,-0.7301195415
2.0805941881,-1.1756818018
2.9827222220,-0.6580742877
2.8613948302,-0.9930133410
2.4500986987,-0.9176172736
3.1020507753,-0.7573167652
2.5629050077,-1.1024639648
3.1223914135,-0.7391072979
2.7972480428,-0.8056025818
3.0427678904,-0.8184949244
2.1730526922,-1.2584864161
2.9994409085,-0.6455261321
2.4775374709,-1.1283012771
3.0767093854,-0.8484902793
2.1594909864,-1.2842098704
2.9768084676,-0.6656234650
2.5248599929,-1.1451546430
2.7181041588,-0.8700670706
2.6794192719,-1.0548584283
2.5714060081,-0.8277773539
2.8546321494,-0.7573932594
2.8760219151,-0.7069313774
2.5491940936,-0.9559739927
3.0089442911,-0.4938940917
3.0709608541,-0.9023411582
2.3573970058,-1.1027769507
3.0777606680,-0.7711824029
3.1015506176,-0.9037451823
2.2035687609,-1.2272653223
3.0361049155,-0.6151844340
2.1158673762,-1.1527350117
3.0165079010,-0.6323688182
3.0373324826,-0.8330604005
2.2377002915,-1.2003246166
3.0721512830,-0.5885935947
2.4615785991,-1.1320445566
3.0487435784,-0.8488929783
2.2295458124,-1.2093199409
3.0611977378,-0.5989652948
2.6115920294,-1.0830485662
3.0371940945,-0.8448012655
2.2686648856,-1.1770364252
3.0987160480,-0.5628704646
3.0448642641,-0.8532932323
2.2894698986,-1.1591301254
3.1283671916,-0.5456280142
2.9416379909,-0.9466897862
3.0748950509,-0.9011140523
2.3291632662,-1.1250998077
2.0600647562,-1.1894472565
2.9626510223,-0.6749472813
2.2407058193,-1.2702711061
3.0368868247,-0.6179219486
2.6072198944,-1.0822150312
2.6627357502,-0.9141638913
2.5745760243,-0.9866503873
2.5952392052,-1.0867527594
3.0339677187,-0.8255653090
2.2184208657,-1.2151105572
3.0520930132,-0.6030728387
3.0573103002,-0.8534432314
2.2246656345,-1.2171734944
3.0465062722,-0.6065492582
2.4603031449,-1.0883719563
3.0965991430,-0.8470156098
2.2190371618,-1.2790225011
3.0109583840,-0.6332074549
3.0944271641,-0.8484078113
2.2023170081,-1.2839758872
2.9977993100,-0.6426134594
2.6098069678,-0.8005635264
2.6595412324,-1.0636833975
2.2819985648,-1.0363235331
2.8359660510,-0.7698229672
2.9871389990,-0.6199296250
3.0742472893,-0.9006526059
2.3263277171,-1.1266223869
2.4432726566,-1.1332654243
3.0332018998,-0.8427619718
2.2844127104,-1.1650379830
3.1155138906,-0.5504296075
2.7483780198,-0.6935815632
3.0624888291,-0.5659668332
3.0345268844,-0.9129232040
2.6307944409,-0.8951738738
2.8413937537,-0.9875112788
2.8642615189,-0.6022737431
2.1673518241,-1.2702140620
2.9889633277,-0.6559670900
3.1143407914,-0.8990373937
2.1689746911,-1.2731241427
2.9808334801,-0.6584673104
2.8567347587,-0.9990430471
2.8559506615,-0.6101160068
2.2136617923,-1.2262828367
3.0347848806,-0.6148761840
2.0093458893,-1.2222297525
2.9158763795,-0.7105660210
2.3309210251,-1.1246922862
2.5587630988,-1.1041520608
2.3931511230,-0.9559663250
2.4429498654,-1.1233480890
3.0384084792,-0.8444448895
2.2803453240,-1.1656802898
3.1190575626,-0.5521707363
2.3189080114,-1.0103080739
3.0382482231,-0.8152478123
2.1736112550,-1.2622005986
2.9904547925,-0.6482091367
2.3806432579,-0.9689943381
3.0960309173,-0.8505701200
2.1795697182,-1.2893465943
2.9872366891,-0.6567490959
3.0440889152,-0.9222958506
2.6210028479,-0.9027544483
2.8230278795,-0.6358073704
2.4800319127,-1.0116584525
3.0301908533,-0.8444256456
2.3123727858,-1.1379470709
3.0330139720,-0.8298675764
2.2452593375,-1.1996341822
3.0695722248,-0.5884354032
2.5275866038,-1.0291151243
3.0596267191,-0.7888856784
2.3103313455,-1.2432991997
3.0914130273,-0.5702601855
3.0330754678,-0.8255340018
2.2307081305,-1.2123191626
3.0529902530,-0.6017016717
3.0994039078,-0.8492264751
2.2217871262,-1.2785687571
3.0125130096,-0.6331612058
2.8902058068,-0.7305916002
2.5724798615,-0.9361755902
2.5420335776,-1.1066487943
2.4434445173,-1.1110423735
3.0445322996,-0.8487187477
2.2600450848,-1.1863668256
3.0869617773,-0.5740300137
2.8628295745,-0.7516847512
2.8115791233,-0.7508385185
3.0123735084,-0.6005487335
2.4374485841,-1.1270764430
3.0334193487,-0.8415237369
2.2850393769,-1.1658482673
3.1149382736,-0.5520476262
3.0648976965,-0.9030564009
2.3990792653,-1.0758400662
3.0364627916,-0.8388407201
2.2676041037,-1.1762204885
3.1047681073,-0.5635223103
3.0345347792,-0.8268573166
2.2251584025,-1.2104327593
3.0586453352,-0.5987968538
2.3188979046,-1.0112745012
3.0464537617,-0.8098478313
2.1659841102,-1.2817358760
2.9743873972,-0.6638762058
2.5669147456,-1.1282358843
3.0521363616,-0.7975496027
2.1966971219,-1.2858547904
2.9925723514,-0.6482053390
3.0871777179,-0.4359121502
3.0334981525,-0.8425549743
2.2872051948,-1.1582208876
3.1285042871,-0.5430509115
2.6589188742,-0.7609979710
3.0322256036,-0.8418406272
2.3035692805,-1.1473919465
3.0310212120,-0.8477152147
2.3179855728,-1.1381239617
3.0296657068,-0.8415676379
2.2940912442,-1.1565860161
3.1269289410,-0.5409292549
2.6086573029,-0.9609895446
2.4198814808,-0.9377409205
2.7460543679,-1.0264487346
3.0618754426,-0.9037902595
2.4189949340,-1.0599624579
3.0561093086,-0.8516145297
2.2237904728,-1.2123200544
3.0564719901,-0.6011295133
2.4434654656,-1.1309000380
3.0359587784,-0.8421804634
2.2765538821,-1.1674944460
3.1160582952,-0.5534020635
2.4357417983,-1.1313940404
3.0385514242,-0.8432635986
2.2802731295,-1.1668071420
3.1179593041,-0.5539776549
2.4131829067,-0.9431185498
2.2469182105,-1.0600845874
3.0637783472,-0.8520946794
2.1878593404,-1.2420677015
3.0179658744,-0.6297932174
2.6683088477,-1.0575517470
2.1533755163,-1.1258202033
3.0551529644,-0.6007520261
2.4973425764,-1.1224507011
3.1292436649,-0.8409694313
2.9099817162,-0.9747367781
3.0927286003,-0.4302512244
3.1012197848,-0.7517928653
3.0585985871,-0.8525181138
2.2078494420,-1.2297285430
3.0294977876,-0.6181612647
2.8249269030,-0.9910202760
2.8379138891,-0.6266885622
2.3746097975,-1.0916946776
3.0467652293,-0.8070974312
2.1643666980,-1.2862690320
2.9714572394,-0.6650229391
2.5053879150,-1.1557500613
3.0825251280,-0.8510320247
2.1555014771,-1.2847254241
2.9747726158,-0.6650736056
2.5223294172,-1.1446826119
2.6170568304,-1.0790745674
2.5095144602,-1.1212187320
2.0946592125,-1.1674925003
2.9884390423,-0.6491127123
3.0613049189,-0.8520304538
2.1935307990,-1.2418667780
3.0140144609,-0.6296154643
2.7510640487,-0.6912917767
3.0420295310,-0.5801995187
3.0692176069,-0.7794134503
2.5994716001,-1.1118884085
3.0612676189,-0.8519734342
2.1942044742,-1.2414570815
3.0146057703,-0.6293076876
2.4806913846,-0.8937859816
3.0513250935,-0.8053958163
2.1612477738,-1.2894729760
2.9756585803,-0.6653809041
2.5223513928,-1.1453875320
2.7637343365,-0.6826609446
2.9749337383,-0.6267268470
2.4664338092,-1.1323475645
3.0502127371,-0.8507808294
2.2499513763,-1.1909162358
3.0850118284,-0.5791971229
2.4404871957,-1.1120837759
3.0416148662,-0.8476992704
2.2615035938,-1.1834377245
3.0902133615,-0.5699969142
3.0466305371,-0.9117238344
2.5625786181,-0.9443511487
2.0830566323,-1.1751926116
2.9771579599,-0.6579500280
2.8001003143,-1.0212913359
2.6525135661,-0.9241535966
2.0409612459,-1.2018516868
2.9449886029,-0.6878586752
2.1583794138,-1.2797024044
2.9790248855,-0.6620839398
2.6680749332,-1.0776665311
3.1401834974,-0.3944721508
3.0711806912,-0.7787378723
2.6712010447,-1.0785408358
3.0039972220,-0.4953168772
3.0080310823,-0.9225031004
2.8258657802,-0.7446752970
2.9573912316,-0.6410386226
2.6199680895,-1.1031004922
3.0307678076,-0.8395280663
2.2942266346,-1.1536565556
3.1352320318,-0.5387528338
3.1225191441,-0.8448094587
2.5505959613,-1.1311509569
2.8285569333,-0.6314312484
2.4373052596,-1.0462860025
3.1012699835,-0.8496045867
2.2090645348,-1.2813600568
3.0105764527,-0.6379591989
3.0888762179,-0.8501711219
2.1617309205,-1.2904129363
2.9757240216,-0.6646658487
2.5451280238,-1.1342804130
2.4666650226,-1.0842423199
3.1129227189,-0.8459044279
2.3837745463,-1.2122275891
3.0470748689,-0.8059835957
2.1654859737,-1.2871884018
2.9716318307,-0.6650800147
2.5055036474,-1.1558323975
3.0822930638,-0.8511654894
2.1558683789,-1.2840332224
2.9752952404,-0.6648361328
2.5343968172,-1.1392110484
2.6870347575,-1.0506696742
2.6018510404,-0.9626034010
2.1772820923,-1.1119857292
3.0704579318,-0.5860302967
2.8169372048,-0.9978871039
2.4386484759,-1.1221657442
3.0355470386,-0.8438613269
2.2871893895,-1.1646837168
3.1167752128,-0.5511275839
2.4677292696,-0.9016106739
3.1118232694,-0.8486264519
2.3164591819,-1.2383241909
3.1059168229,-0.5619136157
3.0495699961,-0.8030515003
2.1730688674,-1.2891265625
2.9751040853,-0.6634003578
2.5912967959,-1.1169795802
3.0396136440,-0.8136975980
2.1748474186,-1.2643208860
2.9894197044,-0.6509589682
3.0451026948,-0.8054436663
2.1637146373,-1.2863327121
2.9711347481,-0.6649273724
2.5052104228,-1.1555698846
3.0830918583,-0.8507615858
2.1549755277,-1.2861280598
2.9738454130,-0.6654692976
2.5023290150,-1.1537160577
3.0887191380,-0.8473360511
2.1812243440,-1.2891365007
2.9814721772,-0.6553610123
3.0360347484,-0.9261955290
2.6944541942,-0.8468225578
3.0366231756,-0.8174933463
2.1895981945,-1.2484162590
3.0072892960,-0.6367350169
3.0933535545,-0.8516286362
2.1691388648,-1.2907566164
2.9803900672,-0.6606563381
2.7457113798,-1.0422337971
3.1152677753,-0.8470045014
2.4063074270,-1.2020363736
2.2162057845,-1.0846838789
3.1109796158,-0.5537226013
3.1314925725,-0.3994474076
3.0945993508,-0.7612609753
3.1337775418,-0.3996583998
3.0952989149,-0.7646428594
2.5681844703,-0.9895238380
2.9369525967,-0.5481863718
3.0453748859,-0.4665023534
3.0357257032,-0.9126725831
2.6235056149,-0.9009824821
2.4431558746,-1.1316989544
3.0350283101,-0.8421641285
2.2756370080,-1.1671828294
3.1160494658,-0.5524739682
3.1239991078,-0.8480641825
2.4980129882,-1.1571469594
3.0726021497,-0.8500258994
2.1682212986,-1.2719499509
2.9813479735,-0.6569942562
2.9380742034,-0.9649871986
3.0361681968,-0.8415719195
2.2741656738,-1.1696666405
3.1131873287,-0.5558599631
3.0462052269,-0.8094965621
2.1644526961,-1.2828419329
2.9731198506,-0.6641110628
2.5473160761,-1.1366893247
3.0726386415,-0.8537863890
2.1700671404,-1.2611587374
2.9962358389,-0.6478120523
3.0566673143,-0.7949254567
2.2309747951,-1.2756376808
3.0198086913,-0.6281367923
3.1180746901,-0.8484397839
2.3966445142,-1.2032568345
2.4375554634,-1.1242628858
3.0342694961,-0.8426515870
2.2864415251,-1.1648898054
3.1163289898,-0.5511195786
2.8174719221,-0.9944897660
2.5459270063,-1.1049765130
2.9062475768,-0.9604364866
2.9181511931,-0.5641478014
3.0400902525,-0.8485234972
2.2703822798,-1.1757754854
3.1004953362,-0.5616063626
3.0368307667,-0.8269162903
2.2241509589,-1.2133004577
3.0557648870,-0.6026817265
3.1041093954,-0.8508884333
2.2207998903,-1.2773712595
3.0203645236,-0.6301640047
2.8083147384,-0.6492057272
2.6348559355,-0.8879132126
3.1063800732,-0.7468699711
2.6823264402,-0.7433029227
2.9410744628,-0.5454934690
2.6231069443,-0.9424583800
2.6647618671,-0.9107087609
2.6449474436,-0.9260144661
2.2629064496,-1.0528496860
3.0950799558,-0.7557690349
3.1015414938,-0.8887291028
2.1680696900,-1.2687269264
2.9834561017,-0.6538674113
2.5004486286,-1.1542503340
3.0939116702,-0.8510979365
2.1713493297,-1.2903634508
2.9813210020,-0.6617977864
2.7096023829,-1.0600070357
2.8907158044,-0.9645681657
3.0444540183,-0.8521610071
2.2758656694,-1.1736640306
3.1043551318,-0.5606576393
3.0466761115,-0.8034235325
2.1668060797,-1.2888407844
2.9718557112,-0.6642839114
2.5311386214,-1.1434815524
2.5622723811,-0.9975068829
2.0353003669,-1.2079635886
2.9302605278,-0.6974088902
2.2148940687,-1.2262331070
3.0352151209,-0.6155014034
2.6285472172,-0.9436479780
2.9596552525,-0.5314939279
2.4787548687,-1.1282247638
3.0778951140,-0.8487803026
2.1606655550,-1.2846217418
2.9704737711,-0.6643096620
2.5166844000,-1.1494168335
3.1198639451,-0.8451467903
2.5085339702,-1.1555354807
3.0857274639,-0.8517439242
2.1585777485,-1.2860090698
2.9755250210,-0.6660411531
2.5010951602,-1.1557140396
3.0797091978,-0.8495576597
2.1633823524,-1.2842539499
2.9718669430,-0.6646763852
2.5187505292,-1.1495709097
3.1204754079,-0.8461895628
2.4736298948,-1.1676151892
3.0358527003,-0.8451672722
2.2800363229,-1.1683817831
3.1108271451,-0.5539198978
3.1342985921,-0.8841968479
2.2401302547,-1.2707261378
3.0362700262,-0.6184007670
2.9995874257,-0.9251542018
2.8773933650,-0.7047161539
2.5244062411,-0.9743029537
3.1296717318,-0.8831251680
2.2215842189,-1.2763827979
3.0221230764,-0.6270419269
3.0642473450,-0.8548591226
2.2039650755,-1.2301674659
3.0338561519,-0.6193446060
2.6714925943,-0.7498895034
2.7937898811,-0.8068980858
3.0356468636,-0.8279852773
2.2290806222,-1.2138684468
3.0510319979,-0.6033613231
3.0548233260,-0.8531443666
2.2311468390,-1.2108858305
3.0543967896,-0.5997946243
2.7494145471,-1.0221017476
2.5116808934,-0.8728348538
3.0446832217,-0.8519461808
2.2659131941,-1.1802487074
3.0947260715,-0.5668414580
3.0305240298,-0.8218198344
2.2117693494,-1.2246106987
3.0414748131,-0.6143463606
3.0499948004,-0.8524836199
2.2442344524,-1.1984885245
3.0702386537,-0.5862794901
2.8520223789,-0.9828405742
3.0322873746,-0.8390977800
2.2927123780,-1.1563874320
3.1320921539,-0.5425740268
3.0523346535,-0.8538439871
2.2428581993,-1.1949047467
3.0788736864,-0.5824120644
3.0473521497,-0.9126052254
2.5705082938,-0.9393145047
3.1217413610,-0.8839686275
2.1905475588,-1.2876033608
2.9875195303,-0.6525974691
3.0302290674,-0.8389161044
2.2929675943,-1.1544126675
3.1340867876,-0.5394178340
3.0468714224,-0.8121376195
2.1613142127,-1.2764132784
2.9821618875,-0.6607431817
2.7608348338,-1.0370085388
2.7069204063,-0.8747172014
2.7339927658,-0.8521191655
3.0325695640,-0.8484769031
2.3080567872,-1.1451754016
2.9989183892,-0.9254165052
2.8818662573,-0.7013059139
2.4820146333,-1.0072092162
2.7118807381,-0.7206742518
3.0396492067,-0.8153682808
2.1740845220,-1.2633248855
2.9898265965,-0.6496260590
2.4040923247,-0.9485869767
2.4231790140,-0.9390174697
3.0432192533,-0.9090070248
2.5521551632,-0.9552476468
2.4552511913,-1.1333499920
3.0406290442,-0.8473886237
2.2763108149,-1.1735266269
3.1046398322,-0.5606251407
3.0458674116,-0.8047078690
2.1648255917,-1.2874680801
2.9712306876,-0.6649442302
2.5058006614,-1.1553539952
3.0843361643,-0.8507004186
2.1555965514,-1.2874425104
2.9735405225,-0.6658020222
2.4903251238,-1.1593508120
3.0603147535,-0.8495108823
2.1892279540,-1.2456979964
3.0092720496,-0.6331627222
2.6887239664,-0.7382988951
3.0822031433,-0.8512813636
2.1635702387,-1.2855626036
2.9713278400,-0.6650744131
2.5026381720,-1.1569915387
3.0761310413,-0.8514602100
2.1603571580,-1.2733866465
2.9836787811,-0.6579191640
2.9159345491,-0.9698422165
3.1330382710,-0.8405895908
3.0519849543,-0.9211602705
2.5687377641,-0.9381909051
2.8457831749,-0.9879616982
2.6986748933,-0.7302258411
3.0614957675,-0.8504222300
2.1965985169,-1.2415439284
3.0154578395,-0.6302811415
2.4713148227,-1.1301357772
3.0630046706,-0.8497200848
2.1837858299,-1.2517707649
3.0023620505,-0.6390927207
2.4848241341,-1.1261660091
3.1028605560,-0.8501864605
2.2127194111,-1.2805832775
3.0129204379,-0.6372113467
2.4891466074,-1.0654801210
2.9137068339,-0.5660269922
2.9093044142,-0.9604962019
3.1229705452,-0.8454741767
2.5814798571,-1.1211582185
3.0133639368,-0.4899377407
2.6768831116,-0.7459664506
2.6419350351,-0.9274508843
2.4563339487,-0.9131435468
3.0353688983,-0.8144549509
2.1768104396,-1.2577778619
3.0014787169,-0.6458967236
2.7347224573,-1.0297620471
2.6653665185,-0.9116943358
2.6149392432,-0.9523837554
2.4827154427,-1.1274978622
3.0844074665,-0.8487830458
2.1671749549,-1.2892520663
2.9718863008,-0.6642459566
2.5326473940,-1.1427677612
3.0387688707,-0.4730672195
3.0350947748,-0.8274734710
2.2282236192,-1.2085808905
3.0613887957,-0.5972561770
2.8633777951,-0.7514257476
2.8087515423,-0.7531641961
3.0305183320,-0.5869983382
2.8107472946,-1.0018596410
2.5516263264,-1.0079116645
2.9455420901,-0.5415673403
2.8477314366,-0.6148249719
2.2505452526,-1.1919337346
3.0844686935,-0.5805159309
2.7106955262,-1.0395114342
2.4812042388,-0.8943848525
2.6635950332,-0.9101702938
2.6652566752,-0.9078302164
2.8205793007,-0.7884734943
3.1165601612,-0.5220290556
2.4413636810,-1.1132662984
3.0413763356,-0.8477038357
2.2687331281,-1.1787106140
3.0971447674,-0.5656112071
2.4610095935,-1.1329301429
3.0450983861,-0.8491608739
2.2650927849,-1.1778329311
3.1023887666,-0.5650208593
3.0591501155,-0.8541631039
2.2147307130,-1.2188767930
3.0474498448,-0.6072388774
2.5792502912,-0.9855787534
2.4730813750,-1.0754519496
2.6423578356,-1.0695937530
3.0045072130,-0.9273393176
2.8785935394,-0.7012563570
2.4921715975,-1.0033603605
3.0622045464,-0.8528132243
2.2022838899,-1.2308528456
3.0326517104,-0.6196708479
2.7962289557,-0.8055577068
3.0416023741,-0.8183781675
2.1724833745,-1.2576949280
2.9998028985,-0.6443936994
2.9799859334,-0.5170428739
3.0760681916,-0.8521818669
2.1674183206,-1.2744292227
2.9793716116,-0.6590605053
2.8089273976,-1.0187847175
2.9955907766,-0.5037774162
2.8878465514,-0.7316469883
2.5858117547,-0.9250808261
2.5041891028,-0.8762205076
2.2956391605,-1.0269370436
3.0974082171,-0.7560211330
2.6473656269,-1.0656241336
2.4801161246,-1.0677407893
2.4984646115,-0.8781171485
2.4653873564,-1.1318871516
3.0516515137,-0.8500077579
2.2327854020,-1.2092942449
3.0564055927,-0.5980582105
3.0257052624,-0.8374693295
2.2989979680,-1.1530163573
3.1320302087,-0.5372741800
2.9456270639,-0.5441866140
2.4804305335,-1.0689821759
2.6509512035,-1.0662475000
2.4520831772,-1.1020959497
3.0610033295,-0.8512066483
2.1945948842,-1.2357618320
3.0256749329,-0.6236483113
2.7517689918,-0.6922377330
3.0532226536,-0.5690668471
2.8784363227,-0.7403943933
2.6878809152,-0.8472972438
2.5233797100,-1.1151833535
2.9529157782,-0.5382721016
3.1089690694,-0.7471886607
3.1334303972,-0.4013477877
3.0945533953,-0.7579616423
2.6675823380,-1.0578524077
2.5552170825,-1.0043244295
3.0553366808,-0.7981053679
2.1926810725,-1.2857099420
2.9983343624,-0.6459511975
2.2474901348,-1.0627094021
3.0335547145,-0.8471577677
2.3178583485,-1.1355480852
3.0594718117,-0.7964519429
2.2225708118,-1.2763985690
3.0223056840,-0.6279880182
2.7016861385,-0.7319740484
3.0787679779,-0.8521763780
2.1622794222,-1.2745027049
2.9837541392,-0.6594748430
2.8398392661,-1.0028275109
3.0512125355,-0.8522673528
2.2351424790,-1.2055196163
3.0606320298,-0.5933003767
2.4586571912,-1.0930024544
3.0832289874,-0.8497961455
2.1661472562,-1.2868231833
2.9719918727,-0.6654851529
2.4972504439,-1.1601630436
3.0629271590,-0.8521730216
2.1996820063,-1.2337598882
3.0292585254,-0.6227611545
3.0006051207,-0.4989182606
2.8499533169,-0.9839451466
2.6540886101,-1.0639077531
2.0952238873,-1.1678993705
2.9879769050,-0.6512650389
3.0632936282,-0.7901148022
2.3065113140,-1.2426548208
3.0967118242,-0.5692440419
3.0679819774,-0.9023925894
2.3798424718,-1.0913036733
3.0530499529,-0.8069722871
2.1621435757,-1.2894293400
2.9761050984,-0.6654379445
2.5248311867,-1.1445476803
2.7113156201,-0.8702518431
2.5954594284,-1.0856376642
3.0326946157,-0.8295853388
2.2439435954,-1.2003678851
3.0684397280,-0.5890135608
2.5071753476,-0.8740435445
2.7527760394,-1.0204147012
3.0653902622,-0.8523255925
2.1859235205,-1.2506799234
3.0040490836,-0.6384504707
2.5251164536,-1.0260102391
3.0330078546,-0.8274291650
2.2284450227,-1.2064080023
3.0633969228,-0.5940524338
2.5563324333,-1.0051834803
3.1001348763,-0.8510422948
2.1977638793,-1.2846243262
3.0018155263,-0.6441619997
2.4448601818,-1.1323328299
3.0355838084,-0.8427499318
2.2766353453,-1.1666281264
3.1169130944,-0.5520228267
2.4434543180,-0.9224583583
2.9734314231,-0.5189530643
2.4546821649,-1.0972044633
3.0714394017,-0.8505396059
2.1731911557,-1.2669507572
2.9868409278,-0.6534022328
2.9901538750,-0.5105133305
2.4916889395,-1.0600080068
2.7381575265,-0.6999014087
3.1048662734,-0.5330725295
2.6257001277,-1.0740762694
3.0591117264,-0.7925725301
2.2638817262,-1.2634644783
3.0480894758,-0.6061245619
3.0318601292,-0.8380723348
2.2869533913,-1.1603799496
3.1263426845,-0.5464911152
2.4407525123,-1.1327050453
3.0323949228,-0.8416328262
2.2839014508,-1.1654842389
3.1149132900,-0.5509263403
2.4443699049,-1.1285878404
3.0379269589,-0.8427931971
2.2790968681,-1.1673151377
3.1170811230,-0.5542696926
3.0882035017,-0.8525278800
2.1579737246,-1.2891063541
2.9740537189,-0.6658293486
2.4944468503,-1.1577408910
3.0679972677,-0.8495151463
2.1712004826,-1.2653210833
2.9871838770,-0.6510522886
2.6630655290,-1.0598825847
2.4386126970,-1.1320543455
3.0315470478,-0.8409312869
2.2825462831,-1.1660734673
3.1138946361,-0.5512710850
3.0893972176,-0.8510543870
2.1735294623,-1.2895044677
2.9753060348,-0.6629663487
2.6082220462,-1.1089685311
3.0786191881,-0.7703329088
3.1375576576,-0.8930572211
2.2177826149,-1.2780220369
3.0184933469,-0.6305579126
2.5002316453,-1.0518810671
3.0426020707,-0.8523373682
2.2928803951,-1.1556035640
3.1328949352,-0.5413816792
2.4534605040,-1.1011227920
3.0635092975,-0.8514289009
2.1882889506,-1.2420938117
3.0181114574,-0.6299805705
2.9509814139,-0.9441419700
3.1414473433,-0.5061862628
3.0438592144,-0.8501320866
2.2799876655,-1.1665936527
3.1180619266,-0.5535131504
2.1047733404,-1.1575171102
3.0077229818,-0.6371177100
2.6954342826,-0.7327137359
3.0704350395,-0.8489351218
2.1643727269,-1.2729808533
2.9856307310,-0.6586453182
2.9080389128,-0.9751777845
2.9026154189,-0.9644067086
2.5497447767,-1.1039793214
3.0690361854,-0.9019114995
2.3705184885,-1.0985158346
3.0732294785,-0.7847383395
2.5118788253,-1.1507597162
3.1095513307,-0.8458141270
2.3452682693,-1.2287834648
3.1229490846,-0.5465446458
2.6131549979,-0.9553331323
3.0688705813,-0.8508797553
2.1717365266,-1.2586172716
2.9987881782,-0.6453470811
2.4813024737,-1.1295046537
3.0716012527,-0.8524992547
2.1762094342,-1.2573099775
3.0015567706,-0.6452401960
2.4622006550,-1.0866646384
3.1027641387,-0.8463047008
2.2703919621,-1.2599844867
3.0551657970,-0.5987731438
3.1205908028,-0.8468715434
2.4778597376,-1.1649096520
3.0407944010,-0.8473504697
2.2587125587,-1.1846517853
3.0938346680,-0.5731058016
2.4967373324,-1.1235389569
3.1203443603,-0.8439799451
2.5575098852,-1.1318326928
2.4657980532,-1.0813351097
3.1224197113,-0.8424091117
2.6620907886,-1.0825003084
2.6196394538,-0.9480549824
2.5002270475,-0.8790311942
3.0607427289,-0.8519172154
2.1943806392,-1.2408472116
3.0151691362,-0.6285500292
2.9915869377,-0.5102701157
2.4705295948,-0.9005954116
2.8440430614,-0.9829698156
2.5786891067,-1.0963556889
3.0345155910,-0.8209851552
2.2059000300,-1.2330351555
3.0260154055,-0.6219939108
2.3757650944,-0.9715096460
3.0862756566,-0.8506454277
2.1573791166,-1.2889863411
2.9738090083,-0.6658183482
2.4925428975,-1.1584742436
3.0643885026,-0.8495450367
2.1786835853,-1.2566151158
2.9966247687,-0.6433699521
2.6390540802,-1.0722176281
3.0317295371,-0.8345281946
2.2686159936,-1.1744863441
3.1067498084,-0.5611660754
3.0447512902,-0.8101471046
2.1557907555,-1.2794780311
2.9779085243,-0.6617937809
2.6661644720,-1.0775644900
3.1272440329,-0.4034713906
3.1152717953,-0.7469147508
2.9431360691,-0.5469656087
2.6058418047,-0.9608870680
2.4487489529,-0.9150884416
3.0572287759,-0.7948946605
2.2340526284,-1.2746722170
3.0222347362,-0.6265026761
3.1188343087,-0.4124994464
2.4544567807,-1.1333987315
3.0400343814,-0.8469630525
2.2706934333,-1.1712248631
3.1105333615,-0.5568362273
2.9151352482,-0.9564732236
3.0670412160,-0.8498765822
2.1764597821,-1.2606037662
2.9927483767,-0.6473763351
2.6310134697,-0.9357693783
3.0040695367,-0.9263603669
2.8698584812,-0.7068520565
2.5613365231,-0.9485025146
2.5205090039,-1.1179676829
2.4668966137,-1.0829447981
3.1174185166,-0.8446569079
2.4833137104,-1.1663361595
3.0433675942,-0.8484305830
2.2695657376,-1.1739653213
3.1075536184,-0.5607790695
3.0355280551,-0.8236401198
2.2073266762,-1.2251607088
3.0393503333,-0.6134196474
2.4814019612,-1.0742762598
2.8326529367,-0.9891717507
3.0725627160,-0.9016041198
2.3430975896,-1.1138050534
3.1311097071,-0.7240715488
3.0359661500,-0.8255913922
2.2174587709,-1.2176884406
3.0495019808,-0.6065044934
3.1126488255,-0.8458669175
2.3999474214,-1.2035382770
3.0453974561,-0.8078014461
2.1657093240,-1.2827244783
2.9737388449,-0.6642975096
2.5475090036,-1.1371202573
3.1389867285,-0.8449584549
3.0080508383,-0.9349500071
2.8753136340,-0.7059669552
2.5401338045,-0.9617694164
3.0404578800,-0.8460998293
2.2723036398,-1.1768936106
3.1000810117,-0.5642722057
3.0664479332,-0.8525629260
2.1853715375,-1.2519470575
3.0028478385,-0.6398591493
2.6871953980,-1.0487298331
2.5880184779,-1.0888114528
3.0294319879,-0.9175446719
2.6940833184,-0.8424594735
2.6040194299,-0.8008527824
2.7127464459,-1.0373338562
2.8817415007,-0.9735356930
3.0942496313,-0.8498649351
2.1921267479,-1.2872039144
2.9886798148,-0.6518595696
2.8052650473,-0.9991959773
2.4567881486,-1.0998150693
3.0678911260,-0.8522078792
2.1831532294,-1.2492323923
3.0104688147,-0.6375398886
2.7436970255,-1.0250624351
2.0206671151,-1.2147742340
2.9259418095,-0.7042074443
2.2624820348,-1.1814402916
3.0982295541,-0.5693273614
3.0381242517,-0.9110950121
2.5959963607,-0.9215688680
2.8749165327,-0.5947971233
2.1701685594,-1.2888949287
2.9742100993,-0.6618051264
2.6372261839,-1.0940247813
2.4475270815,-1.1122144263
3.0464972931,-0.8496662665
2.2605684613,-1.1815948309
3.0973175367,-0.5690493627
2.4658992386,-0.9027077722
3.0962776192,-0.8504824032
2.1839591197,-1.2880058898
2.9916898190,-0.6507354471
3.0734120173,-0.8527534393
2.1736775581,-1.2668053669
2.9871408726,-0.6534005338
3.0852163772,-0.8531684731
2.1566046886,-1.2851715251
2.9750363386,-0.6654627683
2.5132865694,-1.1493362154
3.1179215267,-0.8437559831
2.5212541491,-1.1480047872
3.1314228429,-0.8438822230
2.8017643517,-1.0174782022
2.9853573576,-0.5130266170
3.0276969806,-0.8340662634
2.2812839414,-1.1686559124
3.1109867738,-0.5549148174
2.5586763573,-0.9963979063
2.7161429164,-0.7182881985
3.0577843292,-0.7952148754
2.2390554279,-1.2725215748
3.0270266284,-0.6219435925
3.0295357569,-0.8464009209
2.3215549459,-1.1355310971
3.0438199834,-0.8069981532
2.1611019828,-1.2847567667
2.9706615757,-0.6642226851
2.5210040999,-1.1474590047
3.1341504190,-0.8427951288
2.9511593760,-0.9615383241
3.0773338405,-0.7813483748
2.6634038788,-1.0810938427
2.1220435524,-1.1495605425
3.0147518572,-0.6297361240
2.4832728650,-1.1270730096
3.0874777261,-0.8479784491
2.1751711699,-1.2899413833
2.9768963642,-0.6596588516
2.7541699219,-1.0412653418
3.0227677702,-0.4831494458
2.4551895605,-1.0924025774
3.0826812776,-0.8480455918
2.1645462197,-1.2895903545
2.9705342572,-0.6639352618
2.5292749862,-1.1432761506
2.4770655111,-0.9001179093
3.1405267985,-0.8421315627
2.0857248478,-1.1711916863
2.9887150990,-0.6518811708
2.6222299824,-1.0792367397
2.4594414613,-1.1328027636
3.0447894420,-0.8487232669
2.2567870290,-1.1886398467
3.0837153538,-0.5762146145
2.0669885579,-1.1849511523
2.9621881570,-0.6694339164
2.3244546856,-1.2366526701
3.1051453281,-0.5587353349
3.0397136116,-0.8514385854
2.3091959104,-1.1433982169
2.2039997523,-1.0942109106
3.0978379559,-0.5639589061
3.1339544308,-0.8422676185
3.0232558893,-0.9319127727
2.7913315157,-0.7665564358
3.1249084716,-0.5166756696
3.1154341657,-0.7408505825
3.1146257789,-0.8485382747
2.3384831171,-1.2298541830
3.1246978248,-0.5490727898
2.5399566431,-0.8512720034
3.0576439398,-0.9075126655
2.4692952739,-1.0162168162
2.5002488302,-0.8780304542
2.8557471123,-0.7561893023
2.8645061162,-0.7154826322
2.6530299156,-0.8752789324
2.5853777885,-0.8183814742
2.8208952057,-0.7858520983
3.0995434208,-0.5326098114
3.1326841999,-0.8446003767
2.8382334640,-1.0012112514
2.5849249600,-0.9758211310
3.0422145857,-0.8522799422
2.2886778244,-1.1578949106
3.1292970753,-0.5432169620
3.0387300817,-0.8381140400
2.2590010174,-1.1843542016
3.0942194910,-0.5727324255
2.8011710491,-1.0022810112
2.1746497362,-1.1109360440
3.0773890311,-0.5820347916
3.0262299146,-0.9195236874
2.7276623641,-0.8173419035
3.0695918965,-0.7855941123
2.4385557926,-1.1842355184
3.0508153673,-0.8010890873
2.1806537671,-1.2891633466
2.9806072900,-0.6573114921
2.9159883010,-0.9733006625
3.1392122818,-0.7250665022
3.0305735655,-0.8254658980
2.2311996745,-1.2095712284
3.0556067306,-0.5977716434
3.0506184342,-0.8540701331
2.2607123405,-1.1819563127
3.0970266931,-0.5696996186
3.0582016235,-0.7933353753
2.2516686688,-1.2681068773
3.0375015834,-0.6143044686
3.0719506797,-0.9024816228
2.3553756823,-1.1048584025
3.0872826102,-0.7630361628
2.4970699824,-1.0581835088
2.9929558153,-0.9270698788
2.9140283790,-0.6761791087
2.2052601495,-1.2280389722
3.0362610077,-0.6163879882
2.4549402358,-1.0927610129
3.0816691058,-0.8481739170
2.1630136582,-1.2889676679
2.9698652687,-0.6644815761
2.5069275368,-1.1536619659
3.0921219564,-0.8488387991
2.1864690536,-1.2884340142
2.9841676737,-0.6559917396
3.0452264314,-0.9256719057
2.6470684409,-0.8795817809
3.1190604876,-0.8457742599
2.4580555428,-1.1745573058
3.0302356420,-0.8327828673
2.2550296155,-1.1884574909
3.0832911460,-0.5751258722
3.0925172576,-0.4308442956
3.0848515251,-0.7688926201
2.4924630236,-1.1260616678
3.0990463834,-0.8493438326
2.1995812215,-1.2840521472
3.0033251173,-0.6428851949
2.5274507545,-1.1141057027
3.0008962506,-0.9279298553
2.8944719052,-0.6884149530
2.3376819563,-1.1235318685
3.0919503090,-0.8513579947
2.1661246645,-1.2910551021
2.9785988941,-0.6612832530
2.6974112398,-1.0632379905
3.0644978713,-0.8528982611
2.1938398916,-1.2442734433
3.0121957653,-0.6329268702
2.0044335414,-1.2242563746
2.9119661414,-0.7135832293
2.3658678869,-1.0970936973
3.0586650105,-0.7912461064
2.2824009200,-1.2547474475
3.0663716876,-0.5894305373
2.4191209112,-0.9381108061
2.5277955915,-1.0264313839
3.0388805808,-0.8229114691
2.2015273808,-1.2327921484
3.0307802475,-0.6220315099
2.8953343800,-0.5807521493
2.3998368786,-1.2039593209
2.1218805101,-1.1483820361
3.0159205719,-0.6270340552
3.1271687001,-0.8480614072
2.5537657991,-1.1318571005
2.8272324221,-0.7818436909
3.0721836413,-0.5540003671
3.0043319885,-0.4959100645
3.0180742930,-0.9200558569
2.7605595291,-0.7897002499
3.0497152456,-0.8506028749
2.2552798861,-1.1872624918
3.0902305917,-0.5757444968
3.0602855538,-0.7889525293
2.3134687121,-1.2422868511
3.0938452818,-0.5688968403
2.8808165367,-0.7337797408
2.6227759916,-0.8997877658
2.9301037059,-0.5546449466
2.8986688277,-0.9641256512
3.0139735268,-0.9230653246
2.8063000646,-0.7559428306
3.0530074432,-0.5712502151
2.7437849991,-0.8468077062
3.0375691834,-0.8504585676
2.3035043667,-1.1511940897
3.1352714100,-0.5363861773
2.6568003531,-0.7639662467
3.0708081295,-0.8515388838
2.1697740486,-1.2675042367
2.9850478357,-0.6529743407
2.3732021236,-0.9733323333
3.0822943572,-0.8498944265
2.1655426164,-1.2858233275
2.9721124529,-0.6654022198
2.5004638547,-1.1586985173
3.0691630137,-0.8522449068
2.1799355355,-1.2525704311
3.0066240687,-0.6406681779
2.5795935142,-1.0952143181
3.0264255505,-0.8365237957
2.2932457583,-1.1580336579
3.1252401507,-0.5429301889
3.0670427282,-0.8533361003
2.1914163061,-1.2421903210
3.0192435946,-0.6312334365
2.4903166123,-1.1263287123
3.0960169058,-0.8491448397
2.1869431972,-1.2873598202
2.9937655317,-0.6495739414
3.0375144591,-0.8244681810
2.2100642546,-1.2247792709
3.0406950940,-0.6139294267
2.4770047351,-1.1288023249
3.0734150130,-0.8493727618
2.1637923482,-1.2764029119
2.9765750753,-0.6597961069
2.7405839480,-1.0473470928
2.9422694600,-0.9498118570
3.0970631871,-0.7613682699
2.6815721398,-0.7422019883
3.0241551708,-0.9205266721
2.7458972045,-0.8035269763
2.5941263003,-0.9720017994
2.6983699758,-1.0467851205
2.4345662240,-1.1194910031
3.0418249351,-0.8471321596
2.2799460439,-1.1670632942
3.1176027226,-0.5542548646
2.5727422393,-0.8241249186
2.8547521607,-0.7550980778
2.8545682863,-0.7214126960
2.7220408692,-0.8202082156
3.0294253017,-0.8418020188
2.3033523018,-1.1449065329
2.6696645704,-0.7545007539
3.0475974564,-0.8018163547
2.1706004116,-1.2897461836
2.9739252688,-0.6623697565
2.6142317256,-1.1048494823
3.0376953155,-0.8477422599
2.2769473610,-1.1700106681
3.1137906387,-0.5577006703
2.7758435958,-0.8200238035
3.1173204258,-0.8445934308
2.4827943551,-1.1665544346
3.0428633788,-0.8481883185
2.2709274630,-1.1728265150
3.1090917809,-0.5595463149
3.0701094442,-0.8537305032
2.1748896269,-1.2554368855
3.0024352609,-0.6425374333
3.0873893380,-0.8994371412
2.2689367065,-1.1760118717
3.1053737881,-0.5639097101
3.0345557145,-0.8292750707
2.2385670617,-1.2001501625
3.0726195882,-0.5886797901
2.4781416208,-1.1283406056
3.0767752921,-0.8488295698
2.1605365860,-1.2832154811
2.9711439369,-0.6636889732
2.5413399897,-1.1379288723
3.0639457234,-0.7892660926
2.3479974052,-1.2278934004
3.1250432348,-0.5454532237
2.5616782099,-1.1023124719
2.8236004907,-0.9914235062
3.0774852405,-0.8519952824
2.1588306870,-1.2754297120
2.9816983957,-0.6593839470
2.8155814926,-1.0116232921
3.0374835145,-0.8506195108
2.3086375050,-1.1477828526
3.1402873895,-0.5331115130
3.0469141472,-0.8534443845
2.2762206633,-1.1692268651
3.1142878069,-0.5561012311
3.0371730185,-0.8219644365
2.1974492588,-1.2343802381
3.0279207365,-0.6227196692
2.0893988185,-1.1675478276
2.9929401001,-0.6484030973
3.0552531708,-0.4590126749
2.4445408391,-1.1164155231
3.0418594456,-0.8476542765
2.2734001998,-1.1707494939
3.1118959456,-0.5572888140
3.0606764244,-0.7874597631
2.3439291700,-1.2281657663
3.1233085443,-0.5444513756
2.6021739250,-1.0849012139
3.0908969846,-0.7608654366
2.2843273563,-1.0355503628
3.1393499826,-0.7192701090
2.9999049443,-0.4985597436
2.8960983908,-0.9646151243
2.3084143761,-1.0173311004
3.0579707272,-0.7928689968
2.2609793303,-1.2636295976
3.0469113890,-0.6051744116
3.0541519858,-0.8549256591
2.2519081765,-1.1901906084
3.0863586889,-0.5789088962
2.7911211772,-0.8071459853
3.0325358094,-0.8297379052
2.2388854648,-1.2032254095
3.0640539960,-0.5912924253
3.0590389113,-0.7933584656
2.2432138176,-1.2681777613
3.0407869118,-0.6122705970
2.9413441632,-0.5482865485
2.6676059053,-1.0568322677
2.6072170408,-1.0810057412
3.0603481990,-0.7898890744
2.3018256859,-1.2475617801
3.0827277784,-0.5781665617
2.5428141358,-1.0148253893
3.1253148715,-0.8434096385
2.7163455546,-1.0580555987
2.8546203450,-0.7609605152
2.9015761335,-0.6842176370
2.2893269777,-1.1633200282
3.1189283503,-0.5495179817
2.8609717116,-0.6072485093
2.1894990948,-1.2485938574
3.0072890132,-0.6363456625
2.4946071302,-0.8818714306
2.4691170344,-1.0870230718
3.1055491680,-0.8495514146
2.2359777265,-1.2722805379
3.0326667843,-0.6213276936
2.9743392999,-0.5204460721
2.7622786470,-0.6818404191
2.9670441772,-0.6357473817
2.9755565983,-0.9461223337
3.0527032845,-0.5700721185
3.1378384870,-0.8427385355
3.1254561677,-0.8981986400
2.1583382657,-1.2885069452
2.9743285139,-0.6663522050
2.4821500026,-1.1640031975
3.0449019525,-0.8486540849
2.2532047542,-1.1910317576
3.0802496126,-0.5784405612
2.6153078774,-1.0799659661
2.4475944994,-1.1334174745
3.0356909711,-0.8443598046
2.2858506777,-1.1652565938
3.1157771133,-0.5514544278
3.0448925262,-0.8153369367
2.1694528741,-1.2659283817
2.9925901581,-0.6528550050
3.1003179701,-0.7535437165
2.4595304896,-0.9127035071
3.0358042750,-0.8180554882
2.1917869873,-1.2456948788
3.0102934314,-0.6339765193
2.5729497849,-0.8245589651
2.8870268411,-0.7286707264
2.5619704285,-0.9467404992
2.5122685682,-1.0440757464
2.5451705647,-1.0085701889
2.4431254835,-1.1328756373
3.0336254920,-0.8425299047
2.2854866734,-1.1649626634
3.1159423495,-0.5507996052
2.8352946409,-0.6282646278
2.3822268713,-1.0834859913
3.0314980135,-0.8259288754
2.2211649307,-1.2163310329
3.0520365748,-0.6059837075
3.0818963211,-0.7684686667
3.0441233055,-0.8121914442
2.1599609719,-1.2740671098
2.9831013505,-0.6583128478
2.8872793986,-0.9814584479
3.0412679162,-0.8517283653
2.2859202282,-1.1591434361
3.1271826393,-0.5439994207
3.0401023253,-0.8514523559
2.2968299059,-1.1569836701
3.1274263170,-0.5428944303
2.2365442012,-1.0705259945
3.1327494669,-0.5352249797
3.0863690543,-0.7700916031
2.5299232071,-0.8565427989
2.6864484268,-0.8964957979
2.4519833111,-1.1333630082
3.0384765281,-0.8459745521
2.2742369276,-1.1683173553
3.1144941485,-0.5536996358
2.5808014949,-0.9797388029
3.0462849607,-0.8536105520
2.2841911058,-1.1635273582
3.1223934677,-0.5504254292
3.1255621347,-0.7347827037
2.8056310746,-1.0019899901
2.9607001275,-0.9429373811
3.1118600631,-0.5242411238
2.5405521685,-1.0172924250
3.0793528834,-0.8507210056
2.1611746586,-1.2840857883
2.9709677929,-0.6642105343
2.5240922197,-1.1462087088
3.0200405281,-0.9213821636
2.7688577387,-0.7852415059
3.0319683982,-0.8333740696
2.2563421777,-1.1888562579
3.0833716308,-0.5763298859
3.0619548194,-0.9074740640
2.4523197255,-1.0308454226
3.1176901094,-0.8483930558
2.3926388531,-1.2049798556
2.8206274696,-0.9923616792
2.6524635273,-0.7662355833
3.1281423604,-0.8469973880
2.6138899118,-1.1031436173
3.0329602842,-0.8210888591
2.2070095526,-1.2306623812
3.0284200619,-0.6190857977
3.0621358803,-0.7952243908
2.2425159242,-1.2699472526
3.0380621435,-0.6174474785
2.4386591449,-1.1194590490
3.0363513239,-0.8449894794
2.2844619626,-1.1662518374
3.1143540728,-0.5524526696
2.4667468323,-0.9053983236
3.0474620166,-0.8518352121
2.2490696960,-1.1935176668
3.0765055784,-0.5805780019
3.0663261747,-0.9025234631
2.3875567132,-1.0848181759
3.0412111731,-0.8228858951
2.1914933209,-1.2414661075
3.0198760216,-0.6302167586
2.4423188392,-1.1331608852
3.0327451677,-0.8423857374
2.2840858358,-1.1651035236
3.1153425780,-0.5503862017
2.7103500842,-0.7237962752
3.0374079238,-0.8413870253
2.2745577127,-1.1707651895
3.1122760364,-0.5578246818
3.0504204421,-0.4612900123
2.9484957531,-0.9456596460
3.1410395163,-0.7199196668
3.0559474856,-0.8522441773
2.2144925754,-1.2231220174
3.0376067080,-0.6112426136
2.5718124965,-1.0969974604
3.0493589554,-0.8086043875
2.1582886381,-1.2850580563
2.9759063432,-0.6655058753
2.5200849862,-1.1467319140
3.1379059677,-0.8408906886
2.9428954657,-0.9451332366
2.0028805706,-1.2243356115
2.9112522714,-0.7130401562
2.3602185370,-1.1003884318
3.0751542674,-0.7838243966
2.5590746512,-1.1293470818
2.5596425456,-1.0006782249
2.9643540497,-0.5291247670
2.4541340551,-1.1330570123
3.0404483777,-0.8463186928
2.2800176208,-1.1663458277
3.1183111410,-0.5531137006
3.0531363763,-0.8535173140
2.2349047059,-1.2008939563
3.0706289746,-0.5883450943
2.4427693810,-1.1250736852
3.0378492054,-0.8436664646
2.2797772220,-1.1661187533
3.1184493658,-0.5526268578
2.7018794382,-0.7295336806
3.0575413352,-0.8510729388
2.2087185263,-1.2235670339
3.0412034866,-0.6117210343
3.0721429590,-0.7826364686
2.5361368601,-1.1388628351
2.6202594384,-0.7893360364
3.1100190900,-0.4184689991
3.0477118524,-0.8025545846
2.1697747875,-1.2894334629
2.9733797364,-0.6632805881
2.5776624261,-1.1220990964
2.8105333817,-0.7926900343
3.0618783592,-0.7956858457
2.2406593882,-1.2702885123
3.0369738709,-0.6175617345
2.4813615016,-1.1277990293
3.0817891758,-0.8489286645
2.1636790853,-1.2876463078
2.9705504774,-0.6650847196
2.4957821196,-1.1596921276
3.0631371698,-0.8514461557
2.1897455804,-1.2407842222
3.0197273314,-0.6287426253
3.0727827424,-0.8528019055
2.1756361434,-1.2648031796
2.9893612355,-0.6518458321
3.0392941027,-0.8483735382
2.2844223953,-1.1663974336
3.1141977302,-0.5526807817
2.7207222964,-0.7135250740
3.1284105961,-0.7274440062
3.0594323627,-0.7955296077
2.2264363236,-1.2751604874
3.0253610583,-0.6259055206
2.6356363437,-0.7773361542
2.4505545042,-1.1335074632
3.0373371901,-0.8456065028
2.2836269220,-1.1672261438
3.1131358086,-0.5536694270
2.3091695112,-1.0205057240
3.0736619253,-0.7824036787
2.5791162294,-1.1186150936
3.0781427028,-0.7754254472
2.8741621278,-0.9867582485
3.0579868138,-0.8532608560
2.2194889663,-1.2212341065
3.0410794833,-0.6104542503
3.0267827193,-0.8364926348
2.2929954893,-1.1585552565
3.1246487615,-0.5436792371
3.0253805059,-0.9180092447
2.7132276063,-0.8267327761
3.0360359074,-0.9159926652
2.6526834131,-0.8751960025
2.5769566358,-0.8246493100
2.8893411994,-0.7311843269
2.5797841644,-0.9304409577
2.6180510382,-0.9460928115
2.4431873748,-1.1248330351
3.0382165100,-0.8438726314
2.2802939055,-1.1659853627
3.1187494475,-0.5526452625
2.7296644984,-1.0336976604
2.8911292570,-0.7290760716
2.5546641929,-0.9492323524
3.1021688880,-0.8488710286
2.2428378307,-1.2711576749
3.0302980030,-0.6192897993
2.3490174453,-0.9913302160
3.0390935479,-0.8457881703
2.2780059185,-1.1667188711
3.1172821074,-0.5528038868
3.0915205224,-0.8488412907
2.1870963859,-1.2879728848
2.9858308854,-0.6520279351
2.7004708580,-0.8847182889
3.0309619638,-0.8420717353
2.3061309578,-1.1444168900
3.0440773421,-0.8057926838
2.1608124790,-1.2866405098
2.9696776216,-0.6645467983
2.5029450211,-1.1554706833
3.0819158614,-0.8498845751
2.1652491742,-1.2855241160
2.9721088215,-0.6653196465
2.5027013930,-1.1576045062
3.0741141240,-0.8520614246
2.1673746200,-1.2660557212
2.9916151012,-0.6524778936
3.0516614143,-0.8049346405
2.1617287550,-1.2904032840
2.9758553316,-0.6642039448
2.5611670268,-1.1265459435
3.0041865271,-0.4985644502
3.0725693037,-0.9032238409
2.3616539390,-1.1009215405
3.0734683267,-0.7775207345
2.7425155521,-1.0473229779
2.9022001989,-0.5758695082
2.5499588414,-1.1314180639
2.8035593806,-0.6506232189
2.6561842486,-0.8750235281
2.4872948469,-0.8878486198
3.1331561432,-0.8469979825
2.7273993129,-1.0524084446
2.4455127349,-1.1069176011
3.0500779512,-0.8496237346
2.2352209366,-1.2065264969
3.0597560693,-0.5948623017
2.4516983112,-1.0958212488
3.0725356022,-0.8487734949
2.1613492367,-1.2775493242
2.9814254863,-0.6618308963
2.7061470270,-1.0618153440
2.9174362672,-0.9552667626
3.0504478151,-0.8492982126
2.2288404313,-1.2111274630
3.0533525017,-0.5992106900
2.3845521866,-0.9638738153
3.1198846205,-0.8442809243
2.5381891681,-1.1409968739
2.9783046827,-0.9347759452
3.0130197907,-0.5968469366
2.5846660773,-0.9770074740
2.5718141863,-1.0956078266
3.0313814505,-0.8314334196
2.2517874770,-1.1870841756
3.0891974479,-0.5739025368
2.9213124471,-0.5607420946
2.5064989091,-1.1553272354
3.0851726681,-0.8507954731
2.1564223291,-1.2879024427
2.9737357384,-0.6659198752
2.4888339534,-1.1602410552
3.0569250534,-0.8496107156
2.2019270848,-1.2341662992
3.0235482475,-0.6221561034
3.1030045788,-0.8943171887
2.1856139940,-1.2481162544
3.0122723917,-0.6370644952
2.9745689959,-0.9342822427
3.0227997612,-0.5939325222
2.8102549944,-0.9968556665
3.0549139771,-0.7994309196
2.1847672912,-1.2879171278
2.9918665796,-0.6516167976
3.0353518049,-0.8232619945
2.2055247318,-1.2264165960
3.0376139325,-0.6145297006
2.9780142188,-0.5187759763
3.0700414211,-0.8546849691
2.1849033711,-1.2482482007
3.0119208907,-0.6368865557
3.0818500110,-0.8527694940
2.1548239847,-1.2825319455
2.9756544329,-0.6638158392
2.5701601368,-1.1220256951
2.4492828548,-0.9164843319
3.0928359731,-0.7645602362
2.5036953912,-1.1212488282
3.0296178647,-0.8270834637
2.2415644351,-1.2008593762
3.0671529686,-0.5887662925
2.7768226839,-0.6703053800
2.8632899332,-0.7144095300
2.6395091899,-0.8834987213
2.4378119659,-1.1195769487
3.0357083755,-0.8447071686
2.2838515232,-1.1662392404
3.1141638782,-0.5521511652
2.8016683842,-0.6529938258
2.6860108523,-0.8481658643
3.0752234794,-0.8967304864
2.2917266737,-1.1577418310
3.1304153459,-0.5444827422
2.4995675834,-1.0504448613
3.1042790227,-0.8474735385
2.2777378033,-1.2568176472
3.0620017891,-0.5930532135
2.2073667328,-1.0871291301
3.1115817350,-0.5550470791
2.9296647252,-0.9546021894
3.0368825192,-0.8412283760
2.2738661630,-1.1708160509
3.1119946324,-0.5575941952
2.5651765972,-1.1003025410
2.1520024169,-1.1298785196
3.0441216969,-0.6075148538
2.4421940029,-1.1232192818
3.0378851984,-0.8443083269
2.2795567292,-1.1657772984
3.1187013872,-0.5519684674
3.0303879532,-0.8449883786
2.3132227949,-1.1371609420
3.0393028430,-0.8177294903
2.1854421617,-1.2536647392
3.0015835193,-0.6419193315
2.4483749912,-1.1328959707
3.0371436301,-0.8441160626
2.2784304998,-1.1659188377
3.1181900338,-0.5516846100
2.9751211068,-0.5177771016
3.0285035675,-0.8421238178
2.3156670631,-1.1415994261
3.1089649661,-0.8463205591
2.3336271581,-1.2337817999
3.1122397675,-0.5547577096
2.6852813793,-0.7418785805
2.5388762954,-1.0163172675
3.1048784176,-0.8508838788
2.2251994163,-1.2759388589
3.0238878598,-0.6276655740
3.1050021851,-0.8473114850
2.2866021965,-1.2531503086
3.0700152617,-0.5867245500
2.7984282670,-1.0041115302
2.5537398626,-1.1033426120
3.0435200363,-0.8495519596
2.2637333607,-1.1824090336
3.0919434499,-0.5693381569
3.0672653994,-0.9024615190
2.3833663434,-1.0883704388
3.0469012147,-0.8146498421
2.1626943927,-1.2731563826
2.9848463899,-0.6582207129
2.9180944146,-0.9701330057
3.1299264668,-0.8421333254
2.8626755102,-0.9956914940
2.4964288111,-1.1246078124
3.1118967654,-0.8469988445
2.3345609821,-1.2303727248
3.1226787818,-0.5487697541
2.8712297199,-0.5992709121
2.1551391884,-1.2822995925
2.9762365472,-0.6626178853
2.6283880402,-1.1001295040
2.4420059455,-1.1083280507
3.0461081379,-0.8485453709
2.2400101796,-1.2004971321
3.0728052333,-0.5898682632
2.6136834396,-0.9520368106
2.5184748687,-1.0324581636
3.1137645325,-0.7436401037
2.5325986166,-1.1132708014
3.1263888241,-0.7286739612
2.3851491873,-0.9628723642
3.1269500437,-0.8417743966
2.8017459118,-1.0205134099
3.0279855064,-0.8405162818
2.3118392542,-1.1447666329
2.8675844701,-0.7485992724
2.7788337769,-0.7766840844
3.1104581410,-0.7423546102
3.1181653071,-0.8466594000
2.4586195726,-1.1782217366
3.0406999124,-0.8243143220
2.1981115633,-1.2355921673
3.0271765947,-0.6246468696
2.9941669642,-0.9261984189
2.9024531017,-0.6846338598
2.2842597447,-1.1614430409
3.1245453000,-0.5466658126
2.5270507041,-1.0234235321
3.0298411115,-0.8440599872
2.3206470353,-1.1382277296
3.0361652107,-0.8467227825
2.2949649836,-1.1581477630
3.1256834523,-0.5439445093
2.4558287752,-1.1761793063
3.0322205872,-0.8289753665
2.2359878000,-1.2053388179
3.0611142723,-0.5933216092
2.5025092405,-1.0499497617
3.0341356994,-0.8491488249
2.3179598823,-1.1399522078
3.0618720831,-0.8512608490
2.1969646894,-1.2409832954
3.0160518094,-0.6296638189
2.8341324650,-0.7720053659
3.0046937315,-0.6072792618
2.6912621622,-1.0483463628
2.8448740412,-0.9844604641
2.4480048365,-1.1023702488
3.0579015194,-0.8499120295
2.2021272108,-1.2347934610
3.0231021207,-0.6231025482
2.5522764220,-1.1045659836
3.0662422189,-0.8547112716
2.1965295954,-1.2369820633
3.0254137598,-0.6260483502
3.0317464291,-0.8346576710
2.2693059193,-1.1739702386
3.1074711779,-0.5606409683
3.0340256432,-0.8257491699
2.2193891822,-1.2144163168
3.0530525751,-0.6024280899
3.0747800788,-0.8527207686
2.1717891304,-1.2695966966
2.9844245104,-0.6557143875
3.0587273656,-0.9210941797
2.5424686277,-0.9607669636
2.4895084074,-1.1254402242
3.1020988329,-0.8463300092
2.2646318005,-1.2622257392
3.0501329344,-0.6026151965
3.0543756915,-0.8521145756
2.2186277043,-1.2190694323
3.0426422986,-0.6069420171
2.4502697824,-1.1334991776
3.0371153041,-0.8455601109
2.2828779790,-1.1675157660
3.1126073995,-0.5538011343
2.4455115619,-1.1052170093
3.0521906252,-0.8495292041
2.2215702540,-1.2172002709
3.0453540683,-0.6053466313
3.0799846620,-0.4403441722
3.1315371975,-0.8428939321
2.8810561237,-0.9886830663
3.1033785886,-0.4228304968
3.0281470416,-0.8436466842
2.3209459077,-1.1367689712
3.0308057606,-0.8296999283
2.2454674069,-1.1974637474
3.0716280370,-0.5851585528
3.0610876157,-0.9050373945
2.4263267444,-1.0483031010
3.0974695514,-0.8506377764
2.1844520800,-1.2884240341
2.9907130243,-0.6543548437
2.4804070009,-1.0680769475
3.0579781014,-0.7940742257
2.2440983174,-1.2710680842
3.0307700407,-0.6198610470
2.5137302867,-1.1197674529
2.7623061556,-0.8299647872
2.6081643380,-0.8025801925
2.5248076190,-1.1161419076
3.0528743049,-0.8019557900
2.1701712237,-1.2905015413
2.9811392965,-0.6601761735
2.7763837104,-1.0287833177
2.4367934219,-1.1152123297
3.0453730623,-0.8492271015
2.2707714897,-1.1745153395
3.1074434094,-0.5622109141
3.0521687728,-0.8042574184
2.1640810488,-1.2902483118
2.9770912744,-0.6641808270
2.5744100830,-1.1211476222
3.0001701986,-0.9231729872
2.8557235121,-0.7196510499
2.7042416253,-0.8333875638
2.5365671597,-1.1119198048
2.9305677697,-0.5545925316
2.7361768209,-1.0326802515
2.5722061381,-0.8264093678
2.8762904862,-0.7390402072
2.6828837396,-0.8548182502
2.7089423640,-0.8762957402
2.1979602670,-1.0940115244
3.1015096518,-0.5634468313
3.0372051431,-0.8505667522
2.3112953449,-1.1459011557
3.0750747152,-0.8507967516
2.1670545027,-1.2748389979
2.9789543094,-0.6593182352
2.7917835552,-1.0261156275
2.9638302984,-0.5280255896
2.7107323568,-0.8744505225
2.6666822471,-0.9097338048
2.6888877409,-0.8906007894
3.0385798401,-0.8506750439
2.2927999171,-1.1586564167
3.1244750354,-0.5437861658
2.9340173605,-0.9514163446
3.0469956551,-0.8102726154
2.1541205225,-1.2831826015
2.9750360401,-0.6638549499
2.5627465878,-1.1251116914
3.1035556495,-0.8891878782
2.1687840526,-1.2701315112
2.9827785979,-0.6555063184
3.0428086759,-0.9252067371
2.6504812266,-0.8757025008
2.7683172755,-0.6792661983
2.9422351511,-0.6508913933
2.2782109356,-1.2559303030
3.0691573908,-0.5934215993
3.0583859222,-0.8530102460
2.2147254540,-1.2248161574
3.0362378207,-0.6137845741
3.0385687108,-0.8275583389
2.2111111281,-1.2226028290
3.0429327053,-0.6111988791
2.5628127091,-0.8329252907
2.6664861727,-0.9089909743
2.7300763818,-0.8562586730
3.0000922399,-0.9232928733
2.8571674198,-0.7186299785
2.6924932695,-0.8425528257
2.7475362761,-0.6962513806
3.0784630154,-0.5502948795
3.0437423515,-0.8495099174
2.2602597863,-1.1848177618
3.0884873991,-0.5716589316
2.5099078679,-1.0429359398
2.4375928211,-1.1303705601
3.0321257402,-0.8406694080
2.2828216325,-1.1666683152
3.1134105798,-0.5523745289
2.6828755374,-0.7427807031
3.1399508742,-0.8419521690
3.0328763189,-0.8203905524
2.2035653363,-1.2333102952
3.0249041309,-0.6215027577
2.6833188241,-0.7426119887
3.1221970046,-0.7338810178
3.0362750163,-0.4749832508
3.0480554247,-0.8075903674
2.1560151519,-1.2860496923
2.9744123717,-0.6653993209
2.5095500862,-1.1506434593
3.1083424070,-0.8448548071
2.3519248334,-1.2248891785
3.1304785879,-0.5391917647
2.5818906037,-0.9785204262
2.4205412969,-0.9397237316
3.0092526848,-0.9259731221
2.8510833658,-0.7226815399
2.7466111036,-0.8065557903
3.0346549972,-0.8252941610
2.2138365850,-1.2245936187
3.0361197500,-0.6130532779
3.0531957713,-0.8008684872
2.1887120897,-1.2878485536
2.9860857950,-0.6540391757
2.9420352934,-0.5457491805
2.5449835551,-1.0116571276
2.4730923042,-0.9024327790
3.0899891150,-0.8502677351
2.1765662792,-1.2897017866
2.9774661687,-0.6604140240
2.7295954047,-1.0532119471
2.4445707091,-1.1319748950
3.0356691471,-0.8426610658
2.2767037037,-1.1667387044
3.1168302040,-0.5522349630
3.0971268189,-0.7557981497
2.8029331821,-1.0016983885
3.1248325518,-0.8469783343
2.5500424050,-1.1320840475
2.8006308026,-1.0058668705
2.4438011884,-1.1177460607
3.0407363902,-0.8469926090
2.2756112549,-1.1688234962
3.1144714964,-0.5551533612
3.0808346202,-0.8990246581
2.2858956101,-1.1594166431
3.1268756343,-0.5445382868
3.1369356638,-0.8839148057
2.2622222369,-1.2624381552
3.0551076393,-0.6041436836
3.0639832593,-0.8548418428
2.2047090983,-1.2294482768
3.0347367403,-0.6186107196
2.5058198539,-1.1210263108
2.6196007674,-0.7928188587
2.8217033021,-0.9974273973
3.1157415234,-0.8461458340
2.4366251261,-1.1874884858
3.0694378792,-0.7865453360
2.4299456828,-1.1877308117
3.0648330765,-0.7848703685
2.4304206277,-1.1896418248
3.0795722491,-0.7750933717
2.9419415688,-0.9589068060
3.0678988491,-0.7804187522
2.5714463895,-1.1237691274
3.0587175408,-0.7934012401
2.2576592854,-1.2655692175
3.0430768266,-0.6094384506
2.5807122405,-0.9791070101
2.1944553878,-1.0996368476
3.0889586249,-0.5701214919
2.7569270971,-1.0215186727
2.4362890216,-1.1251339783
3.0331154781,-0.8419775222
2.2848978584,-1.1652810173
3.1154396408,-0.5510511506
2.5314650092,-1.0198495154
3.0533278011,-0.8533427516
2.2431202128,-1.2017813170
3.0668476404,-0.5908976852
3.0623764379,-0.7957147891
2.2466395954,-1.2677687670
3.0424843617,-0.6127413492
2.5011381245,-0.8774615500
2.7600612242,-0.8339197166
2.0258082483,-1.2094761802
2.9324007822,-0.6961636943
2.1936149345,-1.2368170055
3.0245562008,-0.6243554338
2.5201714602,-1.0367182597
3.1338890197,-0.8419123257
3.0115225248,-0.9369781364
2.8784179847,-0.7003073668
2.4808953903,-1.0109840291
2.4473521169,-1.1066459663
3.0516484538,-0.8501856789
2.2361849203,-1.2070304961
3.0596490688,-0.5960271576
3.0450351351,-0.4681582915
3.0518777730,-0.7985939838
2.1939175463,-1.2862454850
2.9911057523,-0.6479876717
2.8998424658,-0.5770054948
2.5127480149,-1.1530525602
3.0987406968,-0.8500102389
2.1933708729,-1.2860943693
2.9979082995,-0.6480227927
2.4671743598,-1.1312580664
3.0554149819,-0.8498701340
2.2115644432,-1.2264026793
3.0337096733,-0.6148362978
2.7071436510,-0.8771113927
2.4024894199,-0.9485703472
2.5056115164,-0.8786459638
3.0486341565,-0.8080217887
2.1570392969,-1.2856187774
2.9750760453,-0.6654581128
2.5138767886,-1.1490772682
3.1197682244,-0.8434656317
2.5654116309,-1.1275724364
2.9495703144,-0.9419699513
3.1285518198,-0.5130987165
3.0900631935,-0.7633624532
2.4921409030,-1.0627103361
2.8952311021,-0.9655058488
3.0341261102,-0.8211022441
2.2072319745,-1.2317066394
3.0276275147,-0.6206375959
2.4478119107,-1.1336361892
3.0352966627,-0.8448452803
2.2805835588,-1.1677643170
3.1116054145,-0.5531569596
2.6759084128,-0.9055840817
2.1698230991,-1.1157978281
3.0707994383,-0.5893320825
2.4108554607,-0.9470832939
3.0084447408,-0.9232230814
2.8321805330,-0.7406486917
2.9214847726,-0.6692369300
2.1745410608,-1.2667158701
2.9877309649,-0.6529696431
2.6078400976,-1.0815904453
3.1112686276,-0.7405008622
3.1257227246,-0.8446322905
2.6725324043,-1.0791071413
2.8981524747,-0.5773204383
2.4938480323,-1.1607604286
3.0590560878,-0.8514414610
2.2058546965,-1.2265745234
3.0375827950,-0.6149492541
2.6740944133,-0.7508065587
2.4469905163,-1.1312169083
3.0381494147,-0.8431785922
2.2797938033,-1.1667870367
3.1178177651,-0.5537259392
3.0359694947,-0.8270302447
2.2171049655,-1.2167125479
3.0502161127,-0.6049269078
3.1178483656,-0.8471170522
2.4407800575,-1.1867619812
3.0684256416,-0.7902967755
2.3524237708,-1.2239243151
3.1373090343,-0.5396550303
2.4917283237,-0.8848240946
3.1258492813,-0.7298441105
2.5867551521,-0.9769409816
2.1879798969,-1.1026242027
3.0893944030,-0.5753021985
2.5752602938,-1.0944311781
3.0314512199,-0.8451555832
2.3120175148,-1.1387821602
3.0326063695,-0.8409062677
2.2830599534,-1.1612567020
3.1242074884,-0.5461419792
2.4721379701,-1.0831404654
3.1194625586,-0.8472505928
2.4264176585,-1.1902328004
3.0800046371,-0.7719070877
3.1163429668,-0.9008005733
2.1623081694,-1.2717243852
2.9855597239,-0.6570231222
2.9935757171,-0.9400872712
2.9618774713,-0.6395812735
2.7055547176,-1.0605282123
2.8399961192,-0.7717830281
2.9960446588,-0.6114983059
2.4448261454,-1.1138948947
3.0434355531,-0.8485092292
2.2645691932,-1.1770708308
3.1029273715,-0.5635590790
3.0288146208,-0.8395861834
2.3079135815,-1.1487376773
3.1391220362,-0.5343441088
3.0336077880,-0.8471481041
2.3175330845,-1.1358085963
3.0545805287,-0.8019060261
2.1755164563,-1.2898241213
2.9848589013,-0.6573708174
2.9694564379,-0.9488463174
3.0853538366,-0.5459183393
3.1162631558,-0.8475706487
2.3943088371,-1.2032925248
3.0765373915,-0.7793175629
2.6978718138,-1.0649025270
2.8883466778,-0.9664235236
2.8461051234,-0.9821583935
3.1266396295,-0.8865972954
2.1836070148,-1.2886563217
2.9901220167,-0.6546317865
2.4494857805,-1.1327518075
3.0379702113,-0.8444804510
2.2794984842,-1.1657575596
3.1187006692,-0.5519098551
2.7744136667,-0.6716779322
2.8802462098,-0.7016471638
2.4828929189,-1.0050251326
2.4589290297,-1.0910689103
3.0882789153,-0.8486033596
2.1756827761,-1.2897697764
2.9769234768,-0.6606818300
2.7119923865,-1.0609421833
2.7562251201,-0.6878248069
3.0169532465,-0.5996857569
2.7017501831,-0.7281010673
3.0448354826,-0.8485740039
2.2558021930,-1.1894185358
3.0826495569,-0.5770183264
2.2700657019,-1.0448501556
2.6948041221,-0.8855590970
2.4901718218,-1.0630773967
2.4565643647,-1.0949402817
3.0774942689,-0.8501021300
2.1651718832,-1.2796607514
2.9751659760,-0.6626110604
2.6168738562,-1.1047311707
2.4796609944,-1.0723494089
2.4429665174,-1.1317797006
3.0347394876,-0.8421841958
2.2870020900,-1.1653665149
3.1160545772,-0.5521597646
3.1231021342,-0.8479655244
2.4860529295,-1.1624593912
3.0502206337,-0.8496147793
2.2340894629,-1.2073789892
3.0585861207,-0.5956919693
3.0320166238,-0.8368098330
2.2795715776,-1.1716819173
3.1075074468,-0.5590790888
3.0509836595,-0.8530092359
2.2477834129,-1.1968308514
3.0730039249,-0.5852096821
3.0723236982,-0.9023878299
2.3529293566,-1.1068130453
3.0960859872,-0.7551227896
2.5523850781,-1.1027824395
3.0541184633,-0.8056896539
2.1659277161,-1.2899643103
2.9780348141,-0.6644909997
2.5737221619,-1.1222999607
3.0311360586,-0.8220632719
2.2133936296,-1.2240190559
3.0364514036,-0.6120432314
2.4743423771,-1.1299273713
3.0656723951,-0.8505376809
2.1848606857,-1.2532294426
3.0016593803,-0.6412782633
2.4917580388,-1.1261038523
3.0984938247,-0.8491043006
2.1986653436,-1.2841854213
3.0028339637,-0.6428359820
3.0855768351,-0.8963288062
2.2556505234,-1.1906455929
3.0814210467,-0.5789935722
2.6382672572,-1.0716719896
2.0910395736,-1.1672694345
2.9939767297,-0.6480218317
3.0967138254,-0.4245848990
3.0894069737,-0.7642786475
2.9306876475,-0.5555914944
3.0390420787,-0.4729454719
3.0307063091,-0.8382927994
2.2898001270,-1.1573323453
3.1302207275,-0.5427789890
2.4409522098,-1.1296582532
3.0349380106,-0.8416654479
2.2749564025,-1.1679175009
3.1151200541,-0.5533645155
3.0892854535,-0.8506904615
2.1738840753,-1.2896995151
2.9756290995,-0.6621790241
2.6396005275,-1.0941473699
2.9322855066,-0.9485812387
3.0659022798,-0.7825495578
2.4930803103,-1.1601636560
3.0601310927,-0.8508489666
2.2056387488,-1.2341100559
3.0249999159,-0.6234633717
2.4456425547,-1.1042240093
3.0535919056,-0.8494698151
2.2138826753,-1.2234419183
3.0371077893,-0.6114625452
2.5496127144,-0.8461606672
2.5126470307,-1.1201944403
2.1794187936,-1.1103752240
3.0734488280,-0.5819790219
3.0066014692,-0.9234272956
2.8397492757,-0.7343901968
2.8617451605,-0.7145374537
2.6509714418,-0.8801916529
3.0630026926,-0.7908500374
2.2948212938,-1.2477847092
3.0858708520,-0.5779727128
2.9785383032,-0.5183664241
2.8779600847,-0.9742986153
2.4406629980,-1.1284752298
3.0352810024,-0.8418744896
2.2755447204,-1.1677146278
3.1155105277,-0.5533013519
2.6185329802,-1.0765920362
2.7782653232,-0.6737195663
2.8961508123,-0.6886645820
2.3368845218,-1.1253566062
2.8357629108,-0.9906647499
2.4428955507,-1.1312000259
3.0352409218,-0.8420877539
2.2757752014,-1.1673623924
3.1159240167,-0.5528307501
3.0380076143,-0.8148360605
2.1788630101,-1.2589933576
2.9949392153,-0.6461644993
2.8530082982,-0.6118027391
2.2258131158,-1.2145748981
3.0493940931,-0.6025774122
3.0519899236,-0.8521024660
2.2286232638,-1.2104771873
3.0538512438,-0.5981483980
3.0652264767,-0.8530208043
2.1937646415,-1.2449821975
3.0116010148,-0.6338315028
2.7977102124,-1.0029063209
2.8216630742,-0.9923460415
2.8145021892,-0.6435620019
2.5756223813,-0.9391348536
3.0925813142,-0.8968435511
2.2288248024,-1.2082442728
3.0618527845,-0.5971481961
2.9927989285,-0.5056398201
2.6114620301,-0.7943266674
3.0363975356,-0.8495417888
2.3159412385,-1.1375494590
3.0351698494,-0.8326558600
2.2465787434,-1.1930219418
3.0819157031,-0.5810114582
3.0040654297,-0.9220749832
2.8331366539,-0.7373060382
2.8899925513,-0.6907243447
2.3620621185,-1.1025685387
3.0820013355,-0.7717778207
2.9965483461,-0.9404576613
2.9576076129,-0.6441560062
2.5007383554,-1.1559932439
3.0783859692,-0.8497753616
2.1637967390,-1.2820338190
2.9732150699,-0.6637566302
2.5591711590,-1.1309989887
2.6256409401,-1.0767379758
2.7968321672,-0.8009784855
3.0762343418,-0.7725038997
3.0031555756,-0.9384200208
2.9221133574,-0.6716620121
2.1774412864,-1.2573348558
3.0021837324,-0.6451555388
2.5948314197,-0.8118166898
2.5923976578,-0.9731255199
2.8949363335,-0.9668077798
3.1150422816,-0.8447841099
2.4644532886,-1.1733992790
3.0330083827,-0.8362405134
2.2695068407,-1.1793643367
3.0967972276,-0.5669830969
3.0511118713,-0.8539488759
2.2547646560,-1.1862311162
3.0910021853,-0.5738951001
2.4013058097,-0.9525971611
2.1115367554,-1.1555101443
3.0057332876,-0.6345827059
2.9130975868,-0.5702366619
2.9313199863,-0.9650371554
3.0395185136,-0.8467363154
2.2745974992,-1.1740426574
3.1035708308,-0.5606885263
3.0472714438,-0.8016976478
2.1700619871,-1.2898157211
2.9736466835,-0.6623123673
2.6132594537,-1.1050729881
2.7292203696,-1.0348390806
2.5825995407,-0.9811769755
2.4660547921,-1.0810178217
3.1237444101,-0.8421414029
2.7041625879,-1.0633989883
2.4579624017,-0.9098354150
3.0315321486,-0.8400999293
2.2965054976,-1.1525115822
3.1370882871,-0.5379202471
2.9236499065,-0.9557364339
3.0458074838,-0.8491622430
2.2546914774,-1.1849784864
3.0921424734,-0.5718632719
2.8071077941,-1.0035686791
2.7110103831,-1.0589496303
2.4471088987,-1.1018076325
3.0582562428,-0.8494640801
2.1953603427,-1.2397593099
3.0164338881,-0.6274269671
3.0830432544,-0.7738603923
3.0482890719,-0.9212073056
2.5926094150,-0.9251188627
2.3941809603,-0.9560026731
3.1319836187,-0.7279238830
2.4488777411,-1.1334932201
3.0364076983,-0.8448528505
2.2856576561,-1.1656712043
3.1153119596,-0.5520480139
3.0940909085,-0.8517952087
2.1707807328,-1.2905891866
2.9814387153,-0.6600646077
2.7853973630,-1.0249462180
2.9972568252,-0.5042430514
2.5099638775,-1.0462010084
2.5408924201,-1.0122660271
2.5275652995,-1.0264789654
3.0388117326,-0.8226732864
2.2003691206,-1.2336444279
3.0296373514,-0.6227849815
3.0548462834,-0.8505900678
2.2234381174,-1.2121234526
3.0565167803,-0.6006906915
3.0576372395,-0.9086059250
2.4826657745,-1.0069395133
2.8729438141,-0.7436344121
2.7251323764,-0.8174779218
3.0664911570,-0.7850647078
2.4304639160,-1.1912453545
3.0929354764,-0.7660675818
2.8745686574,-0.5992424798
2.1581346625,-1.2842999971
2.9765068158,-0.6641448546
2.5683824101,-1.1236197415
3.0621459294,-0.7866432120
2.3689780830,-1.2173414783
3.0598723147,-0.9074033238
2.4594839498,-1.0244978033
2.2004867937,-1.0927476325
3.1038609742,-0.5615858425
3.0437956479,-0.8099479761
2.1673930925,-1.2774436233
2.9774995344,-0.6613838130
2.6879439298,-1.0728830868
2.9520510127,-0.9449277931
3.1402129475,-0.5019965181
3.0297153926,-0.8295147192
2.2450425519,-1.1968051551
3.0720838173,-0.5839517961
3.0562918883,-0.9058247807
2.4644155245,-1.0246951524
2.5662862613,-0.9909986844
2.8188845029,-0.7831137703
3.0865946634,-0.5447001361
3.0338975498,-0.8489853765
2.3190774155,-1.1391581604
3.0468755719,-0.8503727073
2.2550711512,-1.1904090144
3.0814740846,-0.5782693917
2.4700967235,-1.1313234287
3.0564995541,-0.8510984628
2.2128095587,-1.2199539627
3.0458150223,-0.6080552902
2.4675523074,-1.1321512945
3.0515892553,-0.8510368403
2.2434634371,-1.1960905405
3.0780098390,-0.5845103059
3.0066975736,-0.9215460040
2.8197861170,-0.7479786232
2.9852736015,-0.6184940989
2.5647244199,-1.0979776013
3.0693102135,-0.7825478564
2.5167535913,-1.1517005432
3.1082193100,-0.8491613135
2.2609947927,-1.2626578545
3.0543693004,-0.6042822347
3.0593893870,-0.8546122324
2.2200021389,-1.2154723200
3.0523351698,-0.6043086575
3.0612083547,-0.8541628724
2.2064938701,-1.2260760856
3.0382411264,-0.6144864625
3.0541821206,-0.7957227951
2.2195302100,-1.2784041817
3.0120071523,-0.6314327877
2.7024508451,-0.8798647185
2.9875177043,-0.5121499774
3.1158131906,-0.7382419541
2.8950358360,-0.5803951050
2.4076293262,-1.1998701917
2.9882935007,-0.9331674041
2.9761498276,-0.6267631825
2.7410163397,-1.0261186027
2.6479788228,-0.7697798930
2.0009331746,-1.2286217935
2.8998715548,-0.7193492069
2.4481617156,-1.0359699400
3.0369588014,-0.8500381775
2.2900954428,-1.1592945161
3.1284163461,-0.5461892452
2.7177771264,-1.0371390918
2.6888085045,-1.0484477521
2.7246312665,-1.0328163159
2.0881416177,-1.1718250323
2.9823645154,-0.6530615474
2.3337880993,-1.2345447002
3.1112780788,-0.5567859410
2.4574950106,-0.9101084653
3.0314649672,-0.8385554837
2.2894206792,-1.1580831599
3.1293705822,-0.5438450967
3.1346007355,-0.8411863471
3.1145947185,-0.8991271386
2.1691036093,-1.2732509017
2.9808039012,-0.6586187482
2.8490957322,-1.0023572481
2.8054407268,-0.6497011644
2.6464721613,-0.8832162583
2.4350566428,-1.1201256543
3.0335184845,-0.8437752946
2.2814913102,-1.1663466569
3.1188038215,-0.5537895168
2.6952521997,-0.8884329394
2.5060614101,-1.0478563325
2.9312399936,-0.5545218431
3.0446330676,-0.8066834399
2.1637217475,-1.2843167448
2.9720481850,-0.6645431731
2.5243606638,-1.1469809116
3.1394389862,-0.8430310195
3.1026625244,-0.9010032820
2.1931220444,-1.2431199367
3.0128056724,-0.6312677287
2.4395201562,-1.1255434310
3.0353492459,-0.8426495106
2.2763006010,-1.1666909794
3.1167412726,-0.5519726081
2.8444564214,-0.6190544730
2.2957929594,-1.1576836673
3.1265891308,-0.5430572254
2.5972701440,-1.0880500733
2.5817738921,-0.9822848491
2.7323075774,-0.7066698037
3.0347756076,-0.8196949651
2.1941222177,-1.2417435730
3.0143675668,-0.6295799864
2.4871393267,-1.0682540034
3.0522615663,-0.7986793089
2.1934368242,-1.2866315453
2.9901312441,-0.6499298468
3.1400984595,-0.8411551298
3.0434066786,-0.8099766536
2.1670699338,-1.2771670185
2.9775318499,-0.6610912495
2.6997478881,-1.0673440729
2.4638629902,-1.0902769686
3.0933275923,-0.8499709510
2.1730873237,-1.2903122525
2.9830864464,-0.6586803188
2.8739664621,-0.9870831162
2.8091663437,-0.7940933451
3.1128823712,-0.7427938898
2.5062251979,-1.0436407006
2.4831185156,-0.8925530560
2.7505277293,-1.0266007352
2.4358459082,-1.1267743761
3.0323961859,-0.8411861030
2.2836650095,-1.1659900894
3.1143456805,-0.5516485488
3.1048422524,-0.8494364030
2.2422069983,-1.2686683184
3.0398219956,-0.6131119539
2.4733433058,-1.1700503593
3.0359468700,-0.8430147218
2.2771984170,-1.1664154282
3.1173044013,-0.5519323383
2.4436566729,-1.1109366793
3.0447538354,-0.8487987544
2.2600844549,-1.1864941469
3.0868562063,-0.5742496931
2.6071821361,-0.9553023113
3.1367426778,-0.8446261776
2.9022217657,-0.9774798578
2.6138749994,-0.9510246227
3.0589783205,-0.7882760223
2.3134049843,-1.2415679577
3.0948104599,-0.5669151075
2.4374633468,-1.1313617599
3.0314462270,-0.8404930941
2.2819874675,-1.1666747427
3.1131278777,-0.5520019976
3.0435744239,-0.9106933775
2.5710751423,-0.9423493105
2.7262820536,-0.7120696772
2.7884153808,-1.0082304924
2.7447757247,-0.6986291057
3.0911813732,-0.5403280995
3.0276215953,-0.8435591878
2.3204198003,-1.1366709382
3.0313500391,-0.8266379029
2.2293742216,-1.2105064795
3.0541150134,-0.5984404121
3.0310477914,-0.8458174998
2.3230167276,-1.1365022923
3.0321953491,-0.8307485449
2.2501859464,-1.1950440531
3.0755036210,-0.5833989282
3.0102900982,-0.9239287268
2.8266782138,-0.7398325761
2.9202127094,-0.6715089562
2.1733233597,-1.2580572453
2.9999932272,-0.6446792530
2.7355139219,-0.8498790714
2.4425468694,-1.1226837281
3.0382920736,-0.8446172681
2.2799091117,-1.1657019859
3.1188908945,-0.5520070294
2.9412703721,-0.5443218898
3.0793575517,-0.8501596671
2.1539169621,-1.2827153066
2.9751586227,-0.6637165713
2.5796444639,-1.1227236883
3.0525376007,-0.8487754494
2.2164743372,-1.2213465106
3.0398745897,-0.6094242655
2.7936526823,-1.0080928400
2.4170310933,-0.9399764439
3.0336663007,-0.9142954571
2.6500094153,-0.8813311773
2.9849815459,-0.5118227952
3.0328023833,-0.8473063389
2.3122691200,-1.1382076270
3.0321189301,-0.8337747174
2.2654324395,-1.1830288053
3.0919532546,-0.5710449110
3.0685567307,-0.9034300217
2.3789761457,-1.0861631078
3.0353266415,-0.8199251654
2.1918179008,-1.2435544755
3.0120167995,-0.6311725367
2.5902833526,-0.9727033913
2.7920909095,-1.0063008927
2.7613199227,-0.8308395637
2.5895626606,-0.9739136053
3.0463594781,-0.9096965764
2.5485801869,-0.9597514615
2.4539015851,-1.0960186820
3.0734326548,-0.8497007529
2.1655314976,-1.2749693614
2.9782290109,-0.6590260401
2.7951848503,-1.0238729090
3.0302287770,-0.8451390251
2.3245411437,-1.1353115465
3.0426579924,-0.8124296247
2.1691368343,-1.2725812516
2.9813462824,-0.6577116130
2.9013294425,-0.9803606149
3.1208332634,-0.7374589963
3.0645457232,-0.8505813521
2.1804777644,-1.2487850438
3.0097678749,-0.6360375943
2.5562965756,-1.0010012481
3.0220991621,-0.9214023926
2.7624107997,-0.7909305976
3.0516748536,-0.8499586049
2.2336648775,-1.2088118249
3.0571522635,-0.5976893638
3.0308931426,-0.8477551721
2.3165608834,-1.1388599251
3.0338373541,-0.8459905545
2.2892850276,-1.1600384546
3.1274358989,-0.5470310123
2.4419833467,-1.1321500005
3.0338447527,-0.8418495169
2.2857664764,-1.1655438045
3.1154734741,-0.5518822925
3.1263042156,-0.8468372896
2.5842360951,-1.1163000175
3.0365087271,-0.8222833821
2.1992945344,-1.2322837532
3.0303544968,-0.6204838163
2.8779765309,-0.7388763734
2.6802057671,-0.8579685503
2.4581787959,-0.9096557721
3.0315497414,-0.8411814567
2.3010495348,-1.1488422725
3.0365305793,-0.8500316640
2.2993243380,-1.1531478374
3.1319970031,-0.5376747248
2.5634568330,-0.9952300526
2.4602338573,-1.1330084503
3.0444800211,-0.8489197627
2.2649915800,-1.1774903571
3.1026762522,-0.5644240637
3.0384291917,-0.8510413710
2.3001130765,-1.1481549800
3.1039610914,-0.7457890267
2.6698714019,-0.7560298541
3.0619503590,-0.8528027558
2.2000642525,-1.2377995721
3.0198341170,-0.6264841313
2.4457141122,-1.1332958964
3.0346597689,-0.8436460641
2.2856408983,-1.1649672734
3.1159880851,-0.5508805873
2.5483007958,-1.1043256157
3.0443730475,-0.8071825179
2.1636650196,-1.2834856693
2.9724393705,-0.6642277548
2.5373392504,-1.1409767608
2.5217526021,-1.1159049503
3.1349503387,-0.8452039372
2.8406628531,-1.0024496206
2.4538802168,-1.1333841176
3.0397262761,-0.8466236694
2.2740116935,-1.1691401440
3.1136332277,-0.5549422684
3.0750042124,-0.8547375075
2.1733545517,-1.2608085685
2.9978217288,-0.6484502789
2.9786212412,-0.5182680969
3.0494189082,-0.8520051917
2.2412787122,-1.2001456504
3.0676834481,-0.5875990145
2.4890245451,-1.0614586748
2.4488834974,-1.1328316962
3.0374569763,-0.8443375706
2.2787065401,-1.1658711408
3.1183276578,-0.5517332355
2.6985449810,-0.7289773612
3.0547411634,-0.8516964601
2.2364270948,-1.2030394232
3.0692478013,-0.5922703397
2.4673025549,-1.0814728462
3.1227896357,-0.8432221937
2.6358739778,-1.0953841129
3.0227121781,-0.4864282313
2.8163025651,-0.7867953859
3.1109723230,-0.5279604175
2.4441573896,-1.1067070479
3.0493727661,-0.8492125587
2.2317390521,-1.2083239196
3.0568972704,-0.5961588191
3.0333045147,-0.9154407438
2.6559695663,-0.8712007223
2.0949967928,-1.1658276265
2.9964264173,-0.6484398961
2.7144956519,-0.8728033385
2.4573464747,-1.0972679912
3.0729801335,-0.8515242040
2.1652652255,-1.2666295540
2.9903447849,-0.6524621088
3.1164256146,-0.8438689364
2.4998650755,-1.1573153687
3.0733003199,-0.8507964792
2.1722899027,-1.2693936623
2.9847729675,-0.6556488954
3.0685583079,-0.9178841976
2.4660724011,-1.0202557190
2.4938222354,-1.1256778675
3.1026751623,-0.8488231234
2.2250711091,-1.2755477526
3.0244208726,-0.6262634030
3.1345848127,-0.7256152232
2.6124225142,-1.0807831682
3.1087181631,-0.8495238958
2.2712657589,-1.2576820314
3.0646082011,-0.5947121589
2.5941207032,-0.9661268700
2.5750045233,-0.9894935192
2.4124630309,-0.9453799852
2.7715655404,-0.6756867215
2.9166811134,-0.6704105811
2.1759139864,-1.2596836569
2.9998355633,-0.6474246881
3.0943677525,-0.4309048480
3.0960999300,-0.7626268423
2.8307484082,-0.9900122529
2.0276934026,-1.2125210749
2.9239172278,-0.7003261982
2.2388177479,-1.2028381061
3.0644821652,-0.5903697778
2.7200737243,-0.8656868306
3.0677657438,-0.4511699906
2.6759703615,-0.9038215379
2.4219107068,-0.9361965309
3.0929615069,-0.8484119726
2.1955088590,-1.2858190619
2.9989950694,-0.6482981303
2.4521776636,-1.1335219387
3.0383500526,-0.8462743079
2.2809289191,-1.1693459579
3.1101949949,-0.5559076713
2.6857364675,-0.7392065220
2.8722237556,-0.9748425708
3.0655858991,-0.7904374349
2.3190758819,-1.2382015032
3.1069262335,-0.5628202034
3.0516388774,-0.8037260017
2.1636849113,-1.2905092691
2.9769334106,-0.6636704900
2.5899710410,-1.1134284390
3.0370994282,-0.8501788028
2.3032404643,-1.1456284652
2.0158656483,-1.2178533674
2.9216150886,-0.7073383191
2.2947722487,-1.1549136400
3.1342945553,-0.5408125829
3.0284636076,-0.4775173032
2.7328625804,-0.8553229510
3.0432475983,-0.4703709875
2.2986314968,-1.0238013613
3.0766388026,-0.7719789578
3.0358993865,-0.9263684199
2.6966968201,-0.8451772374
2.8078766574,-1.0022305393
2.4437760428,-1.1301898382
3.0365838245,-0.8423792005
2.2773694626,-1.1674294060
3.1163933376,-0.5536680215
3.0556973745,-0.7910677945
2.2597854636,-1.2634819197
3.0467305980,-0.6041382266
3.1373076562,-0.8459779469
2.8942079812,-0.9803406793
3.0596445783,-0.7960244393
2.2238934699,-1.2762145814
3.0229972137,-0.6280984929
2.6170736163,-1.0808332424
2.6924362747,-0.8897413012
2.8037035446,-0.6498580176
2.6462276305,-0.8818714162
2.8804087531,-0.5923037232
2.1906564404,-1.2868436424
2.9881441186,-0.6516870064
2.8051486898,-0.6499388500
2.6503419055,-0.8752204851
2.5008526203,-0.8795113737
3.0717476975,-0.8520406086
2.1714078172,-1.2670499672
2.9860376285,-0.6529816719
3.0260081685,-0.8413702227
2.3127736159,-1.1416397762
3.0907071229,-0.8474154648
2.1891828665,-1.2874061896
2.9941538027,-0.6519712065
3.0325348539,-0.8438275112
2.3124004531,-1.1406104570
3.0622636036,-0.8529625963
2.2039985368,-1.2297205776
3.0342427717,-0.6187220166
3.0676245592,-0.8518063350
2.1864935239,-1.2531736538
3.0023479368,-0.6417597580
2.5055559114,-1.1215013510
3.1415170010,-0.8417049164
3.0533699389,-0.9066171686
2.4850418434,-1.0084441439
2.6323962440,-0.7819096006
3.0732277168,-0.9034146023
2.3614254028,-1.1015305740
3.0765335858,-0.7752009976
2.8868823769,-0.9859358103
2.8892305278,-0.7273502413
2.5457007869,-0.9597632701
3.1121948656,-0.8913308300
2.1609160794,-1.2768613868
2.9816303529,-0.6613020571
2.7302870015,-1.0506844051
2.8748346650,-0.7399833755
2.6936862821,-0.8462532729
3.0596420270,-0.8535970459
2.2177897882,-1.2236945318
3.0383352474,-0.6133578962
3.1338143588,-0.8454691841
2.8209870973,-1.0098491826
2.4473578304,-1.1148513342
3.0446909832,-0.8489298610
2.2717094558,-1.1735109790
3.1087092149,-0.5610080804
3.0336323515,-0.8303980883
2.2454610298,-1.1940478932
3.0805879216,-0.5821326721
3.0647912136,-0.9009243063
2.3746917313,-1.0927137495
3.0521102105,-0.8033585264
2.1653073874,-1.2909802486
2.9782339400,-0.6612443496
2.7051782373,-1.0653582637
3.0007248858,-0.9281977951
2.8975867282,-0.6862284442
2.3131312061,-1.1433072825
2.4399649369,-1.1326928169
3.0317690767,-0.8414814037
2.2830409158,-1.1655390454
3.1145756358,-0.5506203435
2.0234438254,-1.2129459598
2.9285800767,-0.7018561741
2.2401639347,-1.1996431649
3.0737404461,-0.5882808276
2.6866964004,-1.0489897072
2.5147930695,-1.1166219235
2.9648435127,-0.9380484519
3.0729159474,-0.5563729799
2.5392268414,-1.0137956255
2.4646452896,-1.1325768665
3.0485339134,-0.8502694739
2.2529514192,-1.1878238280
3.0889032925,-0.5756200681
2.1828527893,-1.1052575525
3.0857907672,-0.5753977137
2.4576085429,-0.9130736103
3.0385790380,-0.8125863371
2.1709025038,-1.2667035252
2.9861113704,-0.6523390738
3.0679089878,-0.8532115275
2.1880639748,-1.2512450427
3.0044523203,-0.6398933537
2.5336119342,-1.1111019986
3.0046044236,-0.9258697718
2.8634313865,-0.7115090101
2.6178341712,-0.9044371709
2.3089923969,-1.0169163572
3.0595294980,-0.8004839475
2.1983717754,-1.2848873541
3.0013885973,-0.6462505738
2.4863161285,-1.1266003001
3.0922022530,-0.8480857417
2.1903246586,-1.2875242522
2.9875307421,-0.6522922886
2.5824084627,-0.9768381551
2.4523893028,-1.1812035726
3.0473662881,-0.8141734927
2.1618273557,-1.2747032455
2.9834704867,-0.6594016214
2.8393800361,-1.0027490576
2.8555810142,-0.7597391773
2.8902263475,-0.6924918521
2.3829020697,-1.0884437726
3.0457350788,-0.8150159721
2.1630212917,-1.2712785308
2.9862369007,-0.6565064753
3.0342358463,-0.9250672363
2.6880122239,-0.8501544057
2.5477207578,-1.1068446239
3.0548631683,-0.7939836132
2.2297716793,-1.2753291234
3.0199023247,-0.6263645993
3.0564414704,-0.8536295310
2.2309892437,-1.2122059396
3.0531707768,-0.6017109674
3.1021741371,-0.8489275140
2.2422224007,-1.2714204245
3.0297168532,-0.6198211575
2.5446490914,-1.1062802660
2.8713116108,-0.7451535999
2.7418838596,-0.8047592665
2.5502545960,-1.1064966646
3.0699895033,-0.7834338657
2.5005122460,-1.1542157385
3.0939725060,-0.8511284246
2.1714328663,-1.2903505812
2.9813611121,-0.6618207818
2.7091539471,-1.0602554382
3.0255674856,-0.8406672683
2.3123258013,-1.1420568531
3.1055465298,-0.8452961706
2.3174378790,-1.2395181898
3.1046413867,-0.5655196526
3.0389562095,-0.8511280144
2.3089209524,-1.1430977310
3.1391217924,-0.8439494475
3.0449412224,-0.9215022148
2.6083606519,-0.9120510621
2.8710835591,-0.9778664775
3.0409919660,-0.8517780689
2.2984643068,-1.1510344559
3.1391540176,-0.5364075277
2.8435134571,-0.9840933945
2.4400563135,-1.1109359990
3.0422323814,-0.8477592819
2.2546451725,-1.1882482295
3.0891013124,-0.5770260703
2.6233291412,-1.0778542909
3.0436608039,-0.8051059534
2.1614652985,-1.2863706774
2.9700901204,-0.6646143907
2.5046984272,-1.1549553621
3.0851573194,-0.8498339121
2.1683541200,-1.2880017476
2.9726688604,-0.6653107885
2.5084302046,-1.1552546885
3.0865403547,-0.8514626073
2.1585986661,-1.2874451168
2.9749191224,-0.6662082893
2.4911784415,-1.1600668840
3.0589823217,-0.8502371166
2.2021824725,-1.2355997491
3.0224547248,-0.6242388591
2.5522881246,-1.1029566099
3.0325268980,-0.8215546875
2.2033646680,-1.2320866414
3.0320595096,-0.6217387134
3.0270955657,-0.9188289911
2.7168360596,-0.8253276604
2.4463087882,-1.1326380713
3.0360453529,-0.8434097082
2.2772027892,-1.1661914922
3.1175198873,-0.5515682638
2.4704963232,-1.0788345249
3.1342269704,-0.8415896649
3.0285045998,-0.9309946604
2.7645580288,-0.7881142128
3.0356483653,-0.8445850720
2.2812617727,-1.1678900784
3.1117095392,-0.5536730190
2.6216174922,-1.0752139315
2.7182687359,-0.8700132099
2.6933159117,-1.0491706210
2.6284289949,-1.0751463431
2.5995482154,-1.0883886529
2.5739700287,-0.9845697846
3.0477053399,-0.8095793147
2.1575838576,-1.2824238206
2.9769727240,-0.6641624950
2.5721377177,-1.1222012350
3.1373636631,-0.7275198276
3.0198474690,-0.9204247826
2.7588948708,-0.7919410236
3.0575761298,-0.8495936450
2.2003393012,-1.2358421619
3.0215546090,-0.6238899498
3.0317112635,-0.4768231780
3.0355870403,-0.8499562058
2.3063655438,-1.1479226571
3.1394181685,-0.5322618574
3.0312026259,-0.8445795977
2.3111352219,-1.1395506037
3.0372094959,-0.8470263341
2.2859722793,-1.1589742432
3.1273667505,-0.5437338725
2.4390880383,-1.1311888893
3.0327030500,-0.8409500636
2.2837083669,-1.1664471495
3.1139183457,-0.5524188045
2.4409118439,-1.1290017230
3.0351927773,-0.8418293878
2.2754064397,-1.1677517831
3.1154288043,-0.5532989826
2.4445402360,-1.1331794780
3.0340989757,-0.8431639116
2.2855354750,-1.1648798629
3.1160381866,-0.5506871929
2.9954482836,-0.5052516644
3.1018009829,-0.4231169322
2.8276999313,-0.9946529727
2.7976947524,-0.8050328631
3.0456376334,-0.8138210771
2.1596186551,-1.2744816158
2.9826842777,-0.6586065959
2.8666041818,-0.9899957284
3.0447589578,-0.8148416169
2.1678108577,-1.2672811527
2.9909668288,-0.6538071550
2.5423353271,-0.8480112964
2.5478810954,-1.1048852468
3.0728083063,-0.4427290657
2.4785187513,-1.1689517670
3.0393230381,-0.8454019005
2.2805207107,-1.1656845901
3.1191113865,-0.5522600409
3.1270516161,-0.4031952557
3.1109978653,-0.7474227326
2.5337761995,-1.0213427923
3.0419920200,-0.8521523371
2.2992788412,-1.1511820069
3.1392765243,-0.5370381128
3.0587854860,-0.7884464372
2.3097610006,-1.2431131037
3.0914791763,-0.5694985071
3.0106296590,-0.9234168519
2.8202506552,-0.7444018806
2.9607546628,-0.6402307874
2.6748418481,-1.0738648992
2.5884717389,-0.8134235147
2.6300834139,-0.9377166682
2.5351065705,-1.1112059980
3.0278873602,-0.9186657244
2.7122736415,-0.8289622639
3.0699026498,-0.9024913725
2.3630361813,-1.0981396477
3.0609288795,-0.7874609759
2.3495395495,-1.2255074890
3.1342182227,-0.5425313986
2.8828772985,-0.7376536903
2.6556957108,-0.8729195006
2.4357085721,-1.1289479372
3.0315023688,-0.8404675496
2.2820012218,-1.1667406318
3.1130687193,-0.5521165087
3.0493409491,-0.8067886948
2.1680411335,-1.2876130841
2.9727073784,-0.6651705153
2.5127286432,-1.1531905714
3.0982293892,-0.8501535565
2.1902186607,-1.2869527501
2.9953900336,-0.6501148173
2.9203503793,-0.5638098278
3.0315155113,-0.8319326862
2.2555831949,-1.1844577151
3.0929471901,-0.5713874584
3.0077222495,-0.9218139797
2.8195439228,-0.7487752739
2.9919748664,-0.6140174230
2.4878788258,-1.0592328912
2.5385671644,-1.0201452936
3.0443804345,-0.8519275788
2.2710228806,-1.1767934850
3.0997383683,-0.5635494914
3.0441996993,-0.8517906970
2.2660159095,-1.1798399407
3.0951484696,-0.5662289328
3.0405181519,-0.8514648696
2.2974302612,-1.1569972969
3.1276095152,-0.5431980056
2.4432324336,-1.1332930813
3.0330730356,-0.8428187835
2.2840254173,-1.1651095094
3.1153164668,-0.5503691713
3.1388524093,-0.7207413095
3.0347738803,-0.4736601976
3.0474809804,-0.8020354662
2.1700027448,-1.2896764208
2.9735612716,-0.6627020535
2.5989022941,-1.1119472228
3.0587383304,-0.8519504056
2.2018613674,-1.2340805197
3.0235930610,-0.6220179223
2.7322393960,-1.0340925615
2.8620818946,-0.7540888281
2.8352148780,-0.7342835487
2.8659129611,-0.7137845228
2.6326313306,-0.8903802127
3.1135893612,-0.8502435802
2.3042349268,-1.2450658241
3.0927363072,-0.5746529997
2.1752606794,-1.1133354995
3.0684376660,-0.5875549906
2.5481394455,-1.0103072547
2.7158122232,-0.8693805707
2.8321964981,-0.9901109468
2.5211364622,-1.0306786282
3.0822031313,-0.7724530176
3.1013321541,-0.9013955654
2.1984781456,-1.2380305182
3.0190011494,-0.6263396584
2.3427353536,-0.9941817296
3.0338466820,-0.8428651163
2.2853729619,-1.1649776756
3.1158899167,-0.5507726774
2.9344082377,-0.5524058096
2.4541346324,-1.1333293621
3.0398252026,-0.8469355745
2.2808355669,-1.1702968495
3.1092502084,-0.5574188485
3.0430283484,-0.9129371528
2.5906269199,-0.9225925102
2.7876699473,-0.6640279482
2.8058929034,-0.7561644590
3.0524735461,-0.5710992015
3.0322757592,-0.8379459122
2.2870585175,-1.1608124198
3.1259619781,-0.5472519499
2.5111983530,-1.0396633912
3.0293603595,-0.8374978927
2.2827933334,-1.1665674934
3.1135011043,-0.5521891222
2.7753458661,-1.0140453988
2.2101837329,-1.0876973577
3.1123105927,-0.5564420647
2.6127221081,-0.7966058812
3.0308087327,-0.8463952349
2.3246777275,-1.1347849892
3.0518543812,-0.8004374877
2.1853145557,-1.2884632274
2.9836553899,-0.6557448390
3.0508326904,-0.9230286136
2.5954329546,-0.9189375117
3.0348784116,-0.8426784621
2.2757886873,-1.1720806125
3.1058524056,-0.5580267388
3.0713726721,-0.8511299551
2.1658549301,-1.2710315335
2.9809850691,-0.6554406620
3.0166076107,-0.9332258991
2.8333415339,-0.7395819311
2.9117083371,-0.6765511823
2.2176773036,-1.2234907371
3.0386072315,-0.6125892129
2.5460584313,-0.8465410059
2.5620354231,-1.1015534829
2.7510623850,-0.8440969767
3.0465126290,-0.8524187734
2.2662913984,-1.1814138340
3.0937531812,-0.5688812300
2.7497799165,-0.8394312252
3.0713286097,-0.7815516290
2.5558299095,-1.1287280162
2.7930070688,-0.8095770418
3.0369143237,-0.8416068805
2.2747573577,-1.1699893269
3.1130795453,-0.5566538430
3.0252194388,-0.8405114360
2.3117493861,-1.1422099433
3.1168287862,-0.8486167603
2.3627894853,-1.2194461425
2.6195780188,-0.9459037045
2.4545428420,-1.0925387678
3.0819881074,-0.8478706104
2.1634624857,-1.2895654840
2.9766392456,-0.6656804900
2.5225937940,-1.1460900668
3.0385118027,-0.8146882996
2.1785446089,-1.2598740226
2.9941577541,-0.6470905302
2.9500129245,-0.9461530566
3.1069249866,-0.7503536757
3.0406698904,-0.8517288463
2.2966366362,-1.1574270384
3.1269302047,-0.5435405613
2.6888926923,-0.7390393991
3.0629747032,-0.7943378874
2.2556645101,-1.2648689749
3.0494986009,-0.6084195398
3.0591583871,-0.9043586978
2.4359388708,-1.0463718738
3.0995341889,-0.8494283692
2.2013687617,-1.2835805443
3.0046456141,-0.6420583982
3.0709425083,-0.8533359984
2.1704742380,-1.2594608241
2.9976520211,-0.6459495447
3.0466420813,-0.8114572921
2.1599432728,-1.2777021832
2.9807727587,-0.6614475026
2.7138131686,-1.0575995906
2.6302863463,-0.9360300402
3.0444834887,-0.8140744499
2.1654171601,-1.2692102528
2.9886425181,-0.6551105107
2.8487899121,-1.0017100003
2.4481658665,-1.1079902978
3.0507024094,-0.8504146270
2.2355478878,-1.2006339532
3.0710943556,-0.5882067108
2.4677655767,-1.1321229451
3.0518188475,-0.8510886428
2.2427596446,-1.1967116216
3.0771975800,-0.5851768515
3.0298869832,-0.9133378488
2.6522330262,-0.8774020413
3.1069609542,-0.7529170024
3.0527441686,-0.8079554422
2.1606524591,-1.2888299205
2.9754998696,-0.6658086417
2.5081089192,-1.1522391210
3.0994302521,-0.8470750174
2.2358498490,-1.2734170057
3.0247454020,-0.6230036292
2.4519985113,-1.1329314437
3.0393126538,-0.8454442137
2.2803221964,-1.1657642730
3.1189688596,-0.5522997381
3.0360705047,-0.9142476626
2.6319465568,-0.8895592428
2.9050178898,-0.9597790937
2.7938268486,-0.6566047914
2.7263143388,-0.8197686649
3.0333439663,-0.8358436733
2.2746841341,-1.1712160864
3.1118956170,-0.5586022353
2.6250380899,-1.0746764955
2.1199702438,-1.1483629991
3.0221901124,-0.6256970577
2.6526148422,-0.9200768056
2.6538808789,-0.9180349651
2.5932121540,-0.9673314534
2.4725655661,-1.0734355253
2.5563110889,-0.8368487355
2.5408288639,-1.0129412459
2.5372455887,-1.0146100760
3.1403762654,-0.8429048543
2.5118675953,-1.0396087967
3.0298580696,-0.8371463995
2.2813624792,-1.1682173127
3.1114331461,-0.5542392651
2.2826668610,-1.0370731365
2.5631174897,-0.8340795687
2.6407155074,-0.9315578699
3.0640136603,-0.4553916452
2.4759298243,-0.8999027138
3.1410626749,-0.8413630623
2.5260598660,-1.0252326573
3.0307192144,-0.8332342207
2.2621570490,-1.1785586759
3.1007172146,-0.5648485088
3.0825354385,-0.8518526022
2.1650469055,-1.2843186167
2.9725758455,-0.6650066801
2.5156584401,-1.1516704744
3.1074240481,-0.8488019787
2.2597048472,-1.2628322524
3.0537018227,-0.6041695934
3.0579098332,-0.8542794929
2.2217530026,-1.2131754302
3.0549786767,-0.6015923130
2.7167161852,-0.8720766265
2.4442113903,-1.1297420862
3.0372390532,-0.8424997383
2.2780951982,-1.1675116383
3.1165580992,-0.5541333940
2.7226002060,-0.8643701699
2.4468589525,-1.1151403961
3.0441734114,-0.8487018301
2.2722053720,-1.1728854090
3.1094682892,-0.5602181405
3.0418505045,-0.8522958043
2.2942400428,-1.1540727317
3.1348233305,-0.5394775295
2.8924921178,-0.7246429515
2.5129294490,-0.9850766771
3.0490734036,-0.8540693783
2.2731331747,-1.1727319704
3.1099236959,-0.5603986772
3.0433249695,-0.8527945259
2.2919126580,-1.1565332605
3.1316776301,-0.5424711315
3.0684402145,-0.8512406176
2.1762313275,-1.2550086775
3.0032961974,-0.6424495388
3.1377653023,-0.8435356290
3.0687830029,-0.9181030325
2.4675131931,-1.0193819402
2.5104596932,-1.0444746275
2.8050717834,-1.0020894100
3.1177819575,-0.8493031125
2.3713529625,-1.2154021798
3.0520693075,-0.8521801447
2.2447377120,-1.1948374763
3.0795977068,-0.5831038847
3.0273728305,-0.9140374606
2.6692167474,-0.8640799437
2.7619887264,-0.8315755766
3.0457799325,-0.8049916171
2.1646703288,-1.2871130023
2.9712785697,-0.6650014886
2.5045398472,-1.1560121227
3.0809548195,-0.8510491331
2.1554318759,-1.2827660306
2.9757911265,-0.6640773163
2.5630340487,-1.1256246555
3.0512314874,-0.8015157389
2.1799470258,-1.2891498558
2.9794526111,-0.6601057506
2.7677565199,-1.0374482153
2.5831182559,-0.9813931015
2.6063760033,-0.9570364833
3.0171723289,-0.4882493972
3.0639795097,-0.7927443573
2.2786348733,-1.2554888209
3.0700103714,-0.5920421385
3.0271100349,-0.8432463258
2.3195254519,-1.1369928935
3.0296748813,-0.8296734629
2.2458782513,-1.1961173902
3.0730090400,-0.5832346417
3.0236143181,-0.9171581736
2.7178948977,-0.8281614264
3.0312396211,-0.8370871302
2.2822884706,-1.1634727275
3.1218241662,-0.5494263133
3.1414242896,-0.8432656375
2.4444518553,-1.1180740429
3.0410915069,-0.8470261173
2.2772995899,-1.1680889389
3.1157378046,-0.5547229841
2.7349917319,-0.7030071616
3.1188733150,-0.5219817630
2.7888432654,-0.8105252555
3.0368338106,-0.8445781826
2.2857130922,-1.1662666593
3.1147557706,-0.5530502127
2.9119187640,-0.5669027605
3.1025510901,-0.9051094109
2.2124928158,-1.2215915380
3.0442524028,-0.6104471335
2.4625642549,-1.0897999418
3.0938648354,-0.8490923357
2.1786365131,-1.2892287150
2.9876316142,-0.6539411443
2.5845428336,-0.9770335058
2.8308994909,-0.7732837008
3.0149577285,-0.5983549972
2.6520306888,-1.0643296521
2.8103406354,-0.7918596279
3.0344512683,-0.8418654658
2.2863144364,-1.1602338810
3.1262687815,-0.5459624842
2.4974736811,-1.1226324688
3.1280678886,-0.8414934833
2.8469817318,-1.0011092179
2.6509176819,-1.0649494422
2.6307343862,-0.9379159304
2.2526516595,-1.0562426187
3.0382199968,-0.8219447649
2.1912498702,-1.2393253069
3.0215085869,-0.6272376442
2.6368703840,-1.0725869698
2.5109166899,-1.1184049986
3.0889121360,-0.8492293883
2.1766213952,-1.2898375410
2.9781023444,-0.6581244873
2.8394063660,-1.0038387852
2.9412703075,-0.5487750548
2.5428447154,-1.0116182552
3.0581669968,-0.7886877410
2.3023439080,-1.2461163119
3.0848900632,-0.5744034242
2.6292621955,-1.0755778983
3.0851225205,-0.8520905695
2.1543715140,-1.2878457430
2.9728102752,-0.6656634806
2.4877845716,-1.1599945265
3.0653451510,-0.8526329330
2.1963658527,-1.2379360958
3.0245774607,-0.6272859887
2.6733862726,-1.0565372482
2.2329744047,-1.0752071698
3.1265269160,-0.5430860737
2.7166356455,-0.7191702546
3.0492318576,-0.8101113742
2.1565300521,-1.2845148197
2.9753912506,-0.6649868977
2.5307864598,-1.1410585893
3.1369216784,-0.8437247934
3.0280686873,-0.9325654877
2.7828970738,-0.7752766703
3.0783276834,-0.8517229043
2.1641538994,-1.2797325937
2.9746824216,-0.6624304503
2.6180130947,-1.1037545941
3.0736608905,-0.7801645205
2.6274912760,-1.0959921237
2.5176163954,-1.0345234094
3.0322048360,-0.9123825208
2.6327724061,-0.8923301261
2.4439041687,-1.1291539094
3.0372598527,-0.8425861165
2.2782379918,-1.1673737246
3.1167373650,-0.5539734322
2.4451565089,-1.1320942454
3.0359281832,-0.8428699282
2.2771085499,-1.1665690665
3.1171275242,-0.5521425904
2.5197101384,-0.8652531096
3.0657600395,-0.4497047856
2.9761539934,-0.9327223665
3.0060416170,-0.6056595827
3.0147716944,-0.9204012615
2.7827293190,-0.7782011283
3.0918270279,-0.7665644665
2.5894182345,-0.8128481585
2.6001640948,-0.9618381936
2.3166458633,-1.0130826848
3.0510378263,-0.8046729111
2.1605239798,-1.2908139702
2.9752708178,-0.6635724416
2.5872590630,-1.1190803538
3.0831407938,-0.7684177961
2.1765250801,-1.1097885067
3.0785104318,-0.5828505885
3.0107111973,-0.9200047387
2.7911296875,-0.7699541199
3.0380404564,-0.8136220337
2.1704629536,-1.2654397942
2.9868307729,-0.6508469671
2.3122511026,-1.0151116497
3.0508933937,-0.8007825477
2.1818234659,-1.2889855705
2.9814988945,-0.6564870231
2.9734057186,-0.9506399506
3.0859325006,-0.5422842065
3.0326200606,-0.8186132360
2.1955934158,-1.2395211063
3.0230233330,-0.6290766465
2.8976093667,-0.7215003757
2.4740007777,-1.0162092211
2.5103381606,-1.1212689133
2.4513198035,-1.1064804021
3.0545154876,-0.8514171853
2.2298620449,-1.2071218223
3.0632545142,-0.5957732315
2.4455222345,-1.1328891350
3.0352336448,-0.8432472317
2.2876158625,-1.1646083449
3.1169899223,-0.5511987072
2.8266440738,-0.7806767977
3.0639550771,-0.5587064163
2.6251894520,-1.0753131892
3.0592459038,-0.7949942578
2.2301842174,-1.2735669802
3.0288839048,-0.6226225977
2.4808763639,-0.8948335633
3.0606729866,-0.7894474058
2.3101257675,-1.2439865407
3.0904007143,-0.5720484258
2.4840868220,-1.1281805960
3.0809871368,-0.8508465427
2.1547164557,-1.2835013185
2.9750732579,-0.6643325031
2.5478535425,-1.1324324519
2.8356324062,-0.6296071152
2.4010719642,-1.0710330803
3.0352152865,-0.8439900889
2.2858861725,-1.1650731804
3.1159665654,-0.5511684098
2.2501193032,-1.0609790045
3.1022862826,-0.8507209513
2.2071352905,-1.2823169592
3.0084462107,-0.6405805411
2.4429993539,-1.1250124225
3.0380165957,-0.8437635824
2.2800142036,-1.1660545018
3.1185899301,-0.5526302737
2.7814523562,-0.6660771637
2.8292822963,-0.7410710881
2.9225286203,-0.6661690385
2.1631106731,-1.2780753214
2.9754467731,-0.6602354419
2.7089575826,-1.0610739601
3.1164252501,-0.4146934392
3.0711067646,-0.9025756394
2.3595647681,-1.1013720354
3.0729420640,-0.7762387760
2.7805606163,-1.0295759982
2.4387523564,-1.1207606621
3.0360087301,-0.8444835428
2.2862587557,-1.1652089865
3.1159583431,-0.5515641420
2.5416377238,-1.0157122401
3.1073845969,-0.8463987419
2.3252430116,-1.2364409381
3.1058093427,-0.5582103469
3.0922897741,-0.8530585829
2.1642074309,-1.2900702575
2.9769940180,-0.6650113057
2.5466142463,-1.1346361430
2.6606971875,-0.7610111090
3.0249788532,-0.8368223221
2.2951929806,-1.1552054589
3.1340499236,-0.5417768680
2.6120690580,-1.0827701957
3.0196515375,-0.9191518795
2.7533788190,-0.8013152236
3.0566335441,-0.8546348693
2.2332388779,-1.2044790101
3.0668174332,-0.5931531502
3.1243697198,-0.8422878026
2.7044016077,-1.0639157698
3.0983295426,-0.7550033933
2.4460661847,-1.1331928343
3.0350153048,-0.8437166903
2.2863173990,-1.1648313832
3.1163435745,-0.5509686422
2.9845806548,-0.9325024839
2.9788381225,-0.6227632749
2.6683754031,-1.0579066934
2.4917270391,-1.0620904441
2.4625712994,-1.1318345231
3.0501762501,-0.8490069949
2.2234453234,-1.2144434916
3.0544928174,-0.6041552305
3.0595166346,-0.8549125529
2.2237754196,-1.2130072568
3.0558629576,-0.6021572078
3.1343189907,-0.8456323694
2.8281252531,-1.0069944223
2.5366907383,-1.0223989761
3.0304120367,-0.8460265306
2.3214206045,-1.1367353053
3.0310026084,-0.8304211977
2.2490797948,-1.1948257144
3.0753177214,-0.5825844164
3.0077388127,-0.9239149844
2.8341394219,-0.7332086916
2.8571066990,-0.7189542006
2.6937561483,-0.8414925871
2.3828199617,-0.9681198542
3.1025653075,-0.8493649327
2.2187409595,-1.2780898134
3.0186337356,-0.6315401922
2.7480679668,-1.0258632795
2.8080846788,-0.6473839818
2.6288790257,-0.8979317052
3.0424243265,-0.8154077429
2.1691595538,-1.2633367064
2.9943170146,-0.6499069991
3.0304873863,-0.8243878910
2.2254006282,-1.2139761579
3.0496028690,-0.6020310362
3.0550440150,-0.8519327845
2.2135959167,-1.2230218519
3.0434801952,-0.6128366610
2.6834999438,-0.8982898107
2.4745279497,-1.1304833030
3.0630753338,-0.8514737016
2.1903093047,-1.2403453251
3.0202987318,-0.6283532557
3.0920554371,-0.8519138830
2.1655796321,-1.2901938787
2.9777368692,-0.6646134000
2.5667400179,-1.1254445772
2.4821037921,-1.1287380145
3.0766021085,-0.8512318426
2.1585216865,-1.2753348807
2.9816301443,-0.6592142760
2.8225425915,-1.0084321670
2.6178182511,-0.7933497010
2.4634058432,-1.0833692866
3.1140224621,-0.8435830553
2.4618847280,-1.1746933542
3.0334867430,-0.8332982901
2.2564071897,-1.1903641212
3.0819925913,-0.5787387730
2.5193741577,-1.1175433397
2.4573040590,-1.0994227777
3.0689184473,-0.8522677119
2.1808568301,-1.2517113074
3.0076475779,-0.6399022462
2.4548309491,-1.1007952589
3.0649613925,-0.8518022467
2.1877790474,-1.2436075766
3.0167032202,-0.6318191896
2.5046731970,-1.0432144234
3.0897024447,-0.7667915445
3.0954506126,-0.7559172481
2.7022467400,-1.0444215653
2.7921567821,-0.6626577923
2.7863133857,-0.7724164117
3.0427200192,-0.8121975981
2.1591233703,-1.2730032353
2.9834548357,-0.6570806555
2.9662973502,-0.9556774159
3.1344721110,-0.5082883162
3.1196160914,-0.8452752717
2.5082556447,-1.1552800560
3.0865343137,-0.8513437824
2.1584152861,-1.2877148892
2.9747298069,-0.6661758643
2.4904542951,-1.1602647486
3.0579804384,-0.8501252591
2.2045291216,-1.2331972565
3.0253392778,-0.6217789052
2.3649062965,-0.9788011263
3.0623436768,-0.8513496230
2.1914850377,-1.2389599317
3.0218728856,-0.6268988311
2.6690160526,-0.9052963379
2.2070337490,-1.0911945382
3.1020068570,-0.5594428855
3.0535089217,-0.8044367870
2.1667155170,-1.2901032770
2.9784960946,-0.6640407170
2.5936367557,-1.1130138185
3.0449631627,-0.8529886953
2.2835912054,-1.1631282104
3.1225762143,-0.5494931340
2.8792301822,-0.9699587396
3.0304736934,-0.8352236402
2.2730227353,-1.1699829887
3.1125069053,-0.5558435589
2.6456701247,-1.0695165700
3.0562890956,-0.8526059052
2.2175413199,-1.2212711728
3.0403297889,-0.6097423194
2.4586641317,-1.1329615423
3.0436498995,-0.8485329574
2.2665780609,-1.1815931138
3.0936849782,-0.5692869421
2.6752587695,-1.0550333295
2.9272301653,-0.5583460283
2.9100351429,-0.5709420036
2.8651385575,-0.9898992430
2.4429113032,-1.1326492918
3.0337814862,-0.8423634573
2.2858114986,-1.1650436198
3.1159716801,-0.5510819349
3.0657079088,-0.8548885998
2.2003597339,-1.2338907916
3.0294068215,-0.6232014968
2.0836828546,-1.1725614553
2.9862307895,-0.6553492997
3.0639852783,-0.9147130785
2.4564994793,-1.0299214821
3.1063826092,-0.8492183111
2.2569512132,-1.2629128047
3.0526815894,-0.6030628797
3.0635757124,-0.8532373531
2.1998274572,-1.2392675741
3.0185435071,-0.6283930126
3.0863072354,-0.8505858354
2.1680208671,-1.2892588831
2.9723119996,-0.6642171737
2.5375609127,-1.1407269028
3.0577541070,-0.9081213550
2.4763371955,-1.0114084424
3.0348855790,-0.8249580765
2.2139514017,-1.2193044443
3.0468154378,-0.6074920545
2.5697283012,-0.9941164019
3.0103185627,-0.9216572435
2.8099465689,-0.7568924397
3.0552869804,-0.5669601375
2.8365267205,-0.9898784580
2.8175988162,-0.7906957055
3.1304905056,-0.5115462894
2.8929293211,-0.9680223301
3.0373773389,-0.8468101003
2.2886941078,-1.1576146066
3.1295773684,-0.5427490777
2.7390205925,-1.0289161370
2.8055601484,-0.7996289000
3.1136060905,-0.7468226497
2.6473073506,-0.9290882580
2.7019714769,-0.7287592732
3.0469244126,-0.8490934828
2.2495091015,-1.1949592456
3.0753306637,-0.5830182692
3.0073985305,-0.9244635678
2.8408629935,-0.7284504445
2.8087606034,-0.7565325575
3.0507150345,-0.5687970281
2.7728650150,-0.6776607529
2.9313943658,-0.6615195533
2.1717887377,-1.2885456568
2.9747990403,-0.6630478505
2.5998819843,-1.1125619656
3.0499860277,-0.8524736989
2.2462025484,-1.1972658666
3.0720502500,-0.5852137649
3.0652920330,-0.9040027354
2.3980067071,-1.0707560504
3.0329438586,-0.8433680410
2.2817001691,-1.1659906060
3.1192134058,-0.5533023479
3.0320620131,-0.8428994551
2.3073857687,-1.1440223512
2.9265257328,-0.9564251709
3.0475895802,-0.8499017564
2.2602992844,-1.1826353649
3.0962552301,-0.5705922254
2.8074901792,-1.0017535050
3.0499201205,-0.8527596791
2.2514604275,-1.1936993462
3.0771707172,-0.5818906443
3.0399731767,-0.9133230591
2.6066662826,-0.9095372308
3.0837803149,-0.8495223278
2.1672198755,-1.2871508342
2.9723781087,-0.6655441387
2.4990864508,-1.1595815439
3.0657154201,-0.8524112974
2.1923443601,-1.2410219205
3.0205387770,-0.6300007674
2.1960886111,-1.0994050998
3.0899947384,-0.5697208897
3.0312877487,-0.8303547563
2.2458629330,-1.1915381788
3.0830272855,-0.5783713458
2.4496295304,-1.1087169118
3.0509703323,-0.8508049564
2.2429809999,-1.1959693691
3.0779497679,-0.5841166672
3.0026429944,-0.9225810723
2.8425392418,-0.7300699525
2.8179767736,-0.7459886062
2.9724724150,-0.6308171796
2.4369427907,-1.1286207663
3.0325201893,-0.8408828635
2.2834550167,-1.1664827324
3.1137999362,-0.5523608345
2.4466218971,-1.1327338959
3.0361109737,-0.8435639061
2.2771900499,-1.1661391382
3.1175656471,-0.5514769563
2.7770562062,-0.8187562669
3.1014918428,-0.8467716887
2.2535530193,-1.2668387239
3.0399853668,-0.6111283938
2.5229462188,-1.1156931677
2.4440806510,-1.1261868605
3.0385046472,-0.8435584108
2.2805100108,-1.1663789683
3.1184465473,-0.5533869360
3.0862377008,-0.8506108685
2.1678057589,-1.2892896536
2.9722009234,-0.6641888625
2.5373687127,-1.1407268432
2.5152525418,-0.8684767130
2.4534551364,-1.1029232108
3.0606889291,-0.8517934330
2.2037688183,-1.2292407845
3.0345579696,-0.6179532407
2.4557191830,-1.0967389777
3.0730390220,-0.8507078398
2.1720632103,-1.2693258358
2.9847256849,-0.6555154967
3.0756374370,-0.9152709846
2.4078195048,-1.0654446487
3.0423373988,-0.8480543804
2.2678188082,-1.1799304103
3.0956783621,-0.5671681254
3.0347095174,-0.8489051742
2.3083797617,-1.1411715551
3.0591844739,-0.8517339094
2.2122349195,-1.2282659517
3.0323772624,-0.6177555967
2.7161414998,-0.8676203520
3.0319242026,-0.8318745359
2.2546276843,-1.1854948059
3.0916536871,-0.5726189838
2.4343292073,-1.1205079703
3.0413191124,-0.8466564014
2.2811682281,-1.1661966564
3.1188386535,-0.5533961835
3.1296016982,-0.7267575046
2.4731191633,-1.0803178653
3.1300012090,-0.8445923837
2.7296491950,-1.0497772615
2.3166767470,-1.0141073892
3.0516071048,-0.8038417668
2.1631359343,-1.2910210128
2.9768544166,-0.6622573959
2.6503061699,-1.0901194850
3.0735461351,-0.7825685459
2.5665348334,-1.1248123566
3.1083088737,-0.8457250045
2.3385186047,-1.2310776628
3.1175637824,-0.5497050174
2.4432828537,-1.1265626684
3.0378127457,-0.8432117469
2.2794834348,-1.1666300654
3.1178633903,-0.5533278465
3.1290320485,-0.8434515311
2.8095924941,-1.0177503393
2.5642549477,-0.8308204899
2.8017850949,-0.8035036288
3.0609516804,-0.7983337152
2.2173638362,-1.2788136022
3.0170297297,-0.6335932462
2.5538387155,-1.1042250932
2.4965591868,-1.0573165625
2.8801695294,-0.9714277714
3.0418378539,-0.8520936318
2.2994995399,-1.1509442137
3.1395795257,-0.5367460422
2.5099584090,-1.0405673652
3.0785900200,-0.8496348074
2.1614223220,-1.2840823928
2.9710809316,-0.6642505751
2.5239610506,-1.1463677331
2.3608971606,-0.9815241667
3.0562232915,-0.8503254240
2.2146616289,-1.2249171828
3.0361297847,-0.6138988983
3.0644302249,-0.4514262142
3.0403804312,-0.8091970048
2.1631528993,-1.2769340109
2.9760111133,-0.6599195709
2.7285012881,-1.0524433267
2.4493619915,-1.1031944760
3.0575794707,-0.8505014706
2.2112134225,-1.2283020271
3.0319650624,-0.6174140916
3.1231121668,-0.8446861294
2.6143183007,-1.1052933680
2.4895970459,-1.0619585756
2.4723037887,-1.1313476374
3.0577540172,-0.8518631518
2.2188553041,-1.2168304789
3.0507382350,-0.6058543253
3.0528199267,-0.7982422536
2.1958534767,-1.2862589112
2.9914877871,-0.6498937270
2.0693117636,-1.1825458480
2.9724507178,-0.6653201340
2.4753813639,-1.1664100897
3.0376702591,-0.8462383424
2.2729279056,-1.1736922910
3.1033455345,-0.5593645705
3.0440813963,-0.8157706058
2.1707918482,-1.2637885000
2.9946575562,-0.6509185936
2.8083763572,-0.6481684959
2.6254609276,-0.8997484021
2.4403911812,-1.1197756229
3.0375200551,-0.8453025981
2.2870114765,-1.1655378311
3.1158899368,-0.5524520235
2.3231658718,-1.0104436497
3.0461570503,-0.8133478165
2.1590774272,-1.2758806992
2.9815507662,-0.6597098230
2.7986506617,-1.0191234055
2.4712206905,-1.0765168998
2.4414958851,-1.1126506910
3.0419033347,-0.8478748685
2.2659227643,-1.1808317557
3.0941806953,-0.5677739659
3.0294597807,-0.8414582370
2.3034793389,-1.1451313356
3.0319288763,-0.8453977207
2.3151300931,-1.1371016729
3.0383502231,-0.8224440036
2.1935459179,-1.2376063880
3.0237864589,-0.6257309158
3.0831335314,-0.7695114038
2.4689003675,-1.0803533291
3.1276914657,-0.8426681176
2.7759434692,-1.0328452766
2.6205602652,-1.0783406661
2.6532666540,-0.7652772916
3.1209590671,-0.8490407477
2.4199050084,-1.1936818881
3.1035448467,-0.7514492965
2.5505209860,-1.1063653933
2.4924012463,-0.8858290895
3.0360865365,-0.9121970718
2.6165702576,-0.9060154751
2.4439127851,-1.1148007092
3.0422401206,-0.8480069760
2.2669593156,-1.1748341235
3.1058496037,-0.5610143907
3.0462375320,-0.8067272408
2.1658757391,-1.2848644359
2.9727557625,-0.6650598625
2.5158633616,-1.1517165868
3.1073410077,-0.8489503049
2.2569474107,-1.2640196629
3.0511488179,-0.6063538895
3.0679119849,-0.8538927940
2.1818405626,-1.2486020419
3.0104428378,-0.6362813283
2.4443966764,-1.1114535632
3.0448652946,-0.8489251635
2.2638036034,-1.1841873927
3.0902953760,-0.5722096066
2.4604134315,-1.0947058504
3.0803155588,-0.8514412387
2.1571492088,-1.2804298221
2.9778784722,-0.6629701268
2.6223211059,-1.0986292870
2.6331837577,-0.9334583299
2.8295341312,-0.9906831182
2.9616759730,-0.9427351797
3.1086970019,-0.5267530300
2.4500292261,-1.1073884374
3.0526045855,-0.8510100527
2.2345972943,-1.2026189908
3.0689699140,-0.5908640326
2.5440278907,-0.8482838390
2.6925535464,-1.0490896437
2.6316890821,-1.0734501464
3.1148455401,-0.4133835610
3.0019712405,-0.9241535010
2.8605907154,-0.7174759785
2.6788474961,-0.8546031333
2.6541425516,-0.9172022318
2.5794526348,-0.9782782016
3.0319240557,-0.9128468266
2.6392358123,-0.8876802798
3.0593180829,-0.7969219405
2.2155865653,-1.2792498122
3.0158052452,-0.6341535430
2.4995968014,-1.1220684677
3.1336095790,-0.8407769063
3.0608579374,-0.9183251471
2.5009576118,-0.9909786703
3.0358064499,-0.8216459857
